timestamp;buyer;seller;symbol;currency;price;quantity
0;;SUBMISSION;VELVETFRUIT_EXTRACT;XIRECS;5293.0;42
0;;SUBMISSION;VELVETFRUIT_EXTRACT;XIRECS;5293.0;22
0;;SUBMISSION;VEV_5000;XIRECS;293.0;14
0;;SUBMISSION;VEV_5000;XIRECS;293.0;7
0;;SUBMISSION;VEV_5100;XIRECS;199.0;14
0;;SUBMISSION;VEV_5100;XIRECS;199.0;7
0;;SUBMISSION;VEV_5200;XIRECS;118.0;7
0;;SUBMISSION;VEV_5200;XIRECS;117.0;14
0;;SUBMISSION;VEV_5300;XIRECS;57.0;14
0;;SUBMISSION;VEV_5300;XIRECS;57.0;7
100;;SUBMISSION;VELVETFRUIT_EXTRACT;XIRECS;5294.0;16
100;;SUBMISSION;VELVETFRUIT_EXTRACT;XIRECS;5293.0;37
100;;SUBMISSION;VEV_5000;XIRECS;297.0;4
100;;SUBMISSION;VEV_5000;XIRECS;294.0;7
100;;SUBMISSION;VEV_5000;XIRECS;293.0;20
100;;SUBMISSION;VEV_5100;XIRECS;202.0;4
100;;SUBMISSION;VEV_5100;XIRECS;200.0;7
100;;SUBMISSION;VEV_5100;XIRECS;199.0;20
100;;SUBMISSION;VEV_5200;XIRECS;119.0;4
100;;SUBMISSION;VEV_5200;XIRECS;118.0;20
100;;SUBMISSION;VEV_5200;XIRECS;118.0;7
100;;SUBMISSION;VEV_5300;XIRECS;58.0;4
100;;SUBMISSION;VEV_5300;XIRECS;57.0;10
100;;SUBMISSION;VEV_5300;XIRECS;57.0;8
200;;SUBMISSION;VELVETFRUIT_EXTRACT;XIRECS;5294.0;20
200;;SUBMISSION;VELVETFRUIT_EXTRACT;XIRECS;5293.0;42
200;;SUBMISSION;VEV_5000;XIRECS;294.0;14
200;;SUBMISSION;VEV_5000;XIRECS;294.0;6
200;;SUBMISSION;VEV_5100;XIRECS;200.0;6
200;;SUBMISSION;VEV_5100;XIRECS;199.0;14
200;;SUBMISSION;VEV_5200;XIRECS;118.0;14
200;;SUBMISSION;VEV_5200;XIRECS;118.0;6
200;;SUBMISSION;VEV_5300;XIRECS;57.0;14
200;;SUBMISSION;VEV_5300;XIRECS;57.0;7
300;;SUBMISSION;VELVETFRUIT_EXTRACT;XIRECS;5294.0;21
300;;SUBMISSION;VEV_5000;XIRECS;294.0;7
300;;SUBMISSION;VEV_5000;XIRECS;293.0;18
300;;SUBMISSION;VEV_5100;XIRECS;200.0;7
300;;SUBMISSION;VEV_5100;XIRECS;199.0;18
300;;SUBMISSION;VEV_5200;XIRECS;118.0;18
300;;SUBMISSION;VEV_5200;XIRECS;118.0;7
300;;SUBMISSION;VEV_5300;XIRECS;57.0;19
300;;SUBMISSION;VEV_5300;XIRECS;57.0;8
400;;SUBMISSION;VEV_5000;XIRECS;293.0;11
400;;SUBMISSION;VEV_5000;XIRECS;292.0;13
400;;SUBMISSION;VEV_5100;XIRECS;199.0;11
400;;SUBMISSION;VEV_5100;XIRECS;198.0;13
400;;SUBMISSION;VEV_5200;XIRECS;117.0;13
400;;SUBMISSION;VEV_5200;XIRECS;117.0;11
400;;SUBMISSION;VEV_5300;XIRECS;57.0;19
400;;SUBMISSION;VEV_5300;XIRECS;57.0;9
500;;SUBMISSION;VEV_5000;XIRECS;293.0;8
500;;SUBMISSION;VEV_5000;XIRECS;292.0;18
500;;SUBMISSION;VEV_5100;XIRECS;198.0;18
500;;SUBMISSION;VEV_5100;XIRECS;198.0;8
500;;SUBMISSION;VEV_5200;XIRECS;117.0;18
500;;SUBMISSION;VEV_5200;XIRECS;117.0;8
500;;SUBMISSION;VEV_5300;XIRECS;57.0;16
500;;SUBMISSION;VEV_5300;XIRECS;57.0;10
600;;SUBMISSION;VEV_5000;XIRECS;293.0;7
600;;SUBMISSION;VEV_5000;XIRECS;292.0;13
600;;SUBMISSION;VEV_5100;XIRECS;199.0;7
600;;SUBMISSION;VEV_5100;XIRECS;198.0;13
600;;SUBMISSION;VEV_5200;XIRECS;117.0;13
600;;SUBMISSION;VEV_5200;XIRECS;117.0;7
600;;SUBMISSION;VEV_5300;XIRECS;57.0;20
600;;SUBMISSION;VEV_5300;XIRECS;57.0;9
700;;SUBMISSION;VEV_5000;XIRECS;294.0;8
700;;SUBMISSION;VEV_5000;XIRECS;293.0;12
700;;SUBMISSION;VEV_5100;XIRECS;199.0;12
700;;SUBMISSION;VEV_5100;XIRECS;199.0;8
700;;SUBMISSION;VEV_5200;XIRECS;118.0;12
700;;SUBMISSION;VEV_5200;XIRECS;118.0;8
700;;SUBMISSION;VEV_5300;XIRECS;57.0;18
700;;SUBMISSION;VEV_5300;XIRECS;57.0;5
800;;SUBMISSION;VEV_5000;XIRECS;295.0;6
800;;SUBMISSION;VEV_5000;XIRECS;294.0;22
800;;SUBMISSION;VEV_5100;XIRECS;201.0;6
800;;SUBMISSION;VEV_5100;XIRECS;200.0;22
800;;SUBMISSION;VEV_5200;XIRECS;119.0;22
800;;SUBMISSION;VEV_5200;XIRECS;119.0;6
800;;SUBMISSION;VEV_5300;XIRECS;58.0;10
800;;SUBMISSION;VEV_5300;XIRECS;58.0;5
900;;SUBMISSION;VEV_5000;XIRECS;294.0;13
900;;SUBMISSION;VEV_5000;XIRECS;294.0;9
900;;SUBMISSION;VEV_5100;XIRECS;200.0;13
900;;SUBMISSION;VEV_5100;XIRECS;200.0;9
900;;SUBMISSION;VEV_5200;XIRECS;118.0;13
900;;SUBMISSION;VEV_5200;XIRECS;118.0;9
900;;SUBMISSION;VEV_5300;XIRECS;58.0;5
900;;SUBMISSION;VEV_5300;XIRECS;57.0;17
1000;;SUBMISSION;VEV_5000;XIRECS;295.0;8
1000;;SUBMISSION;VEV_5100;XIRECS;200.0;23
1000;;SUBMISSION;VEV_5100;XIRECS;200.0;9
1000;;SUBMISSION;VEV_5200;XIRECS;119.0;9
1000;;SUBMISSION;VEV_5200;XIRECS;118.0;23
1000;;SUBMISSION;VEV_5300;XIRECS;58.0;12
1000;;SUBMISSION;VEV_5300;XIRECS;58.0;10
1100;;SUBMISSION;VEV_5100;XIRECS;201.0;8
1100;;SUBMISSION;VEV_5200;XIRECS;119.0;15
1100;;SUBMISSION;VEV_5200;XIRECS;119.0;10
1100;;SUBMISSION;VEV_5300;XIRECS;58.0;18
1100;;SUBMISSION;VEV_5300;XIRECS;58.0;6
1200;;SUBMISSION;VEV_5200;XIRECS;120.0;6
1200;;SUBMISSION;VEV_5300;XIRECS;58.0;17
1200;;SUBMISSION;VEV_5300;XIRECS;58.0;3
1700;;;VEV_4000;XIRECS;1287.0;2
2400;;SUBMISSION;HYDROGEL_PACK;XIRECS;10014.0;4
4300;;SUBMISSION;HYDROGEL_PACK;XIRECS;10009.0;15
4400;;SUBMISSION;HYDROGEL_PACK;XIRECS;10012.0;12
4400;;SUBMISSION;HYDROGEL_PACK;XIRECS;10010.0;13
4400;;SUBMISSION;HYDROGEL_PACK;XIRECS;10013.0;6
4500;;SUBMISSION;HYDROGEL_PACK;XIRECS;10010.0;11
4500;;;HYDROGEL_PACK;XIRECS;10008.0;3
4600;;SUBMISSION;HYDROGEL_PACK;XIRECS;10015.0;9
4800;;SUBMISSION;HYDROGEL_PACK;XIRECS;10009.0;10
4900;;SUBMISSION;HYDROGEL_PACK;XIRECS;10012.0;13
4900;;SUBMISSION;HYDROGEL_PACK;XIRECS;10009.0;12
5000;;SUBMISSION;HYDROGEL_PACK;XIRECS;10011.0;10
5000;;SUBMISSION;HYDROGEL_PACK;XIRECS;10009.0;15
5100;;SUBMISSION;HYDROGEL_PACK;XIRECS;10012.0;13
5100;;SUBMISSION;HYDROGEL_PACK;XIRECS;10009.0;12
5200;;SUBMISSION;HYDROGEL_PACK;XIRECS;10015.0;14
5200;;SUBMISSION;HYDROGEL_PACK;XIRECS;10012.0;11
5300;;SUBMISSION;HYDROGEL_PACK;XIRECS;10016.0;14
5300;;SUBMISSION;HYDROGEL_PACK;XIRECS;10013.0;6
8100;;;HYDROGEL_PACK;XIRECS;10008.0;5
8700;;;VEV_4000;XIRECS;1310.0;2
10600;;;VELVETFRUIT_EXTRACT;XIRECS;5296.0;3
14200;;;VELVETFRUIT_EXTRACT;XIRECS;5293.0;5
17100;;;VELVETFRUIT_EXTRACT;XIRECS;5283.0;5
18600;;;VELVETFRUIT_EXTRACT;XIRECS;5275.0;3
18700;;;HYDROGEL_PACK;XIRECS;10004.0;2
19200;;;HYDROGEL_PACK;XIRECS;10020.0;4
19500;;;HYDROGEL_PACK;XIRECS;10019.0;2
20100;;;VELVETFRUIT_EXTRACT;XIRECS;5279.0;5
21100;SUBMISSION;;VELVETFRUIT_EXTRACT;XIRECS;5276.0;41
21100;SUBMISSION;;VELVETFRUIT_EXTRACT;XIRECS;5276.0;24
21100;SUBMISSION;;VEV_5000;XIRECS;278.0;6
21100;SUBMISSION;;VEV_5000;XIRECS;279.0;12
21100;SUBMISSION;;VEV_5100;XIRECS;184.0;6
21100;SUBMISSION;;VEV_5100;XIRECS;185.0;12
21100;SUBMISSION;;VEV_5200;XIRECS;105.0;12
21100;SUBMISSION;;VEV_5200;XIRECS;105.0;6
21100;SUBMISSION;;VEV_5300;XIRECS;49.0;20
21100;SUBMISSION;;VEV_5300;XIRECS;49.0;8
21200;;SUBMISSION;VELVETFRUIT_EXTRACT;XIRECS;5270.0;20
21200;;SUBMISSION;VELVETFRUIT_EXTRACT;XIRECS;5269.0;45
21200;;SUBMISSION;VEV_5000;XIRECS;271.0;11
21200;;SUBMISSION;VEV_5000;XIRECS;270.0;7
21200;;SUBMISSION;VEV_5100;XIRECS;179.0;11
21200;;SUBMISSION;VEV_5100;XIRECS;178.0;7
21200;;SUBMISSION;VEV_5200;XIRECS;101.0;18
21200;;SUBMISSION;VEV_5300;XIRECS;47.0;10
21200;;SUBMISSION;VEV_5300;XIRECS;46.0;13
21300;SUBMISSION;;VELVETFRUIT_EXTRACT;XIRECS;5275.0;16
21300;SUBMISSION;;VELVETFRUIT_EXTRACT;XIRECS;5276.0;36
21300;SUBMISSION;;VEV_5000;XIRECS;278.0;15
21300;SUBMISSION;;VEV_5000;XIRECS;278.0;12
21300;SUBMISSION;;VEV_5100;XIRECS;183.0;12
21300;SUBMISSION;;VEV_5100;XIRECS;184.0;15
21300;SUBMISSION;;VEV_5200;XIRECS;104.0;12
21300;SUBMISSION;;VEV_5200;XIRECS;105.0;15
21300;SUBMISSION;;VEV_5300;XIRECS;49.0;11
21300;SUBMISSION;;VEV_5300;XIRECS;49.0;7
21500;;SUBMISSION;VELVETFRUIT_EXTRACT;XIRECS;5274.0;6
21500;;SUBMISSION;VELVETFRUIT_EXTRACT;XIRECS;5272.0;23
21500;;SUBMISSION;VELVETFRUIT_EXTRACT;XIRECS;5271.0;23
21500;;SUBMISSION;VEV_5000;XIRECS;273.0;6
21500;;SUBMISSION;VEV_5000;XIRECS;272.0;14
21500;;SUBMISSION;VEV_5100;XIRECS;180.0;14
21500;;SUBMISSION;VEV_5100;XIRECS;180.0;6
21500;;SUBMISSION;VEV_5200;XIRECS;103.0;6
21500;;SUBMISSION;VEV_5200;XIRECS;102.0;14
21500;;SUBMISSION;VEV_5300;XIRECS;47.0;17
21500;;SUBMISSION;VEV_5300;XIRECS;47.0;6
21600;SUBMISSION;;VELVETFRUIT_EXTRACT;XIRECS;5277.0;36
21600;SUBMISSION;;VELVETFRUIT_EXTRACT;XIRECS;5277.0;20
21600;SUBMISSION;;VEV_5000;XIRECS;279.0;9
21600;SUBMISSION;;VEV_5000;XIRECS;280.0;14
21600;SUBMISSION;;VEV_5100;XIRECS;185.0;14
21600;SUBMISSION;;VEV_5100;XIRECS;185.0;9
21600;SUBMISSION;;VEV_5200;XIRECS;106.0;14
21600;SUBMISSION;;VEV_5200;XIRECS;106.0;9
21600;SUBMISSION;;VEV_5300;XIRECS;49.0;6
21600;SUBMISSION;;VEV_5300;XIRECS;50.0;14
21700;;SUBMISSION;VELVETFRUIT_EXTRACT;XIRECS;5273.0;24
21700;;SUBMISSION;VELVETFRUIT_EXTRACT;XIRECS;5272.0;32
21700;;SUBMISSION;VEV_5000;XIRECS;274.0;12
21700;;SUBMISSION;VEV_5000;XIRECS;273.0;18
21700;;SUBMISSION;VEV_5100;XIRECS;181.0;22
21700;;SUBMISSION;VEV_5100;XIRECS;181.0;8
21700;;SUBMISSION;VEV_5200;XIRECS;103.0;22
21700;;SUBMISSION;VEV_5200;XIRECS;103.0;8
21700;;SUBMISSION;VEV_5300;XIRECS;48.0;13
21700;;SUBMISSION;VEV_5300;XIRECS;48.0;5
21800;;SUBMISSION;VEV_5300;XIRECS;49.0;2
22300;;;HYDROGEL_PACK;XIRECS;10037.0;4
22500;;;HYDROGEL_PACK;XIRECS;10041.0;6
22800;SUBMISSION;;VELVETFRUIT_EXTRACT;XIRECS;5275.0;32
22800;SUBMISSION;;VELVETFRUIT_EXTRACT;XIRECS;5275.0;19
22800;SUBMISSION;;VEV_5000;XIRECS;277.0;11
22800;SUBMISSION;;VEV_5000;XIRECS;278.0;19
22800;SUBMISSION;;VEV_5100;XIRECS;183.0;11
22800;SUBMISSION;;VEV_5100;XIRECS;184.0;19
22800;SUBMISSION;;VEV_5200;XIRECS;104.0;11
22800;SUBMISSION;;VEV_5200;XIRECS;105.0;19
22800;SUBMISSION;;VEV_5300;XIRECS;49.0;13
22800;SUBMISSION;;VEV_5300;XIRECS;49.0;10
22800;;;VEV_4000;XIRECS;1283.0;3
23000;;SUBMISSION;VELVETFRUIT_EXTRACT;XIRECS;5272.0;48
23000;;SUBMISSION;VELVETFRUIT_EXTRACT;XIRECS;5272.0;3
23000;;SUBMISSION;VEV_5000;XIRECS;274.0;9
23000;;SUBMISSION;VEV_5000;XIRECS;273.0;21
23000;;SUBMISSION;VEV_5100;XIRECS;181.0;24
23000;;SUBMISSION;VEV_5100;XIRECS;181.0;6
23000;;SUBMISSION;VEV_5200;XIRECS;103.0;24
23000;;SUBMISSION;VEV_5200;XIRECS;103.0;6
23000;;SUBMISSION;VEV_5300;XIRECS;48.0;13
23000;;SUBMISSION;VEV_5300;XIRECS;48.0;5
23200;;SUBMISSION;VEV_5300;XIRECS;48.0;5
23900;;;HYDROGEL_PACK;XIRECS;10022.0;2
24500;;;HYDROGEL_PACK;XIRECS;10026.0;5
25200;SUBMISSION;;VELVETFRUIT_EXTRACT;XIRECS;5273.0;17
25200;SUBMISSION;;VELVETFRUIT_EXTRACT;XIRECS;5274.0;38
25200;SUBMISSION;;VEV_5000;XIRECS;276.0;14
25200;SUBMISSION;;VEV_5000;XIRECS;276.0;10
25200;SUBMISSION;;VEV_5100;XIRECS;182.0;14
25200;SUBMISSION;;VEV_5100;XIRECS;182.0;10
25200;SUBMISSION;;VEV_5200;XIRECS;103.0;14
25200;SUBMISSION;;VEV_5200;XIRECS;103.0;10
25200;SUBMISSION;;VEV_5300;XIRECS;48.0;19
25200;SUBMISSION;;VEV_5300;XIRECS;48.0;6
25400;;SUBMISSION;VELVETFRUIT_EXTRACT;XIRECS;5268.0;36
25400;;SUBMISSION;VELVETFRUIT_EXTRACT;XIRECS;5268.0;16
25400;;SUBMISSION;VEV_5000;XIRECS;269.0;17
25400;;SUBMISSION;VEV_5000;XIRECS;269.0;7
25400;;SUBMISSION;VEV_5100;XIRECS;177.0;17
25400;;SUBMISSION;VEV_5100;XIRECS;177.0;7
25400;;SUBMISSION;VEV_5200;XIRECS;100.0;17
25400;;SUBMISSION;VEV_5200;XIRECS;100.0;7
25400;;SUBMISSION;VEV_5300;XIRECS;46.0;17
25400;;SUBMISSION;VEV_5300;XIRECS;46.0;5
25500;;SUBMISSION;VELVETFRUIT_EXTRACT;XIRECS;5268.0;3
25500;;SUBMISSION;VEV_5300;XIRECS;46.0;3
25600;SUBMISSION;;VELVETFRUIT_EXTRACT;XIRECS;5272.0;22
25600;SUBMISSION;;VELVETFRUIT_EXTRACT;XIRECS;5273.0;30
25600;SUBMISSION;;VEV_5000;XIRECS;275.0;12
25600;SUBMISSION;;VEV_5000;XIRECS;275.0;12
25600;SUBMISSION;;VEV_5100;XIRECS;181.0;12
25600;SUBMISSION;;VEV_5100;XIRECS;181.0;12
25600;SUBMISSION;;VEV_5200;XIRECS;103.0;12
25600;SUBMISSION;;VEV_5200;XIRECS;103.0;12
25600;SUBMISSION;;VEV_5300;XIRECS;48.0;13
25600;SUBMISSION;;VEV_5300;XIRECS;48.0;7
25600;;;HYDROGEL_PACK;XIRECS;10026.0;3
25800;SUBMISSION;;VELVETFRUIT_EXTRACT;XIRECS;5271.0;31
25800;SUBMISSION;;VELVETFRUIT_EXTRACT;XIRECS;5271.0;22
25800;SUBMISSION;;VEV_5000;XIRECS;273.0;8
25800;SUBMISSION;;VEV_5000;XIRECS;274.0;12
25800;SUBMISSION;;VEV_5100;XIRECS;179.0;8
25800;SUBMISSION;;VEV_5100;XIRECS;180.0;12
25800;SUBMISSION;;VEV_5200;XIRECS;101.0;8
25800;SUBMISSION;;VEV_5200;XIRECS;102.0;12
25800;SUBMISSION;;VEV_5300;XIRECS;47.0;10
25800;SUBMISSION;;VEV_5300;XIRECS;47.0;5
26100;SUBMISSION;;VELVETFRUIT_EXTRACT;XIRECS;5271.0;41
26100;SUBMISSION;;VELVETFRUIT_EXTRACT;XIRECS;5271.0;24
26100;SUBMISSION;;VEV_5000;XIRECS;273.0;8
26100;SUBMISSION;;VEV_5000;XIRECS;274.0;16
26100;SUBMISSION;;VEV_5100;XIRECS;179.0;8
26100;SUBMISSION;;VEV_5100;XIRECS;180.0;16
26100;SUBMISSION;;VEV_5200;XIRECS;101.0;8
26100;SUBMISSION;;VEV_5200;XIRECS;102.0;16
26100;SUBMISSION;;VEV_5300;XIRECS;47.0;17
26100;SUBMISSION;;VEV_5300;XIRECS;47.0;5
26200;SUBMISSION;;VELVETFRUIT_EXTRACT;XIRECS;5272.0;31
26200;SUBMISSION;;VELVETFRUIT_EXTRACT;XIRECS;5272.0;22
26200;SUBMISSION;;VEV_5000;XIRECS;274.0;9
26200;SUBMISSION;;VEV_5000;XIRECS;275.0;21
26200;SUBMISSION;;VEV_5100;XIRECS;180.0;9
26200;SUBMISSION;;VEV_5100;XIRECS;181.0;21
26200;SUBMISSION;;VEV_5200;XIRECS;102.0;21
26200;SUBMISSION;;VEV_5200;XIRECS;102.0;9
26200;SUBMISSION;;VEV_5300;XIRECS;47.0;18
26200;SUBMISSION;;VEV_5300;XIRECS;47.0;10
26400;SUBMISSION;;VELVETFRUIT_EXTRACT;XIRECS;5270.0;22
26400;SUBMISSION;;VELVETFRUIT_EXTRACT;XIRECS;5271.0;46
26400;SUBMISSION;;VEV_5000;XIRECS;273.0;15
26400;SUBMISSION;;VEV_5000;XIRECS;273.0;12
26400;SUBMISSION;;VEV_5100;XIRECS;179.0;15
26400;SUBMISSION;;VEV_5100;XIRECS;179.0;12
26400;SUBMISSION;;VEV_5200;XIRECS;101.0;15
26400;SUBMISSION;;VEV_5200;XIRECS;101.0;12
26400;SUBMISSION;;VEV_5300;XIRECS;46.0;7
26400;SUBMISSION;;VEV_5300;XIRECS;47.0;14
26500;SUBMISSION;;VELVETFRUIT_EXTRACT;XIRECS;5271.0;35
26500;SUBMISSION;;VELVETFRUIT_EXTRACT;XIRECS;5271.0;16
26500;SUBMISSION;;VEV_5000;XIRECS;273.0;11
26500;SUBMISSION;;VEV_5000;XIRECS;274.0;15
26500;SUBMISSION;;VEV_5100;XIRECS;179.0;11
26500;SUBMISSION;;VEV_5100;XIRECS;180.0;15
26500;SUBMISSION;;VEV_5200;XIRECS;101.0;11
26500;SUBMISSION;;VEV_5200;XIRECS;102.0;15
26500;SUBMISSION;;VEV_5300;XIRECS;47.0;18
26500;SUBMISSION;;VEV_5300;XIRECS;47.0;10
26600;SUBMISSION;;VELVETFRUIT_EXTRACT;XIRECS;5272.0;38
26600;SUBMISSION;;VELVETFRUIT_EXTRACT;XIRECS;5272.0;15
26600;SUBMISSION;;VEV_5000;XIRECS;274.0;6
26600;SUBMISSION;;VEV_5000;XIRECS;275.0;18
26600;SUBMISSION;;VEV_5100;XIRECS;180.0;6
26600;SUBMISSION;;VEV_5100;XIRECS;181.0;18
26600;SUBMISSION;;VEV_5200;XIRECS;102.0;18
26600;SUBMISSION;;VEV_5200;XIRECS;102.0;6
26600;SUBMISSION;;VEV_5300;XIRECS;47.0;12
26600;SUBMISSION;;VEV_5300;XIRECS;47.0;7
26800;SUBMISSION;;VELVETFRUIT_EXTRACT;XIRECS;5272.0;5
26800;SUBMISSION;;VEV_5000;XIRECS;274.0;11
26800;SUBMISSION;;VEV_5000;XIRECS;275.0;14
26800;SUBMISSION;;VEV_5100;XIRECS;180.0;11
26800;SUBMISSION;;VEV_5100;XIRECS;181.0;14
26800;SUBMISSION;;VEV_5200;XIRECS;102.0;14
26800;SUBMISSION;;VEV_5200;XIRECS;102.0;11
26800;SUBMISSION;;VEV_5300;XIRECS;47.0;15
26800;SUBMISSION;;VEV_5300;XIRECS;47.0;6
27200;;SUBMISSION;VELVETFRUIT_EXTRACT;XIRECS;5268.0;24
27200;;SUBMISSION;VELVETFRUIT_EXTRACT;XIRECS;5267.0;35
27200;;SUBMISSION;VEV_5000;XIRECS;269.0;12
27200;;SUBMISSION;VEV_5000;XIRECS;268.0;23
27200;;SUBMISSION;VEV_5100;XIRECS;177.0;12
27200;;SUBMISSION;VEV_5100;XIRECS;176.0;23
27200;;SUBMISSION;VEV_5200;XIRECS;100.0;23
27200;;SUBMISSION;VEV_5200;XIRECS;100.0;12
27200;;SUBMISSION;VEV_5300;XIRECS;46.0;9
27200;;SUBMISSION;VEV_5300;XIRECS;45.0;17
27800;;SUBMISSION;VELVETFRUIT_EXTRACT;XIRECS;5268.0;40
27800;;SUBMISSION;VELVETFRUIT_EXTRACT;XIRECS;5268.0;20
27800;;SUBMISSION;VEV_5000;XIRECS;270.0;10
27800;;SUBMISSION;VEV_5000;XIRECS;269.0;17
27800;;SUBMISSION;VEV_5100;XIRECS;177.0;17
27800;;SUBMISSION;VEV_5100;XIRECS;177.0;10
27800;;SUBMISSION;VEV_5200;XIRECS;100.0;17
27800;;SUBMISSION;VEV_5200;XIRECS;100.0;10
27800;;SUBMISSION;VEV_5300;XIRECS;46.0;11
27800;;SUBMISSION;VEV_5300;XIRECS;46.0;9
27900;;SUBMISSION;VELVETFRUIT_EXTRACT;XIRECS;5268.0;22
27900;;SUBMISSION;VELVETFRUIT_EXTRACT;XIRECS;5267.0;30
27900;;SUBMISSION;VEV_5000;XIRECS;269.0;12
27900;;SUBMISSION;VEV_5000;XIRECS;268.0;18
27900;;SUBMISSION;VEV_5100;XIRECS;177.0;12
27900;;SUBMISSION;VEV_5100;XIRECS;176.0;18
27900;;SUBMISSION;VEV_5200;XIRECS;100.0;18
27900;;SUBMISSION;VEV_5200;XIRECS;100.0;12
27900;;SUBMISSION;VEV_5300;XIRECS;46.0;11
27900;;SUBMISSION;VEV_5300;XIRECS;46.0;10
28000;;SUBMISSION;VELVETFRUIT_EXTRACT;XIRECS;5269.0;32
28000;;SUBMISSION;VELVETFRUIT_EXTRACT;XIRECS;5269.0;25
28000;;SUBMISSION;VEV_5000;XIRECS;270.0;17
28000;;SUBMISSION;VEV_5000;XIRECS;270.0;10
28000;;SUBMISSION;VEV_5100;XIRECS;178.0;17
28000;;SUBMISSION;VEV_5100;XIRECS;178.0;10
28000;;SUBMISSION;VEV_5200;XIRECS;101.0;17
28000;;SUBMISSION;VEV_5200;XIRECS;101.0;10
28000;;SUBMISSION;VEV_5300;XIRECS;46.0;17
28000;;SUBMISSION;VEV_5300;XIRECS;46.0;9
28000;;;VELVETFRUIT_EXTRACT;XIRECS;5275.0;5
28200;;SUBMISSION;VELVETFRUIT_EXTRACT;XIRECS;5269.0;35
28200;;SUBMISSION;VELVETFRUIT_EXTRACT;XIRECS;5269.0;24
28200;;SUBMISSION;VEV_5000;XIRECS;270.0;18
28200;;SUBMISSION;VEV_5000;XIRECS;270.0;8
28200;;SUBMISSION;VEV_5100;XIRECS;178.0;18
28200;;SUBMISSION;VEV_5100;XIRECS;178.0;8
28200;;SUBMISSION;VEV_5200;XIRECS;101.0;18
28200;;SUBMISSION;VEV_5200;XIRECS;101.0;8
28200;;SUBMISSION;VEV_5300;XIRECS;46.0;19
28200;;SUBMISSION;VEV_5300;XIRECS;46.0;10
28300;;SUBMISSION;VELVETFRUIT_EXTRACT;XIRECS;5270.0;16
28300;;SUBMISSION;VELVETFRUIT_EXTRACT;XIRECS;5269.0;33
28300;;SUBMISSION;VEV_5000;XIRECS;271.0;6
28300;;SUBMISSION;VEV_5000;XIRECS;270.0;24
28300;;SUBMISSION;VEV_5100;XIRECS;179.0;6
28300;;SUBMISSION;VEV_5100;XIRECS;178.0;24
28300;;SUBMISSION;VEV_5200;XIRECS;101.0;24
28300;;SUBMISSION;VEV_5200;XIRECS;101.0;6
28300;;SUBMISSION;VEV_5300;XIRECS;47.0;8
28300;;SUBMISSION;VEV_5300;XIRECS;46.0;11
28400;;SUBMISSION;VELVETFRUIT_EXTRACT;XIRECS;5270.0;42
28400;;SUBMISSION;VELVETFRUIT_EXTRACT;XIRECS;5270.0;17
28400;;SUBMISSION;VEV_5000;XIRECS;271.0;23
28400;;SUBMISSION;VEV_5000;XIRECS;271.0;2
28400;;SUBMISSION;VEV_5100;XIRECS;179.0;23
28400;;SUBMISSION;VEV_5100;XIRECS;179.0;2
28400;;SUBMISSION;VEV_5200;XIRECS;102.0;7
28400;;SUBMISSION;VEV_5200;XIRECS;101.0;18
28400;;SUBMISSION;VEV_5300;XIRECS;47.0;14
28400;;SUBMISSION;VEV_5300;XIRECS;47.0;8
28400;;;HYDROGEL_PACK;XIRECS;10037.0;3
28500;;SUBMISSION;VELVETFRUIT_EXTRACT;XIRECS;5271.0;5
28500;;SUBMISSION;VEV_5300;XIRECS;47.0;10
28500;;SUBMISSION;VEV_5300;XIRECS;47.0;1
28500;;;VELVETFRUIT_EXTRACT;XIRECS;5271.0;7
30000;SUBMISSION;;VELVETFRUIT_EXTRACT;XIRECS;5268.0;15
30000;SUBMISSION;;VELVETFRUIT_EXTRACT;XIRECS;5271.0;15
30000;SUBMISSION;;VELVETFRUIT_EXTRACT;XIRECS;5272.0;43
30000;SUBMISSION;;VEV_5000;XIRECS;274.0;13
30000;SUBMISSION;;VEV_5000;XIRECS;274.0;12
30000;SUBMISSION;;VEV_5100;XIRECS;180.0;13
30000;SUBMISSION;;VEV_5100;XIRECS;180.0;12
30000;SUBMISSION;;VEV_5200;XIRECS;102.0;13
30000;SUBMISSION;;VEV_5200;XIRECS;102.0;12
30000;SUBMISSION;;VEV_5300;XIRECS;47.0;14
30000;SUBMISSION;;VEV_5300;XIRECS;47.0;7
30400;SUBMISSION;;VELVETFRUIT_EXTRACT;XIRECS;5270.0;50
30400;SUBMISSION;;VELVETFRUIT_EXTRACT;XIRECS;5270.0;18
30400;SUBMISSION;;VEV_5000;XIRECS;272.0;11
30400;SUBMISSION;;VEV_5000;XIRECS;273.0;24
30400;SUBMISSION;;VEV_5100;XIRECS;178.0;11
30400;SUBMISSION;;VEV_5100;XIRECS;179.0;24
30400;SUBMISSION;;VEV_5200;XIRECS;100.0;11
30400;SUBMISSION;;VEV_5200;XIRECS;101.0;24
30400;SUBMISSION;;VEV_5300;XIRECS;46.0;11
30400;SUBMISSION;;VEV_5300;XIRECS;46.0;7
30600;SUBMISSION;;VELVETFRUIT_EXTRACT;XIRECS;5267.0;23
30600;SUBMISSION;;VELVETFRUIT_EXTRACT;XIRECS;5268.0;45
30600;SUBMISSION;;VEV_5000;XIRECS;270.0;18
30600;SUBMISSION;;VEV_5000;XIRECS;270.0;7
30600;SUBMISSION;;VEV_5100;XIRECS;176.0;7
30600;SUBMISSION;;VEV_5100;XIRECS;177.0;18
30600;SUBMISSION;;VEV_5200;XIRECS;99.0;18
30600;SUBMISSION;;VEV_5200;XIRECS;99.0;7
30600;SUBMISSION;;VEV_5300;XIRECS;45.0;19
30600;SUBMISSION;;VEV_5300;XIRECS;45.0;6
30800;SUBMISSION;;VELVETFRUIT_EXTRACT;XIRECS;5268.0;21
30800;SUBMISSION;;VELVETFRUIT_EXTRACT;XIRECS;5269.0;33
30800;SUBMISSION;;VEV_5000;XIRECS;271.0;15
30800;SUBMISSION;;VEV_5000;XIRECS;271.0;7
30800;SUBMISSION;;VEV_5100;XIRECS;177.0;7
30800;SUBMISSION;;VEV_5100;XIRECS;178.0;15
30800;SUBMISSION;;VEV_5200;XIRECS;100.0;15
30800;SUBMISSION;;VEV_5200;XIRECS;100.0;7
30800;SUBMISSION;;VEV_5300;XIRECS;46.0;16
30800;SUBMISSION;;VEV_5300;XIRECS;46.0;8
31000;SUBMISSION;;VELVETFRUIT_EXTRACT;XIRECS;5268.0;16
31000;SUBMISSION;;VELVETFRUIT_EXTRACT;XIRECS;5269.0;38
31000;SUBMISSION;;VEV_5000;XIRECS;271.0;21
31000;SUBMISSION;;VEV_5000;XIRECS;271.0;12
31000;SUBMISSION;;VEV_5100;XIRECS;177.0;12
31000;SUBMISSION;;VEV_5100;XIRECS;178.0;21
31000;SUBMISSION;;VEV_5200;XIRECS;100.0;21
31000;SUBMISSION;;VEV_5200;XIRECS;100.0;12
31000;SUBMISSION;;VEV_5300;XIRECS;46.0;16
31000;SUBMISSION;;VEV_5300;XIRECS;46.0;7
31300;SUBMISSION;;VELVETFRUIT_EXTRACT;XIRECS;5267.0;44
31300;SUBMISSION;;VELVETFRUIT_EXTRACT;XIRECS;5267.0;20
31300;SUBMISSION;;VEV_5000;XIRECS;269.0;8
31300;SUBMISSION;;VEV_5000;XIRECS;270.0;17
31300;SUBMISSION;;VEV_5100;XIRECS;176.0;17
31300;SUBMISSION;;VEV_5100;XIRECS;176.0;8
31300;SUBMISSION;;VEV_5200;XIRECS;99.0;17
31300;SUBMISSION;;VEV_5200;XIRECS;99.0;8
31300;SUBMISSION;;VEV_5300;XIRECS;45.0;14
31300;SUBMISSION;;VEV_5300;XIRECS;45.0;7
31300;;;HYDROGEL_PACK;XIRECS;10032.0;3
31400;;;VELVETFRUIT_EXTRACT;XIRECS;5264.0;7
31600;SUBMISSION;;VELVETFRUIT_EXTRACT;XIRECS;5268.0;17
31600;SUBMISSION;;VELVETFRUIT_EXTRACT;XIRECS;5269.0;2
31600;SUBMISSION;;VEV_5000;XIRECS;271.0;13
31600;SUBMISSION;;VEV_5000;XIRECS;271.0;11
31600;SUBMISSION;;VEV_5100;XIRECS;177.0;11
31600;SUBMISSION;;VEV_5100;XIRECS;178.0;13
31600;SUBMISSION;;VEV_5200;XIRECS;100.0;13
31600;SUBMISSION;;VEV_5200;XIRECS;100.0;11
31600;SUBMISSION;;VEV_5300;XIRECS;46.0;15
31600;SUBMISSION;;VEV_5300;XIRECS;46.0;7
31800;SUBMISSION;;VEV_5000;XIRECS;269.0;7
31800;SUBMISSION;;VEV_5000;XIRECS;270.0;21
31800;SUBMISSION;;VEV_5100;XIRECS;176.0;21
31800;SUBMISSION;;VEV_5100;XIRECS;176.0;7
31800;SUBMISSION;;VEV_5200;XIRECS;99.0;21
31800;SUBMISSION;;VEV_5200;XIRECS;99.0;7
31800;SUBMISSION;;VEV_5300;XIRECS;45.0;19
31800;SUBMISSION;;VEV_5300;XIRECS;45.0;6
32000;SUBMISSION;;VEV_5000;XIRECS;269.0;6
32000;SUBMISSION;;VEV_5000;XIRECS;270.0;14
32000;SUBMISSION;;VEV_5100;XIRECS;176.0;14
32000;SUBMISSION;;VEV_5100;XIRECS;176.0;6
32000;SUBMISSION;;VEV_5200;XIRECS;98.0;6
32000;SUBMISSION;;VEV_5200;XIRECS;99.0;14
32000;SUBMISSION;;VEV_5300;XIRECS;45.0;20
32000;SUBMISSION;;VEV_5300;XIRECS;45.0;9
32200;SUBMISSION;;VEV_5000;XIRECS;269.0;11
32200;SUBMISSION;;VEV_5000;XIRECS;270.0;21
32200;SUBMISSION;;VEV_5100;XIRECS;176.0;21
32200;SUBMISSION;;VEV_5100;XIRECS;176.0;11
32200;SUBMISSION;;VEV_5200;XIRECS;98.0;11
32200;SUBMISSION;;VEV_5200;XIRECS;99.0;21
32200;SUBMISSION;;VEV_5300;XIRECS;45.0;14
32200;SUBMISSION;;VEV_5300;XIRECS;45.0;5
32700;;;VELVETFRUIT_EXTRACT;XIRECS;5265.0;5
32900;;;VEV_5300;XIRECS;45.0;3
32900;;;VEV_5400;XIRECS;14.0;3
32900;;;VEV_5500;XIRECS;4.0;3
32900;;;VEV_6000;XIRECS;0.0;3
32900;;;VEV_6500;XIRECS;0.0;3
33400;;SUBMISSION;VELVETFRUIT_EXTRACT;XIRECS;5268.0;23
33400;;SUBMISSION;VELVETFRUIT_EXTRACT;XIRECS;5267.0;48
33400;;SUBMISSION;VEV_5000;XIRECS;269.0;24
33400;;SUBMISSION;VEV_5000;XIRECS;269.0;12
33400;;SUBMISSION;VEV_5100;XIRECS;177.0;24
33400;;SUBMISSION;VEV_5100;XIRECS;177.0;12
33400;;SUBMISSION;VEV_5200;XIRECS;100.0;24
33400;;SUBMISSION;VEV_5200;XIRECS;100.0;12
33400;;SUBMISSION;VEV_5300;XIRECS;46.0;16
33400;;SUBMISSION;VEV_5300;XIRECS;46.0;9
33600;;;VEV_5300;XIRECS;46.0;2
33600;;;VEV_5400;XIRECS;15.0;2
33600;;;VEV_5500;XIRECS;4.0;2
33600;;;VEV_6000;XIRECS;0.0;2
33600;;;VEV_6500;XIRECS;0.0;2
33700;;SUBMISSION;VELVETFRUIT_EXTRACT;XIRECS;5270.0;33
33700;;SUBMISSION;VELVETFRUIT_EXTRACT;XIRECS;5270.0;19
33700;;SUBMISSION;VEV_5000;XIRECS;271.0;12
33700;;SUBMISSION;VEV_5000;XIRECS;271.0;6
33700;;SUBMISSION;VEV_5100;XIRECS;179.0;12
33700;;SUBMISSION;VEV_5100;XIRECS;179.0;6
33700;;SUBMISSION;VEV_5200;XIRECS;102.0;6
33700;;SUBMISSION;VEV_5200;XIRECS;101.0;12
33700;;SUBMISSION;VEV_5300;XIRECS;47.0;9
33700;;SUBMISSION;VEV_5300;XIRECS;46.0;20
33800;;SUBMISSION;VELVETFRUIT_EXTRACT;XIRECS;5270.0;41
33800;;SUBMISSION;VELVETFRUIT_EXTRACT;XIRECS;5270.0;23
33800;;SUBMISSION;VEV_5000;XIRECS;271.0;14
33800;;SUBMISSION;VEV_5000;XIRECS;271.0;7
33800;;SUBMISSION;VEV_5100;XIRECS;179.0;7
33800;;SUBMISSION;VEV_5100;XIRECS;178.0;14
33800;;SUBMISSION;VEV_5200;XIRECS;101.0;14
33800;;SUBMISSION;VEV_5200;XIRECS;101.0;7
33800;;SUBMISSION;VEV_5300;XIRECS;47.0;7
33800;;SUBMISSION;VEV_5300;XIRECS;46.0;19
33900;;SUBMISSION;VELVETFRUIT_EXTRACT;XIRECS;5269.0;38
33900;;SUBMISSION;VELVETFRUIT_EXTRACT;XIRECS;5269.0;19
33900;;SUBMISSION;VEV_5000;XIRECS;271.0;8
33900;;SUBMISSION;VEV_5000;XIRECS;270.0;22
33900;;SUBMISSION;VEV_5100;XIRECS;178.0;22
33900;;SUBMISSION;VEV_5100;XIRECS;178.0;8
33900;;SUBMISSION;VEV_5200;XIRECS;101.0;22
33900;;SUBMISSION;VEV_5200;XIRECS;101.0;8
33900;;SUBMISSION;VEV_5300;XIRECS;46.0;11
33900;;SUBMISSION;VEV_5300;XIRECS;46.0;5
33900;;;HYDROGEL_PACK;XIRECS;10028.0;3
34100;;SUBMISSION;VELVETFRUIT_EXTRACT;XIRECS;5271.0;18
34100;;SUBMISSION;VELVETFRUIT_EXTRACT;XIRECS;5270.0;40
34100;;SUBMISSION;VEV_5000;XIRECS;272.0;9
34100;;SUBMISSION;VEV_5000;XIRECS;271.0;21
34100;;SUBMISSION;VEV_5100;XIRECS;180.0;9
34100;;SUBMISSION;VEV_5100;XIRECS;179.0;21
34100;;SUBMISSION;VEV_5200;XIRECS;102.0;21
34100;;SUBMISSION;VEV_5200;XIRECS;102.0;9
34100;;SUBMISSION;VEV_5300;XIRECS;47.0;13
34100;;SUBMISSION;VEV_5300;XIRECS;47.0;7
34200;;;HYDROGEL_PACK;XIRECS;10039.0;6
34300;;SUBMISSION;VELVETFRUIT_EXTRACT;XIRECS;5270.0;45
34300;;SUBMISSION;VELVETFRUIT_EXTRACT;XIRECS;5270.0;25
34300;;SUBMISSION;VEV_5000;XIRECS;271.0;13
34300;;SUBMISSION;VEV_5000;XIRECS;271.0;11
34300;;SUBMISSION;VEV_5100;XIRECS;179.0;13
34300;;SUBMISSION;VEV_5100;XIRECS;179.0;11
34300;;SUBMISSION;VEV_5200;XIRECS;102.0;11
34300;;SUBMISSION;VEV_5200;XIRECS;101.0;13
34300;;SUBMISSION;VEV_5300;XIRECS;47.0;5
34300;;SUBMISSION;VEV_5300;XIRECS;46.0;16
34500;;SUBMISSION;VELVETFRUIT_EXTRACT;XIRECS;5270.0;28
34500;;SUBMISSION;VEV_5000;XIRECS;271.0;17
34500;;SUBMISSION;VEV_5000;XIRECS;271.0;7
34500;;SUBMISSION;VEV_5100;XIRECS;179.0;7
34500;;SUBMISSION;VEV_5100;XIRECS;178.0;17
34500;;SUBMISSION;VEV_5200;XIRECS;101.0;17
34500;;SUBMISSION;VEV_5200;XIRECS;101.0;7
34500;;SUBMISSION;VEV_5300;XIRECS;47.0;9
34500;;SUBMISSION;VEV_5300;XIRECS;46.0;15
34600;;SUBMISSION;VEV_5000;XIRECS;271.0;10
34600;;SUBMISSION;VEV_5000;XIRECS;270.0;16
34600;;SUBMISSION;VEV_5100;XIRECS;178.0;16
34600;;SUBMISSION;VEV_5100;XIRECS;178.0;10
34600;;SUBMISSION;VEV_5200;XIRECS;101.0;16
34600;;SUBMISSION;VEV_5200;XIRECS;101.0;10
34600;;SUBMISSION;VEV_5300;XIRECS;46.0;20
34600;;SUBMISSION;VEV_5300;XIRECS;46.0;5
34700;;SUBMISSION;VEV_5000;XIRECS;271.0;10
34700;;SUBMISSION;VEV_5000;XIRECS;270.0;23
34700;;SUBMISSION;VEV_5100;XIRECS;179.0;10
34700;;SUBMISSION;VEV_5100;XIRECS;178.0;23
34700;;SUBMISSION;VEV_5200;XIRECS;101.0;23
34700;;SUBMISSION;VEV_5200;XIRECS;101.0;10
34700;;SUBMISSION;VEV_5300;XIRECS;46.0;16
34700;;SUBMISSION;VEV_5300;XIRECS;46.0;10
34800;;SUBMISSION;VEV_5000;XIRECS;271.0;9
34800;;SUBMISSION;VEV_5000;XIRECS;270.0;17
34800;;SUBMISSION;VEV_5100;XIRECS;178.0;17
34800;;SUBMISSION;VEV_5100;XIRECS;178.0;9
34800;;SUBMISSION;VEV_5200;XIRECS;101.0;17
34800;;SUBMISSION;VEV_5200;XIRECS;101.0;9
34800;;SUBMISSION;VEV_5300;XIRECS;46.0;15
35100;;SUBMISSION;VEV_5000;XIRECS;271.0;1
35100;;SUBMISSION;VEV_5100;XIRECS;179.0;1
35100;;SUBMISSION;VEV_5200;XIRECS;101.0;1
35100;;;HYDROGEL_PACK;XIRECS;10024.0;2
35500;;;HYDROGEL_PACK;XIRECS;10024.0;5
37000;;;VEV_5400;XIRECS;15.0;5
37000;;;VEV_5500;XIRECS;4.0;5
37000;;;VEV_6000;XIRECS;0.0;5
37000;;;VEV_6500;XIRECS;0.0;5
37100;;;HYDROGEL_PACK;XIRECS;10015.0;3
38400;;;HYDROGEL_PACK;XIRECS;10016.0;4
38600;;;HYDROGEL_PACK;XIRECS;10014.0;5
39100;;;VELVETFRUIT_EXTRACT;XIRECS;5258.0;5
39500;;;VELVETFRUIT_EXTRACT;XIRECS;5257.0;4
39700;SUBMISSION;;VELVETFRUIT_EXTRACT;XIRECS;5260.0;16
39700;SUBMISSION;;VELVETFRUIT_EXTRACT;XIRECS;5261.0;35
39700;SUBMISSION;;VEV_5000;XIRECS;263.0;7
39700;SUBMISSION;;VEV_5000;XIRECS;264.0;14
39700;SUBMISSION;;VEV_5100;XIRECS;170.0;7
39700;SUBMISSION;;VEV_5100;XIRECS;171.0;14
39700;SUBMISSION;;VEV_5200;XIRECS;94.0;14
39700;SUBMISSION;;VEV_5200;XIRECS;94.0;7
39700;SUBMISSION;;VEV_5300;XIRECS;42.0;6
39700;SUBMISSION;;VEV_5300;XIRECS;43.0;12
39800;;;VELVETFRUIT_EXTRACT;XIRECS;5262.0;3
40200;;;VEV_5300;XIRECS;41.0;3
40200;;;VEV_5400;XIRECS;13.0;3
40200;;;VEV_6000;XIRECS;0.0;3
40200;;;VEV_6500;XIRECS;0.0;3
41000;SUBMISSION;;VELVETFRUIT_EXTRACT;XIRECS;5253.0;19
41000;SUBMISSION;;VELVETFRUIT_EXTRACT;XIRECS;5254.0;44
41000;SUBMISSION;;VEV_5000;XIRECS;256.0;10
41000;SUBMISSION;;VEV_5000;XIRECS;257.0;21
41000;SUBMISSION;;VEV_5100;XIRECS;164.0;10
41000;SUBMISSION;;VEV_5100;XIRECS;165.0;21
41000;SUBMISSION;;VEV_5200;XIRECS;90.0;21
41000;SUBMISSION;;VEV_5200;XIRECS;90.0;10
41000;SUBMISSION;;VEV_5300;XIRECS;40.0;19
41000;SUBMISSION;;VEV_5300;XIRECS;40.0;10
41100;SUBMISSION;;VELVETFRUIT_EXTRACT;XIRECS;5254.0;47
41100;SUBMISSION;;VELVETFRUIT_EXTRACT;XIRECS;5254.0;15
41100;SUBMISSION;;VEV_5000;XIRECS;257.0;12
41100;SUBMISSION;;VEV_5000;XIRECS;257.0;6
41100;SUBMISSION;;VEV_5100;XIRECS;164.0;6
41100;SUBMISSION;;VEV_5100;XIRECS;165.0;12
41100;SUBMISSION;;VEV_5200;XIRECS;90.0;12
41100;SUBMISSION;;VEV_5200;XIRECS;90.0;6
41100;SUBMISSION;;VEV_5300;XIRECS;40.0;17
41100;SUBMISSION;;VEV_5300;XIRECS;40.0;6
41600;SUBMISSION;;VELVETFRUIT_EXTRACT;XIRECS;5255.0;37
41600;SUBMISSION;;VELVETFRUIT_EXTRACT;XIRECS;5255.0;20
41600;SUBMISSION;;VEV_5000;XIRECS;258.0;21
41600;SUBMISSION;;VEV_5000;XIRECS;258.0;12
41600;SUBMISSION;;VEV_5100;XIRECS;165.0;12
41600;SUBMISSION;;VEV_5100;XIRECS;166.0;21
41600;SUBMISSION;;VEV_5200;XIRECS;90.0;12
41600;SUBMISSION;;VEV_5200;XIRECS;91.0;21
41600;SUBMISSION;;VEV_5300;XIRECS;40.0;14
41600;SUBMISSION;;VEV_5300;XIRECS;40.0;9
41700;SUBMISSION;;VELVETFRUIT_EXTRACT;XIRECS;5254.0;36
41700;SUBMISSION;;VELVETFRUIT_EXTRACT;XIRECS;5254.0;20
41700;SUBMISSION;;VEV_5000;XIRECS;257.0;19
41700;SUBMISSION;;VEV_5000;XIRECS;257.0;12
41700;SUBMISSION;;VEV_5100;XIRECS;164.0;12
41700;SUBMISSION;;VEV_5100;XIRECS;165.0;19
41700;SUBMISSION;;VEV_5200;XIRECS;90.0;19
41700;SUBMISSION;;VEV_5200;XIRECS;90.0;12
41700;SUBMISSION;;VEV_5300;XIRECS;40.0;10
41700;SUBMISSION;;VEV_5300;XIRECS;40.0;10
42100;SUBMISSION;;VELVETFRUIT_EXTRACT;XIRECS;5251.0;46
42100;SUBMISSION;;VELVETFRUIT_EXTRACT;XIRECS;5251.0;17
42100;SUBMISSION;;VEV_5000;XIRECS;254.0;11
42100;SUBMISSION;;VEV_5000;XIRECS;255.0;13
42100;SUBMISSION;;VEV_5100;XIRECS;162.0;13
42100;SUBMISSION;;VEV_5100;XIRECS;162.0;11
42100;SUBMISSION;;VEV_5200;XIRECS;88.0;13
42100;SUBMISSION;;VEV_5200;XIRECS;88.0;11
42100;SUBMISSION;;VEV_5300;XIRECS;39.0;13
42100;SUBMISSION;;VEV_5300;XIRECS;39.0;10
42200;SUBMISSION;;VELVETFRUIT_EXTRACT;XIRECS;5251.0;38
42200;SUBMISSION;;VELVETFRUIT_EXTRACT;XIRECS;5251.0;10
42200;SUBMISSION;;VEV_5000;XIRECS;254.0;8
42200;SUBMISSION;;VEV_5000;XIRECS;255.0;18
42200;SUBMISSION;;VEV_5100;XIRECS;162.0;18
42200;SUBMISSION;;VEV_5100;XIRECS;162.0;8
42200;SUBMISSION;;VEV_5200;XIRECS;88.0;18
42200;SUBMISSION;;VEV_5200;XIRECS;88.0;8
42200;SUBMISSION;;VEV_5300;XIRECS;39.0;14
42200;SUBMISSION;;VEV_5300;XIRECS;39.0;9
42300;SUBMISSION;;VEV_5000;XIRECS;253.0;12
42300;SUBMISSION;;VEV_5000;XIRECS;254.0;13
42300;SUBMISSION;;VEV_5100;XIRECS;161.0;12
42300;SUBMISSION;;VEV_5100;XIRECS;162.0;13
42300;SUBMISSION;;VEV_5200;XIRECS;87.0;13
42300;SUBMISSION;;VEV_5200;XIRECS;87.0;12
42300;SUBMISSION;;VEV_5300;XIRECS;38.0;9
42300;SUBMISSION;;VEV_5300;XIRECS;39.0;12
42700;SUBMISSION;;VEV_5000;XIRECS;251.0;8
42700;SUBMISSION;;VEV_5000;XIRECS;252.0;15
42700;SUBMISSION;;VEV_5100;XIRECS;159.0;8
42700;SUBMISSION;;VEV_5100;XIRECS;160.0;15
42700;SUBMISSION;;VEV_5200;XIRECS;86.0;15
42700;SUBMISSION;;VEV_5200;XIRECS;86.0;8
42700;SUBMISSION;;VEV_5300;XIRECS;38.0;18
42700;SUBMISSION;;VEV_5300;XIRECS;38.0;9
43100;SUBMISSION;;VEV_5000;XIRECS;251.0;15
43100;SUBMISSION;;VEV_5000;XIRECS;251.0;7
43100;SUBMISSION;;VEV_5100;XIRECS;159.0;15
43100;SUBMISSION;;VEV_5100;XIRECS;159.0;7
43100;SUBMISSION;;VEV_5200;XIRECS;86.0;15
43100;SUBMISSION;;VEV_5200;XIRECS;86.0;7
43100;SUBMISSION;;VEV_5300;XIRECS;37.0;6
43100;SUBMISSION;;VEV_5300;XIRECS;38.0;12
43200;SUBMISSION;;VEV_5000;XIRECS;252.0;8
43200;SUBMISSION;;VEV_5000;XIRECS;253.0;18
43200;SUBMISSION;;VEV_5100;XIRECS;161.0;18
43200;SUBMISSION;;VEV_5100;XIRECS;161.0;8
43200;SUBMISSION;;VEV_5200;XIRECS;87.0;18
43200;SUBMISSION;;VEV_5200;XIRECS;87.0;8
43200;SUBMISSION;;VEV_5300;XIRECS;38.0;10
43200;SUBMISSION;;VEV_5300;XIRECS;38.0;9
43200;;;VELVETFRUIT_EXTRACT;XIRECS;5249.0;6
43600;SUBMISSION;;VEV_5000;XIRECS;256.0;14
43600;SUBMISSION;;VEV_5000;XIRECS;256.0;6
43600;SUBMISSION;;VEV_5100;XIRECS;164.0;14
43600;SUBMISSION;;VEV_5100;XIRECS;164.0;6
43600;SUBMISSION;;VEV_5200;XIRECS;89.0;14
43600;SUBMISSION;;VEV_5200;XIRECS;89.0;6
43600;SUBMISSION;;VEV_5300;XIRECS;39.0;6
43600;SUBMISSION;;VEV_5300;XIRECS;40.0;17
43600;;;VEV_4000;XIRECS;1240.0;1
43700;SUBMISSION;;VEV_5000;XIRECS;256.0;18
43700;SUBMISSION;;VEV_5000;XIRECS;256.0;7
43700;SUBMISSION;;VEV_5100;XIRECS;164.0;18
43700;SUBMISSION;;VEV_5100;XIRECS;164.0;7
43700;SUBMISSION;;VEV_5200;XIRECS;89.0;18
43700;SUBMISSION;;VEV_5200;XIRECS;89.0;7
43700;SUBMISSION;;VEV_5300;XIRECS;40.0;20
43700;SUBMISSION;;VEV_5300;XIRECS;40.0;5
43800;SUBMISSION;;VEV_5000;XIRECS;256.0;11
43800;SUBMISSION;;VEV_5000;XIRECS;257.0;17
43800;SUBMISSION;;VEV_5100;XIRECS;164.0;17
43800;SUBMISSION;;VEV_5100;XIRECS;164.0;11
43800;SUBMISSION;;VEV_5200;XIRECS;89.0;11
43800;SUBMISSION;;VEV_5200;XIRECS;90.0;17
43800;SUBMISSION;;VEV_5300;XIRECS;40.0;10
43800;SUBMISSION;;VEV_5300;XIRECS;40.0;8
43900;SUBMISSION;;VEV_5000;XIRECS;255.0;8
43900;SUBMISSION;;VEV_5000;XIRECS;256.0;24
43900;SUBMISSION;;VEV_5100;XIRECS;163.0;24
43900;SUBMISSION;;VEV_5100;XIRECS;163.0;8
43900;SUBMISSION;;VEV_5200;XIRECS;89.0;24
43900;SUBMISSION;;VEV_5200;XIRECS;89.0;8
43900;SUBMISSION;;VEV_5300;XIRECS;39.0;18
43900;SUBMISSION;;VEV_5300;XIRECS;39.0;10
44200;SUBMISSION;;VEV_5000;XIRECS;256.0;9
44200;SUBMISSION;;VEV_5000;XIRECS;257.0;20
44200;SUBMISSION;;VEV_5100;XIRECS;164.0;9
44200;SUBMISSION;;VEV_5100;XIRECS;165.0;20
44200;SUBMISSION;;VEV_5200;XIRECS;90.0;20
44200;SUBMISSION;;VEV_5200;XIRECS;90.0;9
44200;SUBMISSION;;VEV_5300;XIRECS;40.0;16
44200;SUBMISSION;;VEV_5300;XIRECS;40.0;10
44400;SUBMISSION;;VEV_5000;XIRECS;258.0;24
44400;SUBMISSION;;VEV_5000;XIRECS;258.0;9
44400;SUBMISSION;;VEV_5100;XIRECS;165.0;9
44400;SUBMISSION;;VEV_5100;XIRECS;166.0;24
44400;SUBMISSION;;VEV_5200;XIRECS;91.0;24
44400;SUBMISSION;;VEV_5200;XIRECS;91.0;9
44400;SUBMISSION;;VEV_5300;XIRECS;40.0;12
44400;SUBMISSION;;VEV_5300;XIRECS;40.0;8
44500;SUBMISSION;;VEV_5000;XIRECS;259.0;21
44500;SUBMISSION;;VEV_5000;XIRECS;259.0;7
44500;SUBMISSION;;VEV_5100;XIRECS;166.0;7
44500;SUBMISSION;;VEV_5100;XIRECS;167.0;21
44500;SUBMISSION;;VEV_5200;XIRECS;91.0;21
44500;SUBMISSION;;VEV_5200;XIRECS;91.0;7
44500;SUBMISSION;;VEV_5300;XIRECS;41.0;18
44500;SUBMISSION;;VEV_5300;XIRECS;41.0;6
44700;SUBMISSION;;VEV_5000;XIRECS;258.0;15
44700;SUBMISSION;;VEV_5100;XIRECS;165.0;11
44700;SUBMISSION;;VEV_5100;XIRECS;166.0;21
44700;SUBMISSION;;VEV_5200;XIRECS;90.0;11
44700;SUBMISSION;;VEV_5200;XIRECS;91.0;21
44700;SUBMISSION;;VEV_5300;XIRECS;40.0;18
44700;SUBMISSION;;VEV_5300;XIRECS;40.0;6
45000;SUBMISSION;;VEV_5100;XIRECS;162.0;8
45000;SUBMISSION;;VEV_5100;XIRECS;163.0;23
45000;SUBMISSION;;VEV_5200;XIRECS;88.0;23
45000;SUBMISSION;;VEV_5200;XIRECS;88.0;8
45000;SUBMISSION;;VEV_5300;XIRECS;39.0;14
45000;SUBMISSION;;VEV_5300;XIRECS;39.0;5
45200;SUBMISSION;;VEV_5100;XIRECS;163.0;12
45200;SUBMISSION;;VEV_5100;XIRECS;163.0;4
45200;SUBMISSION;;VEV_5200;XIRECS;89.0;12
45200;SUBMISSION;;VEV_5200;XIRECS;89.0;12
45200;SUBMISSION;;VEV_5300;XIRECS;39.0;15
45200;SUBMISSION;;VEV_5300;XIRECS;39.0;10
45300;SUBMISSION;;VEV_5200;XIRECS;89.0;22
45300;SUBMISSION;;VEV_5200;XIRECS;89.0;7
45300;SUBMISSION;;VEV_5300;XIRECS;40.0;15
45300;SUBMISSION;;VEV_5300;XIRECS;40.0;6
45400;SUBMISSION;;VEV_5200;XIRECS;90.0;9
45400;SUBMISSION;;VEV_5300;XIRECS;40.0;13
45400;SUBMISSION;;VEV_5300;XIRECS;40.0;7
45600;;;VEV_5400;XIRECS;11.0;4
45600;;;VEV_5500;XIRECS;3.0;4
45600;;;VEV_6000;XIRECS;0.0;4
45600;;;VEV_6500;XIRECS;0.0;4
45700;SUBMISSION;;VEV_5300;XIRECS;39.0;17
45700;SUBMISSION;;VEV_5300;XIRECS;39.0;8
45800;SUBMISSION;;VEV_5300;XIRECS;39.0;16
45800;SUBMISSION;;VEV_5300;XIRECS;39.0;6
45900;SUBMISSION;;VEV_5300;XIRECS;39.0;10
45900;SUBMISSION;;VEV_5300;XIRECS;39.0;6
46400;SUBMISSION;;VEV_5300;XIRECS;39.0;19
46400;SUBMISSION;;VEV_5300;XIRECS;39.0;1
47200;;;VEV_5400;XIRECS;11.0;3
47200;;;VEV_5500;XIRECS;3.0;3
47200;;;VEV_6000;XIRECS;0.0;3
47200;;;VEV_6500;XIRECS;0.0;3
48200;;;VELVETFRUIT_EXTRACT;XIRECS;5248.0;7
49700;;;VELVETFRUIT_EXTRACT;XIRECS;5250.0;7
50000;;;VELVETFRUIT_EXTRACT;XIRECS;5256.0;4
50700;;;HYDROGEL_PACK;XIRECS;10032.0;5
52300;;;HYDROGEL_PACK;XIRECS;10034.0;6
54400;;;VEV_5400;XIRECS;11.0;2
54400;;;VEV_5500;XIRECS;3.0;2
54400;;;VEV_6000;XIRECS;0.0;2
54400;;;VEV_6500;XIRECS;0.0;2
55100;;;VELVETFRUIT_EXTRACT;XIRECS;5247.0;4
56200;;;HYDROGEL_PACK;XIRECS;10037.0;6
56400;;;VELVETFRUIT_EXTRACT;XIRECS;5250.0;5
58300;;;VELVETFRUIT_EXTRACT;XIRECS;5257.0;6
60600;;;VEV_4000;XIRECS;1239.0;2
61300;;;HYDROGEL_PACK;XIRECS;10066.0;6
62400;;;VELVETFRUIT_EXTRACT;XIRECS;5246.0;5
64800;;;HYDROGEL_PACK;XIRECS;10055.0;2
67600;;;VELVETFRUIT_EXTRACT;XIRECS;5261.0;7
68000;;;VELVETFRUIT_EXTRACT;XIRECS;5261.0;5
69000;;;HYDROGEL_PACK;XIRECS;10036.0;4
69400;;;VELVETFRUIT_EXTRACT;XIRECS;5255.0;8
69900;;;VEV_5400;XIRECS;12.0;5
69900;;;VEV_5500;XIRECS;3.0;5
69900;;;VEV_6000;XIRECS;0.0;5
69900;;;VEV_6500;XIRECS;0.0;5
70100;;;VEV_5400;XIRECS;12.0;5
70100;;;VEV_5500;XIRECS;3.0;5
70100;;;VEV_6000;XIRECS;0.0;5
70100;;;VEV_6500;XIRECS;0.0;5
70200;;;VEV_4000;XIRECS;1267.0;1
70300;;;VEV_5400;XIRECS;12.0;4
70300;;;VEV_5500;XIRECS;3.0;4
70300;;;VEV_6000;XIRECS;0.0;4
70300;;;VEV_6500;XIRECS;0.0;4
74300;;;VEV_5300;XIRECS;41.0;3
74300;;;VEV_5400;XIRECS;12.0;3
74300;;;VEV_6000;XIRECS;0.0;3
74300;;;VEV_6500;XIRECS;0.0;3
74900;;;VELVETFRUIT_EXTRACT;XIRECS;5257.0;8
76100;;;VEV_4000;XIRECS;1247.0;2
77100;;;VELVETFRUIT_EXTRACT;XIRECS;5255.0;5
77300;;;VELVETFRUIT_EXTRACT;XIRECS;5256.0;8
77300;;;VELVETFRUIT_EXTRACT;XIRECS;5256.0;6
77600;;;VELVETFRUIT_EXTRACT;XIRECS;5255.0;7
78900;;;VELVETFRUIT_EXTRACT;XIRECS;5256.0;6
79900;;;HYDROGEL_PACK;XIRECS;10050.0;6
80000;;;VELVETFRUIT_EXTRACT;XIRECS;5257.0;8
83500;;;HYDROGEL_PACK;XIRECS;10055.0;5
84100;;;VELVETFRUIT_EXTRACT;XIRECS;5254.0;3
84900;;;HYDROGEL_PACK;XIRECS;10040.0;5
85000;;;VELVETFRUIT_EXTRACT;XIRECS;5248.0;6
86100;;;VELVETFRUIT_EXTRACT;XIRECS;5244.0;6
87100;;;HYDROGEL_PACK;XIRECS;10034.0;4
87300;;;VEV_5400;XIRECS;10.0;3
87300;;;VEV_5500;XIRECS;3.0;3
87300;;;VEV_6000;XIRECS;0.0;3
87300;;;VEV_6500;XIRECS;0.0;3
87400;;;VELVETFRUIT_EXTRACT;XIRECS;5245.0;6
88200;;;VEV_4000;XIRECS;1257.0;3
88300;;;VELVETFRUIT_EXTRACT;XIRECS;5245.0;6
89600;;;VEV_4000;XIRECS;1257.0;2
89800;;;HYDROGEL_PACK;XIRECS;10045.0;4
91700;;;VELVETFRUIT_EXTRACT;XIRECS;5250.0;6
92200;;;VEV_5300;XIRECS;40.0;3
92200;;;VEV_5400;XIRECS;12.0;3
92200;;;VEV_5500;XIRECS;3.0;3
92200;;;VEV_6000;XIRECS;0.0;3
92200;;;VEV_6500;XIRECS;0.0;3
92700;;;VELVETFRUIT_EXTRACT;XIRECS;5261.0;5
93700;;;VELVETFRUIT_EXTRACT;XIRECS;5259.0;4
95200;;;HYDROGEL_PACK;XIRECS;10043.0;5
95700;;;VELVETFRUIT_EXTRACT;XIRECS;5259.0;8
96600;;;VELVETFRUIT_EXTRACT;XIRECS;5253.0;4
98400;;;VELVETFRUIT_EXTRACT;XIRECS;5258.0;8
98900;;;VEV_5200;XIRECS;88.0;3
98900;;;VEV_5300;XIRECS;39.0;3
98900;;;VEV_5400;XIRECS;11.0;3
98900;;;VEV_5500;XIRECS;3.0;3
98900;;;VEV_6000;XIRECS;0.0;3
98900;;;VEV_6500;XIRECS;0.0;3
99400;;;VELVETFRUIT_EXTRACT;XIRECS;5253.0;12
100500;;;HYDROGEL_PACK;XIRECS;10010.0;6
101300;;;VELVETFRUIT_EXTRACT;XIRECS;5258.0;4
101900;;;VELVETFRUIT_EXTRACT;XIRECS;5250.0;3
102200;;;VELVETFRUIT_EXTRACT;XIRECS;5253.0;4
103700;;;VELVETFRUIT_EXTRACT;XIRECS;5251.0;8
103800;;;VELVETFRUIT_EXTRACT;XIRECS;5251.0;8
104600;;;VEV_4000;XIRECS;1261.0;1
106800;;;VEV_4000;XIRECS;1239.0;2
108400;;;HYDROGEL_PACK;XIRECS;10026.0;5
108800;;;VEV_4000;XIRECS;1244.0;3
109400;;;VELVETFRUIT_EXTRACT;XIRECS;5252.0;8
109500;;;HYDROGEL_PACK;XIRECS;10013.0;6
110200;;;HYDROGEL_PACK;XIRECS;10019.0;5
111400;;;VELVETFRUIT_EXTRACT;XIRECS;5245.0;4
111600;;;VELVETFRUIT_EXTRACT;XIRECS;5244.0;6
112400;;;HYDROGEL_PACK;XIRECS;10038.0;4
115000;;;VELVETFRUIT_EXTRACT;XIRECS;5239.0;9
117400;;;VELVETFRUIT_EXTRACT;XIRECS;5231.0;9
117800;;;VEV_4000;XIRECS;1247.0;1
118500;;;HYDROGEL_PACK;XIRECS;10043.0;5
118700;;;VEV_5400;XIRECS;9.0;4
118700;;;VEV_5500;XIRECS;2.0;4
118700;;;VEV_6000;XIRECS;0.0;4
118700;;;VEV_6500;XIRECS;0.0;4
119000;;;HYDROGEL_PACK;XIRECS;10028.0;6
119700;;;VELVETFRUIT_EXTRACT;XIRECS;5241.0;6
119900;;;HYDROGEL_PACK;XIRECS;10022.0;2
121500;;;HYDROGEL_PACK;XIRECS;10030.0;4
121800;;;VELVETFRUIT_EXTRACT;XIRECS;5243.0;8
122400;;;VELVETFRUIT_EXTRACT;XIRECS;5241.0;5
122600;;;HYDROGEL_PACK;XIRECS;10012.0;4
123100;;;VEV_4000;XIRECS;1255.0;3
123700;;;HYDROGEL_PACK;XIRECS;10010.0;2
124700;;;VELVETFRUIT_EXTRACT;XIRECS;5242.0;4
125300;;;HYDROGEL_PACK;XIRECS;10029.0;4
125700;;;VEV_4000;XIRECS;1249.0;1
126600;;;HYDROGEL_PACK;XIRECS;10020.0;6
126600;;;VEV_5400;XIRECS;9.0;5
126600;;;VEV_5500;XIRECS;2.0;5
126600;;;VEV_6000;XIRECS;0.0;5
126600;;;VEV_6500;XIRECS;0.0;5
127100;;;VELVETFRUIT_EXTRACT;XIRECS;5242.0;7
128200;;;HYDROGEL_PACK;XIRECS;10029.0;2
128700;;;VEV_5200;XIRECS;77.0;3
128700;;;VEV_5300;XIRECS;33.0;3
128700;;;VEV_5400;XIRECS;9.0;3
128700;;;VEV_5500;XIRECS;2.0;3
128700;;;VEV_6000;XIRECS;0.0;3
128700;;;VEV_6500;XIRECS;0.0;3
129000;;;VELVETFRUIT_EXTRACT;XIRECS;5240.0;8
129800;;;VEV_4000;XIRECS;1233.0;1
130000;;;HYDROGEL_PACK;XIRECS;10014.0;4
130700;;;HYDROGEL_PACK;XIRECS;10026.0;2
130800;;;VELVETFRUIT_EXTRACT;XIRECS;5247.0;9
131500;;;HYDROGEL_PACK;XIRECS;10020.0;5
132100;;;VEV_5400;XIRECS;10.0;4
132100;;;VEV_5500;XIRECS;3.0;4
132100;;;VEV_6000;XIRECS;0.0;4
132100;;;VEV_6500;XIRECS;0.0;4
132500;;;VELVETFRUIT_EXTRACT;XIRECS;5253.0;3
135900;;;VELVETFRUIT_EXTRACT;XIRECS;5255.0;6
136100;;;HYDROGEL_PACK;XIRECS;10018.0;6
137700;;;VEV_5300;XIRECS;36.0;4
137700;;;VEV_5400;XIRECS;10.0;4
137700;;;VEV_5500;XIRECS;3.0;4
137700;;;VEV_6000;XIRECS;0.0;4
137700;;;VEV_6500;XIRECS;0.0;4
138200;;;HYDROGEL_PACK;XIRECS;10023.0;4
139400;;;VEV_4000;XIRECS;1254.0;1
140700;;;VEV_4000;XIRECS;1251.0;2
141900;;;VELVETFRUIT_EXTRACT;XIRECS;5236.0;6
142700;;;HYDROGEL_PACK;XIRECS;10015.0;6
142700;;;VEV_5400;XIRECS;9.0;5
142700;;;VEV_5500;XIRECS;2.0;5
142700;;;VEV_6000;XIRECS;0.0;5
142700;;;VEV_6500;XIRECS;0.0;5
143600;;;VELVETFRUIT_EXTRACT;XIRECS;5243.0;4
144500;;;VELVETFRUIT_EXTRACT;XIRECS;5247.0;7
144800;;;VEV_5400;XIRECS;10.0;3
144800;;;VEV_5500;XIRECS;2.0;3
144800;;;VEV_6000;XIRECS;0.0;3
144800;;;VEV_6500;XIRECS;0.0;3
145100;;;VELVETFRUIT_EXTRACT;XIRECS;5243.0;5
145500;;;VEV_4000;XIRECS;1235.0;2
148500;;;HYDROGEL_PACK;XIRECS;9999.0;3
148800;;;VEV_4000;XIRECS;1234.0;2
150300;;;HYDROGEL_PACK;XIRECS;9988.0;3
150700;;;HYDROGEL_PACK;XIRECS;9990.0;3
151400;;;HYDROGEL_PACK;XIRECS;10015.0;6
151600;;;VELVETFRUIT_EXTRACT;XIRECS;5245.0;7
152300;;;HYDROGEL_PACK;XIRECS;10019.0;4
153500;;;VELVETFRUIT_EXTRACT;XIRECS;5240.0;7
153700;;;HYDROGEL_PACK;XIRECS;10012.0;3
155400;;;VEV_4000;XIRECS;1239.0;2
155400;;;VEV_4500;XIRECS;739.0;2
155400;;;VEV_5000;XIRECS;242.0;2
155400;;;VEV_5100;XIRECS;151.0;2
155400;;;VEV_5200;XIRECS;79.0;2
155400;;;VEV_5300;XIRECS;33.0;2
155400;;;VEV_5400;XIRECS;9.0;2
155400;;;VEV_5500;XIRECS;2.0;2
155400;;;VEV_6000;XIRECS;0.0;2
155400;;;VEV_6500;XIRECS;0.0;2
157200;;SUBMISSION;VELVETFRUIT_EXTRACT;XIRECS;5231.0;24
157200;;SUBMISSION;VELVETFRUIT_EXTRACT;XIRECS;5230.0;41
157200;;SUBMISSION;VEV_5000;XIRECS;234.0;12
157200;;SUBMISSION;VEV_5000;XIRECS;233.0;16
157200;;SUBMISSION;VEV_5100;XIRECS;144.0;16
157200;;SUBMISSION;VEV_5100;XIRECS;144.0;12
157200;;SUBMISSION;VEV_5200;XIRECS;74.0;16
157200;;SUBMISSION;VEV_5200;XIRECS;74.0;12
157200;;SUBMISSION;VEV_5300;XIRECS;31.0;19
157200;;SUBMISSION;VEV_5300;XIRECS;31.0;8
157400;SUBMISSION;;VELVETFRUIT_EXTRACT;XIRECS;5236.0;23
157400;SUBMISSION;;VELVETFRUIT_EXTRACT;XIRECS;5237.0;40
157400;SUBMISSION;;VEV_5000;XIRECS;240.0;22
157400;SUBMISSION;;VEV_5000;XIRECS;240.0;6
157400;SUBMISSION;;VEV_5100;XIRECS;149.0;22
157400;SUBMISSION;;VEV_5100;XIRECS;149.0;6
157400;SUBMISSION;;VEV_5200;XIRECS;77.0;22
157400;SUBMISSION;;VEV_5200;XIRECS;77.0;6
157400;SUBMISSION;;VEV_5300;XIRECS;33.0;17
157400;SUBMISSION;;VEV_5300;XIRECS;33.0;10
157500;;;HYDROGEL_PACK;XIRECS;10033.0;6
157600;SUBMISSION;;VELVETFRUIT_EXTRACT;XIRECS;5236.0;2
158000;;;VELVETFRUIT_EXTRACT;XIRECS;5237.0;8
158400;;SUBMISSION;VELVETFRUIT_EXTRACT;XIRECS;5230.0;13
158400;;SUBMISSION;VELVETFRUIT_EXTRACT;XIRECS;5227.0;41
158400;;SUBMISSION;VELVETFRUIT_EXTRACT;XIRECS;5227.0;18
158400;;SUBMISSION;VEV_5000;XIRECS;230.0;21
158400;;SUBMISSION;VEV_5000;XIRECS;230.0;6
158400;;SUBMISSION;VEV_5100;XIRECS;142.0;6
158400;;SUBMISSION;VEV_5100;XIRECS;141.0;21
158400;;SUBMISSION;VEV_5200;XIRECS;72.0;21
158400;;SUBMISSION;VEV_5200;XIRECS;72.0;6
158400;;SUBMISSION;VEV_5300;XIRECS;30.0;12
158400;;SUBMISSION;VEV_5300;XIRECS;30.0;8
158500;SUBMISSION;;VELVETFRUIT_EXTRACT;XIRECS;5233.0;46
158500;SUBMISSION;;VELVETFRUIT_EXTRACT;XIRECS;5233.0;20
158500;SUBMISSION;;VEV_5000;XIRECS;236.0;6
158500;SUBMISSION;;VEV_5000;XIRECS;237.0;20
158500;SUBMISSION;;VEV_5100;XIRECS;146.0;20
158500;SUBMISSION;;VEV_5100;XIRECS;146.0;6
158500;SUBMISSION;;VEV_5200;XIRECS;75.0;20
158500;SUBMISSION;;VEV_5200;XIRECS;75.0;6
158500;SUBMISSION;;VEV_5300;XIRECS;32.0;13
158500;SUBMISSION;;VEV_5300;XIRECS;32.0;7
158700;SUBMISSION;;VELVETFRUIT_EXTRACT;XIRECS;5234.0;6
158700;SUBMISSION;;VEV_5000;XIRECS;237.0;1
158700;SUBMISSION;;VEV_5100;XIRECS;146.0;1
158700;SUBMISSION;;VEV_5200;XIRECS;75.0;1
159200;;SUBMISSION;VEV_5000;XIRECS;234.0;11
159200;;SUBMISSION;VEV_5000;XIRECS;233.0;15
159200;;SUBMISSION;VEV_5100;XIRECS;144.0;15
159200;;SUBMISSION;VEV_5100;XIRECS;144.0;11
159200;;SUBMISSION;VEV_5200;XIRECS;74.0;15
159200;;SUBMISSION;VEV_5200;XIRECS;74.0;11
159200;;SUBMISSION;VEV_5300;XIRECS;31.0;12
159200;;SUBMISSION;VEV_5300;XIRECS;31.0;7
159800;SUBMISSION;;VEV_5000;XIRECS;239.0;7
159800;SUBMISSION;;VEV_5000;XIRECS;240.0;19
159800;SUBMISSION;;VEV_5100;XIRECS;148.0;7
159800;SUBMISSION;;VEV_5100;XIRECS;149.0;19
159800;SUBMISSION;;VEV_5200;XIRECS;77.0;19
159800;SUBMISSION;;VEV_5200;XIRECS;77.0;7
159800;SUBMISSION;;VEV_5300;XIRECS;33.0;17
159800;SUBMISSION;;VEV_5300;XIRECS;33.0;2
160000;;;VELVETFRUIT_EXTRACT;XIRECS;5236.0;8
160100;;;HYDROGEL_PACK;XIRECS;10044.0;4
165300;;;VEV_4000;XIRECS;1251.0;3
165600;;;VELVETFRUIT_EXTRACT;XIRECS;5237.0;6
166000;;;VEV_5400;XIRECS;9.0;5
166000;;;VEV_5500;XIRECS;2.0;5
166000;;;VEV_6000;XIRECS;0.0;5
166000;;;VEV_6500;XIRECS;0.0;5
167900;;;VEV_4000;XIRECS;1232.0;1
170900;;;VELVETFRUIT_EXTRACT;XIRECS;5249.0;5
172300;;;VEV_5500;XIRECS;3.0;2
172300;;;VEV_6000;XIRECS;0.0;2
172300;;;VEV_6500;XIRECS;0.0;2
173800;;;HYDROGEL_PACK;XIRECS;10037.0;5
174100;;;HYDROGEL_PACK;XIRECS;10040.0;2
174800;;;VELVETFRUIT_EXTRACT;XIRECS;5253.0;5
175100;;;VEV_4000;XIRECS;1259.0;3
175300;;;VELVETFRUIT_EXTRACT;XIRECS;5250.0;7
176700;;;VEV_4000;XIRECS;1238.0;1
177200;;;HYDROGEL_PACK;XIRECS;10030.0;2
180300;;;VEV_4000;XIRECS;1258.0;3
180800;;;HYDROGEL_PACK;XIRECS;10018.0;5
181200;;;VEV_4000;XIRECS;1235.0;2
182100;;;HYDROGEL_PACK;XIRECS;10019.0;6
182100;;;VEV_4000;XIRECS;1237.0;3
182500;;;HYDROGEL_PACK;XIRECS;10007.0;6
182600;;;VELVETFRUIT_EXTRACT;XIRECS;5245.0;6
183100;;;VEV_4000;XIRECS;1237.0;3
183400;;;HYDROGEL_PACK;XIRECS;10031.0;4
186200;;;VELVETFRUIT_EXTRACT;XIRECS;5242.0;8
189100;;;HYDROGEL_PACK;XIRECS;9992.0;4
190700;;;VELVETFRUIT_EXTRACT;XIRECS;5247.0;3
191300;;;VEV_4000;XIRECS;1259.0;1
191900;;;VEV_4000;XIRECS;1236.0;1
192600;;;VELVETFRUIT_EXTRACT;XIRECS;5247.0;6
194700;;;HYDROGEL_PACK;XIRECS;10006.0;3
195800;;;VELVETFRUIT_EXTRACT;XIRECS;5250.0;7
196600;;;VEV_4000;XIRECS;1234.0;1
197500;;;VELVETFRUIT_EXTRACT;XIRECS;5247.0;3
198800;;;HYDROGEL_PACK;XIRECS;10029.0;5
199000;;;VELVETFRUIT_EXTRACT;XIRECS;5236.0;3
200100;;;HYDROGEL_PACK;XIRECS;10028.0;3
201600;;;VELVETFRUIT_EXTRACT;XIRECS;5239.0;4
202200;;;HYDROGEL_PACK;XIRECS;9995.0;5
202500;;;VEV_4000;XIRECS;1247.0;1
203300;;;HYDROGEL_PACK;XIRECS;10000.0;4
203500;;;HYDROGEL_PACK;XIRECS;10003.0;3
203800;;;VEV_4000;XIRECS;1245.0;1
204800;;;HYDROGEL_PACK;XIRECS;9993.0;4
205100;;;HYDROGEL_PACK;XIRECS;9986.0;5
205400;;;HYDROGEL_PACK;XIRECS;10005.0;4
206300;;;HYDROGEL_PACK;XIRECS;9981.0;6
207500;;;VELVETFRUIT_EXTRACT;XIRECS;5237.0;8
207600;;;VELVETFRUIT_EXTRACT;XIRECS;5237.0;5
208400;;;VELVETFRUIT_EXTRACT;XIRECS;5239.0;5
209200;SUBMISSION;;HYDROGEL_PACK;XIRECS;9979.0;5
212500;;SUBMISSION;VELVETFRUIT_EXTRACT;XIRECS;5230.0;18
212500;;SUBMISSION;VELVETFRUIT_EXTRACT;XIRECS;5229.0;32
212500;;SUBMISSION;VEV_5300;XIRECS;30.0;16
212500;;SUBMISSION;VEV_5300;XIRECS;30.0;8
213400;;;HYDROGEL_PACK;XIRECS;9994.0;3
214000;;;VELVETFRUIT_EXTRACT;XIRECS;5233.0;5
215100;;;VELVETFRUIT_EXTRACT;XIRECS;5231.0;14
215700;;;VELVETFRUIT_EXTRACT;XIRECS;5234.0;3
216300;;SUBMISSION;VELVETFRUIT_EXTRACT;XIRECS;5228.0;22
216300;;SUBMISSION;VELVETFRUIT_EXTRACT;XIRECS;5227.0;49
216400;;SUBMISSION;VEV_5000;XIRECS;230.0;9
216400;;SUBMISSION;VEV_5000;XIRECS;229.0;15
216400;;SUBMISSION;VEV_5100;XIRECS;141.0;15
216400;;SUBMISSION;VEV_5100;XIRECS;141.0;9
216400;;SUBMISSION;VEV_5200;XIRECS;72.0;15
216400;;SUBMISSION;VEV_5200;XIRECS;72.0;9
216600;SUBMISSION;;VELVETFRUIT_EXTRACT;XIRECS;5231.0;20
216600;SUBMISSION;;VELVETFRUIT_EXTRACT;XIRECS;5232.0;43
216600;SUBMISSION;;VEV_5000;XIRECS;235.0;14
216600;SUBMISSION;;VEV_5000;XIRECS;235.0;10
216600;SUBMISSION;;VEV_5100;XIRECS;144.0;11
216600;SUBMISSION;;VEV_5100;XIRECS;145.0;13
216600;SUBMISSION;;VEV_5200;XIRECS;74.0;14
216600;SUBMISSION;;VEV_5200;XIRECS;74.0;10
216600;SUBMISSION;;VEV_5300;XIRECS;31.0;18
216600;SUBMISSION;;VEV_5300;XIRECS;31.0;6
216700;SUBMISSION;;VELVETFRUIT_EXTRACT;XIRECS;5230.0;47
216700;SUBMISSION;;VELVETFRUIT_EXTRACT;XIRECS;5230.0;11
217000;;SUBMISSION;HYDROGEL_PACK;XIRECS;10010.0;5
217100;;;HYDROGEL_PACK;XIRECS;10020.0;3
218200;;;VELVETFRUIT_EXTRACT;XIRECS;5233.0;8
218300;;;VEV_5300;XIRECS;29.0;5
218300;;;VEV_5400;XIRECS;8.0;5
218300;;;VEV_5500;XIRECS;2.0;5
218300;;;VEV_6000;XIRECS;0.0;5
218300;;;VEV_6500;XIRECS;0.0;5
220600;;;HYDROGEL_PACK;XIRECS;10013.0;5
220800;;;VEV_5300;XIRECS;31.0;4
220800;;;VEV_5400;XIRECS;8.0;4
220800;;;VEV_5500;XIRECS;2.0;4
220800;;;VEV_6000;XIRECS;0.0;4
220800;;;VEV_6500;XIRECS;0.0;4
221900;;;HYDROGEL_PACK;XIRECS;10036.0;5
222300;;;HYDROGEL_PACK;XIRECS;10035.0;2
222400;;;VEV_5200;XIRECS;71.0;2
222400;;;VEV_5300;XIRECS;29.0;2
222400;;;VEV_5400;XIRECS;8.0;2
222400;;;VEV_5500;XIRECS;2.0;2
222400;;;VEV_6000;XIRECS;0.0;2
222400;;;VEV_6500;XIRECS;0.0;2
224400;;;VELVETFRUIT_EXTRACT;XIRECS;5231.0;4
225000;;;VELVETFRUIT_EXTRACT;XIRECS;5232.0;7
229500;;;VELVETFRUIT_EXTRACT;XIRECS;5239.0;4
229500;;;VEV_4000;XIRECS;1252.0;2
230300;SUBMISSION;;HYDROGEL_PACK;XIRECS;9979.0;5
230400;SUBMISSION;;HYDROGEL_PACK;XIRECS;9979.0;7
230800;SUBMISSION;;HYDROGEL_PACK;XIRECS;9977.0;8
230900;;;HYDROGEL_PACK;XIRECS;9984.0;6
231300;SUBMISSION;;HYDROGEL_PACK;XIRECS;9978.0;3
231300;;;VELVETFRUIT_EXTRACT;XIRECS;5238.0;7
232300;SUBMISSION;;HYDROGEL_PACK;XIRECS;9977.0;5
233100;;;VEV_4000;XIRECS;1222.0;3
233900;;;VELVETFRUIT_EXTRACT;XIRECS;5233.0;8
234500;;;VELVETFRUIT_EXTRACT;XIRECS;5238.0;4
234700;;;VEV_4000;XIRECS;1244.0;2
235900;;;HYDROGEL_PACK;XIRECS;9992.0;3
236100;;;VELVETFRUIT_EXTRACT;XIRECS;5228.0;8
236300;;;HYDROGEL_PACK;XIRECS;9994.0;4
237600;;SUBMISSION;HYDROGEL_PACK;XIRECS;10010.0;11
237700;;SUBMISSION;HYDROGEL_PACK;XIRECS;10012.0;15
237700;;SUBMISSION;HYDROGEL_PACK;XIRECS;10009.0;2
240100;;;HYDROGEL_PACK;XIRECS;10013.0;2
240700;;;VEV_4000;XIRECS;1225.0;3
241200;;;VEV_4000;XIRECS;1222.0;1
243700;;;VEV_5300;XIRECS;31.0;2
243700;;;VEV_5400;XIRECS;9.0;2
243700;;;VEV_5500;XIRECS;2.0;2
243700;;;VEV_6000;XIRECS;0.0;2
243700;;;VEV_6500;XIRECS;0.0;2
243900;;;VELVETFRUIT_EXTRACT;XIRECS;5239.0;3
245100;;;VELVETFRUIT_EXTRACT;XIRECS;5229.0;8
245700;;;VELVETFRUIT_EXTRACT;XIRECS;5232.0;3
247000;;;HYDROGEL_PACK;XIRECS;10038.0;6
248100;;;VELVETFRUIT_EXTRACT;XIRECS;5239.0;8
250200;;;VEV_5400;XIRECS;9.0;5
250200;;;VEV_5500;XIRECS;2.0;5
250200;;;VEV_6000;XIRECS;0.0;5
250200;;;VEV_6500;XIRECS;0.0;5
251400;;;VELVETFRUIT_EXTRACT;XIRECS;5235.0;4
252100;;;VELVETFRUIT_EXTRACT;XIRECS;5241.0;3
252700;;;VEV_4000;XIRECS;1250.0;1
253400;;;VEV_5200;XIRECS;80.0;5
253400;;;VEV_5500;XIRECS;2.0;5
253400;;;VEV_6000;XIRECS;0.0;5
253400;;;VEV_6500;XIRECS;0.0;5
254000;;;VELVETFRUIT_EXTRACT;XIRECS;5242.0;7
254300;;;VELVETFRUIT_EXTRACT;XIRECS;5239.0;15
254800;;;HYDROGEL_PACK;XIRECS;10031.0;4
254900;;;HYDROGEL_PACK;XIRECS;10036.0;3
256400;;;HYDROGEL_PACK;XIRECS;10032.0;4
258200;;;HYDROGEL_PACK;XIRECS;10010.0;3
259200;;;HYDROGEL_PACK;XIRECS;10023.0;4
259900;;;HYDROGEL_PACK;XIRECS;10001.0;2
260600;;;VELVETFRUIT_EXTRACT;XIRECS;5228.0;6
261600;;;HYDROGEL_PACK;XIRECS;9995.0;6
261700;;;VELVETFRUIT_EXTRACT;XIRECS;5231.0;4
262100;;;HYDROGEL_PACK;XIRECS;10011.0;6
262500;;;VELVETFRUIT_EXTRACT;XIRECS;5231.0;5
263200;;;VEV_4000;XIRECS;1216.0;3
263400;;;VELVETFRUIT_EXTRACT;XIRECS;5231.0;3
263500;;;VELVETFRUIT_EXTRACT;XIRECS;5230.0;5
264000;;;VELVETFRUIT_EXTRACT;XIRECS;5230.0;9
265900;;;HYDROGEL_PACK;XIRECS;9982.0;6
266300;;;HYDROGEL_PACK;XIRECS;10001.0;6
268100;;;VEV_4000;XIRECS;1247.0;3
268500;;;VELVETFRUIT_EXTRACT;XIRECS;5236.0;3
268800;;;HYDROGEL_PACK;XIRECS;10005.0;2
269000;;;VEV_5200;XIRECS;76.0;2
269000;;;VEV_5300;XIRECS;32.0;2
269000;;;VEV_5400;XIRECS;9.0;2
269000;;;VEV_5500;XIRECS;2.0;2
269000;;;VEV_6000;XIRECS;0.0;2
269000;;;VEV_6500;XIRECS;0.0;2
270900;;;HYDROGEL_PACK;XIRECS;9994.0;6
272300;;;VELVETFRUIT_EXTRACT;XIRECS;5233.0;6
273400;;;VEV_5500;XIRECS;2.0;5
273400;;;VEV_6000;XIRECS;0.0;5
273400;;;VEV_6500;XIRECS;0.0;5
276600;;;HYDROGEL_PACK;XIRECS;10001.0;6
277600;;;VELVETFRUIT_EXTRACT;XIRECS;5241.0;5
277800;;;HYDROGEL_PACK;XIRECS;9990.0;6
281100;;;VELVETFRUIT_EXTRACT;XIRECS;5237.0;8
281800;;;VELVETFRUIT_EXTRACT;XIRECS;5237.0;4
281900;;;HYDROGEL_PACK;XIRECS;10020.0;2
282100;;;VELVETFRUIT_EXTRACT;XIRECS;5235.0;7
283900;;;VELVETFRUIT_EXTRACT;XIRECS;5237.0;6
284600;;;VELVETFRUIT_EXTRACT;XIRECS;5241.0;7
285600;;;VELVETFRUIT_EXTRACT;XIRECS;5245.0;7
285700;;;VELVETFRUIT_EXTRACT;XIRECS;5243.0;5
285900;;;VELVETFRUIT_EXTRACT;XIRECS;5247.0;8
287000;;;VELVETFRUIT_EXTRACT;XIRECS;5241.0;7
289400;;;VEV_5300;XIRECS;31.0;2
289400;;;VEV_5400;XIRECS;8.0;2
289400;;;VEV_5500;XIRECS;2.0;2
289400;;;VEV_6000;XIRECS;0.0;2
289400;;;VEV_6500;XIRECS;0.0;2
289600;;;VELVETFRUIT_EXTRACT;XIRECS;5234.0;6
290900;;;VEV_5300;XIRECS;29.0;4
290900;;;VEV_5400;XIRECS;8.0;4
290900;;;VEV_5500;XIRECS;1.0;4
290900;;;VEV_6000;XIRECS;0.0;4
290900;;;VEV_6500;XIRECS;0.0;4
292600;;;VELVETFRUIT_EXTRACT;XIRECS;5230.0;7
293300;;;VELVETFRUIT_EXTRACT;XIRECS;5225.0;3
293400;;;VELVETFRUIT_EXTRACT;XIRECS;5223.0;6
294300;;;VELVETFRUIT_EXTRACT;XIRECS;5226.0;10
295400;;;VELVETFRUIT_EXTRACT;XIRECS;5218.0;3
295600;;;VELVETFRUIT_EXTRACT;XIRECS;5221.0;8
296200;;;HYDROGEL_PACK;XIRECS;10033.0;6
296500;;;VEV_4000;XIRECS;1232.0;3
298100;;;VELVETFRUIT_EXTRACT;XIRECS;5225.0;5
298800;;;VELVETFRUIT_EXTRACT;XIRECS;5217.0;7
302800;;;VELVETFRUIT_EXTRACT;XIRECS;5224.0;3
303900;;;VEV_4000;XIRECS;1210.0;3
305500;;;VELVETFRUIT_EXTRACT;XIRECS;5226.0;8
306100;;;HYDROGEL_PACK;XIRECS;9999.0;4
306300;;;VELVETFRUIT_EXTRACT;XIRECS;5226.0;6
309000;;;VELVETFRUIT_EXTRACT;XIRECS;5220.0;6
310300;;;VELVETFRUIT_EXTRACT;XIRECS;5226.0;3
310600;;;HYDROGEL_PACK;XIRECS;9997.0;5
310900;;;VELVETFRUIT_EXTRACT;XIRECS;5226.0;3
312000;SUBMISSION;;HYDROGEL_PACK;XIRECS;9979.0;3
312800;SUBMISSION;;HYDROGEL_PACK;XIRECS;9979.0;5
314800;;;HYDROGEL_PACK;XIRECS;9995.0;2
315800;;;VEV_5300;XIRECS;28.0;3
315800;;;VEV_5400;XIRECS;7.0;3
315800;;;VEV_5500;XIRECS;1.0;3
315800;;;VEV_6000;XIRECS;0.0;3
315800;;;VEV_6500;XIRECS;0.0;3
317100;;;VELVETFRUIT_EXTRACT;XIRECS;5224.0;6
317200;;;VEV_5300;XIRECS;28.0;4
317200;;;VEV_5400;XIRECS;7.0;4
317200;;;VEV_5500;XIRECS;1.0;4
317200;;;VEV_6000;XIRECS;0.0;4
317200;;;VEV_6500;XIRECS;0.0;4
318600;;;VELVETFRUIT_EXTRACT;XIRECS;5228.0;4
319100;;;VEV_4000;XIRECS;1213.0;3
319400;;;VELVETFRUIT_EXTRACT;XIRECS;5222.0;5
319700;;;VEV_5300;XIRECS;27.0;2
319700;;;VEV_5400;XIRECS;7.0;2
319700;;;VEV_5500;XIRECS;1.0;2
319700;;;VEV_6000;XIRECS;0.0;2
319700;;;VEV_6500;XIRECS;0.0;2
319800;SUBMISSION;;HYDROGEL_PACK;XIRECS;9979.0;2
320200;;;VELVETFRUIT_EXTRACT;XIRECS;5226.0;7
320200;;;VEV_5300;XIRECS;27.0;4
320200;;;VEV_5400;XIRECS;7.0;4
320200;;;VEV_5500;XIRECS;1.0;4
320200;;;VEV_6000;XIRECS;0.0;4
320200;;;VEV_6500;XIRECS;0.0;4
321600;SUBMISSION;;HYDROGEL_PACK;XIRECS;9978.0;10
321700;SUBMISSION;;HYDROGEL_PACK;XIRECS;9975.0;14
321700;SUBMISSION;;HYDROGEL_PACK;XIRECS;9978.0;11
321800;SUBMISSION;;HYDROGEL_PACK;XIRECS;9977.0;10
321900;;;HYDROGEL_PACK;XIRECS;9979.0;2
322600;SUBMISSION;;HYDROGEL_PACK;XIRECS;9977.0;10
322700;SUBMISSION;;HYDROGEL_PACK;XIRECS;9975.0;13
322800;SUBMISSION;;HYDROGEL_PACK;XIRECS;9975.0;14
323300;;;VELVETFRUIT_EXTRACT;XIRECS;5229.0;7
323600;SUBMISSION;;HYDROGEL_PACK;XIRECS;9975.0;2
323600;;;VEV_4000;XIRECS;1218.0;1
326700;;;VELVETFRUIT_EXTRACT;XIRECS;5235.0;3
326800;;;VELVETFRUIT_EXTRACT;XIRECS;5229.0;8
328200;;;VELVETFRUIT_EXTRACT;XIRECS;5227.0;3
328700;;;VEV_5200;XIRECS;72.0;3
328700;;;VEV_5300;XIRECS;29.0;3
328700;;;VEV_5400;XIRECS;7.0;3
328700;;;VEV_5500;XIRECS;1.0;3
328700;;;VEV_6000;XIRECS;0.0;3
328700;;;VEV_6500;XIRECS;0.0;3
329200;;;VEV_5200;XIRECS;73.0;5
329200;;;VEV_5300;XIRECS;30.0;5
329200;;;VEV_5500;XIRECS;1.0;5
329200;;;VEV_6000;XIRECS;0.0;5
329200;;;VEV_6500;XIRECS;0.0;5
329600;;;HYDROGEL_PACK;XIRECS;10000.0;2
330100;;;VELVETFRUIT_EXTRACT;XIRECS;5241.0;3
330700;;;HYDROGEL_PACK;XIRECS;9978.0;3
332000;;;VELVETFRUIT_EXTRACT;XIRECS;5238.0;8
332600;;;VEV_5300;XIRECS;32.0;2
332600;;;VEV_5400;XIRECS;8.0;2
332600;;;VEV_5500;XIRECS;2.0;2
332600;;;VEV_6000;XIRECS;0.0;2
332600;;;VEV_6500;XIRECS;0.0;2
332700;;;HYDROGEL_PACK;XIRECS;9986.0;5
332800;;;VELVETFRUIT_EXTRACT;XIRECS;5235.0;6
332900;;;VEV_4000;XIRECS;1247.0;3
333600;;;VELVETFRUIT_EXTRACT;XIRECS;5232.0;6
334800;;;HYDROGEL_PACK;XIRECS;10000.0;6
334800;;;VEV_4000;XIRECS;1247.0;2
337000;;SUBMISSION;HYDROGEL_PACK;XIRECS;10009.0;12
337100;;SUBMISSION;HYDROGEL_PACK;XIRECS;10010.0;13
337200;;SUBMISSION;HYDROGEL_PACK;XIRECS;10010.0;13
337300;;SUBMISSION;HYDROGEL_PACK;XIRECS;10010.0;11
337400;;SUBMISSION;HYDROGEL_PACK;XIRECS;10012.0;11
337400;;SUBMISSION;HYDROGEL_PACK;XIRECS;10009.0;14
337500;;SUBMISSION;HYDROGEL_PACK;XIRECS;10015.0;13
337500;;SUBMISSION;HYDROGEL_PACK;XIRECS;10013.0;7
339000;;;HYDROGEL_PACK;XIRECS;10017.0;3
339800;;;VEV_4000;XIRECS;1240.0;1
339900;;;VELVETFRUIT_EXTRACT;XIRECS;5228.0;3
344400;;;VEV_4000;XIRECS;1239.0;1
344800;;;HYDROGEL_PACK;XIRECS;10041.0;6
345900;;;VEV_4000;XIRECS;1240.0;2
346200;;;HYDROGEL_PACK;XIRECS;10021.0;2
346200;;;VEV_5400;XIRECS;7.0;3
346200;;;VEV_5500;XIRECS;1.0;3
346200;;;VEV_6000;XIRECS;0.0;3
346200;;;VEV_6500;XIRECS;0.0;3
346900;;;VELVETFRUIT_EXTRACT;XIRECS;5221.0;3
347100;;;HYDROGEL_PACK;XIRECS;10045.0;5
349100;;;VELVETFRUIT_EXTRACT;XIRECS;5220.0;6
349700;;;HYDROGEL_PACK;XIRECS;10040.0;2
350300;;;VEV_5200;XIRECS;68.0;4
350300;;;VEV_5300;XIRECS;27.0;4
350300;;;VEV_5500;XIRECS;1.0;4
350300;;;VEV_6000;XIRECS;0.0;4
350300;;;VEV_6500;XIRECS;0.0;4
352000;;;VELVETFRUIT_EXTRACT;XIRECS;5221.0;9
357500;;;VELVETFRUIT_EXTRACT;XIRECS;5216.0;11
358100;;;HYDROGEL_PACK;XIRECS;10043.0;3
358100;;;VEV_4000;XIRECS;1206.0;1
360100;;;HYDROGEL_PACK;XIRECS;10022.0;3
360300;;;VELVETFRUIT_EXTRACT;XIRECS;5219.0;5
361700;;;HYDROGEL_PACK;XIRECS;10036.0;3
362400;;;VEV_4000;XIRECS;1229.0;3
363100;;;VEV_5200;XIRECS;68.0;2
363100;;;VEV_5300;XIRECS;27.0;2
363100;;;VEV_5400;XIRECS;6.0;2
363100;;;VEV_5500;XIRECS;1.0;2
363100;;;VEV_6000;XIRECS;0.0;2
363100;;;VEV_6500;XIRECS;0.0;2
363400;;;VELVETFRUIT_EXTRACT;XIRECS;5228.0;8
363700;;;HYDROGEL_PACK;XIRECS;10034.0;3
364600;;;VELVETFRUIT_EXTRACT;XIRECS;5221.0;6
364700;;;VEV_5300;XIRECS;27.0;3
364700;;;VEV_5400;XIRECS;6.0;3
364700;;;VEV_5500;XIRECS;1.0;3
364700;;;VEV_6000;XIRECS;0.0;3
364700;;;VEV_6500;XIRECS;0.0;3
366200;;;HYDROGEL_PACK;XIRECS;10046.0;4
366700;;;HYDROGEL_PACK;XIRECS;10046.0;3
367300;;;VELVETFRUIT_EXTRACT;XIRECS;5228.0;5
367700;;;VELVETFRUIT_EXTRACT;XIRECS;5230.0;4
368400;;;HYDROGEL_PACK;XIRECS;10031.0;3
368900;;;HYDROGEL_PACK;XIRECS;10026.0;5
369300;;;VELVETFRUIT_EXTRACT;XIRECS;5231.0;5
369800;;;VEV_5200;XIRECS;70.0;5
369800;;;VEV_5300;XIRECS;28.0;5
369800;;;VEV_5400;XIRECS;7.0;5
369800;;;VEV_5500;XIRECS;1.0;5
369800;;;VEV_6000;XIRECS;0.0;5
369800;;;VEV_6500;XIRECS;0.0;5
370100;;;VEV_4000;XIRECS;1226.0;3
370100;;;VEV_4500;XIRECS;726.0;3
370100;;;VEV_5000;XIRECS;229.0;3
370100;;;VEV_5100;XIRECS;139.0;3
370100;;;VEV_5200;XIRECS;69.0;3
370100;;;VEV_5300;XIRECS;28.0;3
370200;;;HYDROGEL_PACK;XIRECS;10028.0;4
370900;;;HYDROGEL_PACK;XIRECS;10030.0;3
371300;;;VELVETFRUIT_EXTRACT;XIRECS;5233.0;6
371900;;;VELVETFRUIT_EXTRACT;XIRECS;5229.0;4
372800;;;VELVETFRUIT_EXTRACT;XIRECS;5235.0;4
373000;;;VELVETFRUIT_EXTRACT;XIRECS;5229.0;6
373200;;;VEV_4000;XIRECS;1224.0;3
376000;;;VELVETFRUIT_EXTRACT;XIRECS;5235.0;8
376200;;;VELVETFRUIT_EXTRACT;XIRECS;5233.0;4
377800;;;HYDROGEL_PACK;XIRECS;10034.0;5
378400;;;VELVETFRUIT_EXTRACT;XIRECS;5239.0;7
379400;;;VEV_4000;XIRECS;1234.0;1
380200;;;HYDROGEL_PACK;XIRECS;10034.0;6
380200;;;VELVETFRUIT_EXTRACT;XIRECS;5247.0;5
380700;;;VELVETFRUIT_EXTRACT;XIRECS;5249.0;3
381000;;;HYDROGEL_PACK;XIRECS;10020.0;3
382600;;;VELVETFRUIT_EXTRACT;XIRECS;5254.0;5
385400;;;VEV_5300;XIRECS;32.0;4
385400;;;VEV_5400;XIRECS;8.0;4
385400;;;VEV_5500;XIRECS;2.0;4
385400;;;VEV_6000;XIRECS;0.0;4
385400;;;VEV_6500;XIRECS;0.0;4
386400;;;HYDROGEL_PACK;XIRECS;10006.0;5
387000;;;VELVETFRUIT_EXTRACT;XIRECS;5246.0;4
389100;;;VEV_5300;XIRECS;32.0;2
389100;;;VEV_5400;XIRECS;8.0;2
389100;;;VEV_5500;XIRECS;2.0;2
389100;;;VEV_6000;XIRECS;0.0;2
389100;;;VEV_6500;XIRECS;0.0;2
389200;;;HYDROGEL_PACK;XIRECS;10006.0;2
389300;;;VEV_4000;XIRECS;1250.0;3
389800;;;VELVETFRUIT_EXTRACT;XIRECS;5242.0;5
390200;;;HYDROGEL_PACK;XIRECS;9996.0;2
390600;;;HYDROGEL_PACK;XIRECS;10000.0;6
391200;;;HYDROGEL_PACK;XIRECS;10003.0;2
391400;;;VEV_5300;XIRECS;34.0;4
391400;;;VEV_5400;XIRECS;9.0;4
391400;;;VEV_5500;XIRECS;2.0;4
391400;;;VEV_6000;XIRECS;0.0;4
391400;;;VEV_6500;XIRECS;0.0;4
391700;;;HYDROGEL_PACK;XIRECS;10026.0;4
391900;;;HYDROGEL_PACK;XIRECS;10010.0;4
392500;;;VEV_4000;XIRECS;1258.0;1
394800;;;HYDROGEL_PACK;XIRECS;10007.0;6
395400;;;VEV_4000;XIRECS;1259.0;3
395500;;;HYDROGEL_PACK;XIRECS;10031.0;3
396000;;;VEV_5200;XIRECS;85.0;4
396000;;;VEV_5400;XIRECS;10.0;4
396000;;;VEV_5500;XIRECS;2.0;4
396000;;;VEV_6000;XIRECS;0.0;4
396000;;;VEV_6500;XIRECS;0.0;4
396500;;;HYDROGEL_PACK;XIRECS;10018.0;5
396700;;;VEV_4000;XIRECS;1263.0;3
397000;;;HYDROGEL_PACK;XIRECS;10027.0;2
397100;;;HYDROGEL_PACK;XIRECS;10028.0;5
397200;;;VELVETFRUIT_EXTRACT;XIRECS;5255.0;5
397300;;;VEV_4000;XIRECS;1262.0;1
397900;;;VEV_4000;XIRECS;1262.0;2
398500;;;HYDROGEL_PACK;XIRECS;10015.0;6
398900;;;VELVETFRUIT_EXTRACT;XIRECS;5253.0;6
399000;;;VELVETFRUIT_EXTRACT;XIRECS;5248.0;5
399000;;;VEV_4000;XIRECS;1240.0;1
399600;;;VELVETFRUIT_EXTRACT;XIRECS;5252.0;6
399800;;;VELVETFRUIT_EXTRACT;XIRECS;5251.0;6
400200;;;HYDROGEL_PACK;XIRECS;10023.0;3
402000;;;VEV_4000;XIRECS;1241.0;3
404000;;;VELVETFRUIT_EXTRACT;XIRECS;5248.0;6
404300;;;HYDROGEL_PACK;XIRECS;9993.0;6
405400;;;VELVETFRUIT_EXTRACT;XIRECS;5241.0;8
406500;;;VELVETFRUIT_EXTRACT;XIRECS;5236.0;14
406800;;;HYDROGEL_PACK;XIRECS;10002.0;6
406900;;;VEV_4000;XIRECS;1225.0;1
409100;;;HYDROGEL_PACK;XIRECS;9979.0;3
409700;;;VELVETFRUIT_EXTRACT;XIRECS;5232.0;4
410800;;;VEV_4000;XIRECS;1223.0;1
411800;;;VELVETFRUIT_EXTRACT;XIRECS;5229.0;3
417100;;;HYDROGEL_PACK;XIRECS;10013.0;4
418200;;;VELVETFRUIT_EXTRACT;XIRECS;5229.0;6
419200;;;HYDROGEL_PACK;XIRECS;10013.0;2
420300;;;VEV_4000;XIRECS;1241.0;1
422800;;;VEV_4000;XIRECS;1219.0;1
424000;;;HYDROGEL_PACK;XIRECS;10039.0;4
426600;;;VELVETFRUIT_EXTRACT;XIRECS;5220.0;6
427800;;;VEV_4000;XIRECS;1228.0;1
428600;;;VEV_4000;XIRECS;1208.0;1
428900;;;VEV_5200;XIRECS;65.0;5
428900;;;VEV_5300;XIRECS;25.0;5
428900;;;VEV_5400;XIRECS;6.0;5
428900;;;VEV_5500;XIRECS;1.0;5
428900;;;VEV_6000;XIRECS;0.0;5
428900;;;VEV_6500;XIRECS;0.0;5
429300;;;VELVETFRUIT_EXTRACT;XIRECS;5219.0;7
429500;;;VELVETFRUIT_EXTRACT;XIRECS;5221.0;4
430100;;;VELVETFRUIT_EXTRACT;XIRECS;5217.0;6
431900;;;VEV_5200;XIRECS;63.0;5
431900;;;VEV_5300;XIRECS;24.0;5
431900;;;VEV_5400;XIRECS;5.0;5
431900;;;VEV_5500;XIRECS;1.0;5
431900;;;VEV_6000;XIRECS;0.0;5
431900;;;VEV_6500;XIRECS;0.0;5
432800;;;VELVETFRUIT_EXTRACT;XIRECS;5221.0;7
434200;;;VEV_4000;XIRECS;1203.0;2
434400;;;HYDROGEL_PACK;XIRECS;10033.0;4
436000;;;HYDROGEL_PACK;XIRECS;10051.0;2
437400;;;VELVETFRUIT_EXTRACT;XIRECS;5220.0;5
437500;;;VELVETFRUIT_EXTRACT;XIRECS;5220.0;6
438800;;;HYDROGEL_PACK;XIRECS;10051.0;6
439100;;;HYDROGEL_PACK;XIRECS;10051.0;3
439700;;;VELVETFRUIT_EXTRACT;XIRECS;5215.0;3
441900;;;VELVETFRUIT_EXTRACT;XIRECS;5219.0;5
442200;;;VEV_5300;XIRECS;23.0;2
442200;;;VEV_5400;XIRECS;5.0;2
442200;;;VEV_5500;XIRECS;1.0;2
442200;;;VEV_6000;XIRECS;0.0;2
442200;;;VEV_6500;XIRECS;0.0;2
442400;;;VELVETFRUIT_EXTRACT;XIRECS;5213.0;6
442900;;;HYDROGEL_PACK;XIRECS;10052.0;2
443100;;;VELVETFRUIT_EXTRACT;XIRECS;5217.0;11
444100;;;VELVETFRUIT_EXTRACT;XIRECS;5215.0;8
444500;;;VELVETFRUIT_EXTRACT;XIRECS;5218.0;8
445000;;;VELVETFRUIT_EXTRACT;XIRECS;5212.0;6
446100;;;HYDROGEL_PACK;XIRECS;10054.0;2
446200;;;VELVETFRUIT_EXTRACT;XIRECS;5209.0;7
448000;;;VELVETFRUIT_EXTRACT;XIRECS;5210.0;4
450300;;;VELVETFRUIT_EXTRACT;XIRECS;5214.0;10
450700;;;VELVETFRUIT_EXTRACT;XIRECS;5210.0;6
451000;;;HYDROGEL_PACK;XIRECS;10043.0;4
451300;;;HYDROGEL_PACK;XIRECS;10053.0;6
451300;;;VEV_5300;XIRECS;23.0;3
451300;;;VEV_5400;XIRECS;5.0;3
451300;;;VEV_5500;XIRECS;1.0;3
451300;;;VEV_6000;XIRECS;0.0;3
451300;;;VEV_6500;XIRECS;0.0;3
451600;;;HYDROGEL_PACK;XIRECS;10040.0;2
452100;;;VEV_4000;XIRECS;1218.0;1
452800;;;VEV_4000;XIRECS;1201.0;1
453000;;;HYDROGEL_PACK;XIRECS;10046.0;4
454000;;;VELVETFRUIT_EXTRACT;XIRECS;5212.0;4
454100;;;VELVETFRUIT_EXTRACT;XIRECS;5207.0;6
454500;;;VELVETFRUIT_EXTRACT;XIRECS;5211.0;3
454900;;;HYDROGEL_PACK;XIRECS;10068.0;2
456100;;;VELVETFRUIT_EXTRACT;XIRECS;5210.0;3
456400;;;VELVETFRUIT_EXTRACT;XIRECS;5217.0;6
456600;;;VEV_5300;XIRECS;23.0;2
456600;;;VEV_5400;XIRECS;5.0;2
456600;;;VEV_5500;XIRECS;1.0;2
456600;;;VEV_6000;XIRECS;0.0;2
456600;;;VEV_6500;XIRECS;0.0;2
457800;;;VELVETFRUIT_EXTRACT;XIRECS;5214.0;3
459700;;;HYDROGEL_PACK;XIRECS;10073.0;4
459800;;;VEV_5300;XIRECS;23.0;2
459800;;;VEV_5400;XIRECS;5.0;2
459800;;;VEV_5500;XIRECS;1.0;2
459800;;;VEV_6000;XIRECS;0.0;2
459800;;;VEV_6500;XIRECS;0.0;2
461400;;;HYDROGEL_PACK;XIRECS;10080.0;4
462100;;;VELVETFRUIT_EXTRACT;XIRECS;5212.0;9
465000;;;HYDROGEL_PACK;XIRECS;10051.0;6
465500;;;VEV_4000;XIRECS;1207.0;1
465600;;;HYDROGEL_PACK;XIRECS;10066.0;6
466400;;;HYDROGEL_PACK;XIRECS;10050.0;3
466900;;;HYDROGEL_PACK;XIRECS;10049.0;5
467300;;;VELVETFRUIT_EXTRACT;XIRECS;5213.0;7
469100;;;VELVETFRUIT_EXTRACT;XIRECS;5208.0;3
471200;;;VEV_4000;XIRECS;1222.0;1
471700;;;VELVETFRUIT_EXTRACT;XIRECS;5209.0;5
473400;;;HYDROGEL_PACK;XIRECS;10061.0;6
474600;;;HYDROGEL_PACK;XIRECS;10041.0;4
476800;;;HYDROGEL_PACK;XIRECS;10029.0;2
476900;;;HYDROGEL_PACK;XIRECS;10028.0;4
477000;;;VELVETFRUIT_EXTRACT;XIRECS;5210.0;5
478700;;;VELVETFRUIT_EXTRACT;XIRECS;5220.0;4
480000;;;VEV_4000;XIRECS;1207.0;1
480200;;;HYDROGEL_PACK;XIRECS;10040.0;5
481200;;;HYDROGEL_PACK;XIRECS;10020.0;4
481700;;;VEV_4000;XIRECS;1225.0;2
483900;;;VEV_5300;XIRECS;22.0;3
483900;;;VEV_5500;XIRECS;1.0;3
483900;;;VEV_6000;XIRECS;0.0;3
483900;;;VEV_6500;XIRECS;0.0;3
485400;;;VELVETFRUIT_EXTRACT;XIRECS;5218.0;3
485500;;;VEV_5400;XIRECS;5.0;2
485500;;;VEV_5500;XIRECS;1.0;2
485500;;;VEV_6000;XIRECS;0.0;2
485500;;;VEV_6500;XIRECS;0.0;2
486800;;;HYDROGEL_PACK;XIRECS;10059.0;4
489800;;;VELVETFRUIT_EXTRACT;XIRECS;5210.0;8
489900;;;VEV_4000;XIRECS;1222.0;3
490700;;;HYDROGEL_PACK;XIRECS;10057.0;4
491400;;;VEV_4000;XIRECS;1218.0;1
491500;;;VEV_4000;XIRECS;1199.0;2
492500;;;VEV_4000;XIRECS;1223.0;2
493200;;;VELVETFRUIT_EXTRACT;XIRECS;5208.0;8
493700;;;VELVETFRUIT_EXTRACT;XIRECS;5212.0;8
494100;;;VELVETFRUIT_EXTRACT;XIRECS;5212.0;4
495400;;;HYDROGEL_PACK;XIRECS;10052.0;4
496900;;;VEV_4000;XIRECS;1197.0;2
497300;;;VELVETFRUIT_EXTRACT;XIRECS;5203.0;7
497600;;;HYDROGEL_PACK;XIRECS;10034.0;5
497700;;;VELVETFRUIT_EXTRACT;XIRECS;5209.0;4
498100;;;HYDROGEL_PACK;XIRECS;10037.0;5
498100;;;VEV_5300;XIRECS;21.0;5
498100;;;VEV_5400;XIRECS;4.0;5
498100;;;VEV_5500;XIRECS;1.0;5
498100;;;VEV_6000;XIRECS;0.0;5
498100;;;VEV_6500;XIRECS;0.0;5
498800;;;VELVETFRUIT_EXTRACT;XIRECS;5196.0;5
499000;;;VELVETFRUIT_EXTRACT;XIRECS;5198.0;6
499800;;;HYDROGEL_PACK;XIRECS;10032.0;2
503300;;;HYDROGEL_PACK;XIRECS;10033.0;2
504500;;;HYDROGEL_PACK;XIRECS;10054.0;6
505300;;;HYDROGEL_PACK;XIRECS;10044.0;3
506200;;;VELVETFRUIT_EXTRACT;XIRECS;5198.0;4
508300;;;VELVETFRUIT_EXTRACT;XIRECS;5207.0;5
508400;;;VELVETFRUIT_EXTRACT;XIRECS;5207.0;7
510600;;;VEV_4000;XIRECS;1217.0;1
511000;;;VEV_4000;XIRECS;1213.0;2
511400;;;HYDROGEL_PACK;XIRECS;10038.0;6
511800;;;VEV_5200;XIRECS;55.0;2
511800;;;VEV_5300;XIRECS;20.0;2
511800;;;VEV_5400;XIRECS;4.0;2
511800;;;VEV_5500;XIRECS;0.0;2
511800;;;VEV_6000;XIRECS;0.0;2
511800;;;VEV_6500;XIRECS;0.0;2
512800;;;VELVETFRUIT_EXTRACT;XIRECS;5203.0;9
516400;;;HYDROGEL_PACK;XIRECS;10051.0;3
516400;;;VEV_5200;XIRECS;60.0;4
516400;;;VEV_5400;XIRECS;4.0;4
516400;;;VEV_5500;XIRECS;1.0;4
516400;;;VEV_6000;XIRECS;0.0;4
516400;;;VEV_6500;XIRECS;0.0;4
517800;;;HYDROGEL_PACK;XIRECS;10062.0;6
518200;;;VELVETFRUIT_EXTRACT;XIRECS;5208.0;3
519500;;;HYDROGEL_PACK;XIRECS;10052.0;6
519700;;;HYDROGEL_PACK;XIRECS;10053.0;6
519700;;;VELVETFRUIT_EXTRACT;XIRECS;5206.0;8
521700;;;VELVETFRUIT_EXTRACT;XIRECS;5207.0;5
522900;;;VELVETFRUIT_EXTRACT;XIRECS;5211.0;8
523200;;;VELVETFRUIT_EXTRACT;XIRECS;5209.0;5
524000;;;VEV_5200;XIRECS;57.0;2
524000;;;VEV_5300;XIRECS;21.0;2
524000;;;VEV_5400;XIRECS;4.0;2
524000;;;VEV_5500;XIRECS;1.0;2
524000;;;VEV_6000;XIRECS;0.0;2
524000;;;VEV_6500;XIRECS;0.0;2
524900;;;VELVETFRUIT_EXTRACT;XIRECS;5201.0;8
527400;;;HYDROGEL_PACK;XIRECS;10045.0;3
528200;;;VELVETFRUIT_EXTRACT;XIRECS;5205.0;4
529600;;;VEV_5300;XIRECS;20.0;2
529600;;;VEV_5400;XIRECS;4.0;2
529600;;;VEV_5500;XIRECS;0.0;2
529600;;;VEV_6000;XIRECS;0.0;2
529600;;;VEV_6500;XIRECS;0.0;2
530300;;;VELVETFRUIT_EXTRACT;XIRECS;5197.0;4
531500;;;VEV_5300;XIRECS;20.0;2
531500;;;VEV_5400;XIRECS;4.0;2
531500;;;VEV_5500;XIRECS;0.0;2
531500;;;VEV_6000;XIRECS;0.0;2
531500;;;VEV_6500;XIRECS;0.0;2
531800;;;HYDROGEL_PACK;XIRECS;10052.0;3
532400;;;VELVETFRUIT_EXTRACT;XIRECS;5197.0;4
532800;;;VELVETFRUIT_EXTRACT;XIRECS;5201.0;7
533800;;;HYDROGEL_PACK;XIRECS;10029.0;5
534000;;;VELVETFRUIT_EXTRACT;XIRECS;5196.0;4
534000;;;VEV_4000;XIRECS;1203.0;2
534700;;;VELVETFRUIT_EXTRACT;XIRECS;5190.0;5
534900;;;VEV_4000;XIRECS;1182.0;3
535400;;;VEV_5300;XIRECS;18.0;3
535400;;;VEV_5400;XIRECS;3.0;3
535400;;;VEV_5500;XIRECS;0.0;3
535400;;;VEV_6000;XIRECS;0.0;3
535400;;;VEV_6500;XIRECS;0.0;3
535600;;;VEV_4000;XIRECS;1184.0;2
535900;;;VEV_5200;XIRECS;52.0;3
535900;;;VEV_5300;XIRECS;18.0;3
535900;;;VEV_5400;XIRECS;3.0;3
535900;;;VEV_5500;XIRECS;0.0;3
535900;;;VEV_6000;XIRECS;0.0;3
535900;;;VEV_6500;XIRECS;0.0;3
536400;;;HYDROGEL_PACK;XIRECS;10019.0;6
539800;;;VELVETFRUIT_EXTRACT;XIRECS;5204.0;3
540200;;;VELVETFRUIT_EXTRACT;XIRECS;5200.0;3
540300;;;HYDROGEL_PACK;XIRECS;10009.0;4
541100;;;HYDROGEL_PACK;XIRECS;10002.0;6
542500;;;HYDROGEL_PACK;XIRECS;9995.0;3
544900;;;HYDROGEL_PACK;XIRECS;10000.0;6
545400;;;VELVETFRUIT_EXTRACT;XIRECS;5200.0;5
547000;;;VEV_4000;XIRECS;1195.0;1
547600;;;VELVETFRUIT_EXTRACT;XIRECS;5210.0;4
547600;;;VEV_5400;XIRECS;4.0;4
547600;;;VEV_5500;XIRECS;1.0;4
547600;;;VEV_6000;XIRECS;0.0;4
547600;;;VEV_6500;XIRECS;0.0;4
551600;;;VEV_5300;XIRECS;23.0;4
551600;;;VEV_5500;XIRECS;1.0;4
551600;;;VEV_6000;XIRECS;0.0;4
551600;;;VEV_6500;XIRECS;0.0;4
551800;;;HYDROGEL_PACK;XIRECS;9995.0;2
552500;;;VELVETFRUIT_EXTRACT;XIRECS;5214.0;8
552700;;;VEV_4000;XIRECS;1206.0;3
553500;;;VEV_4000;XIRECS;1207.0;1
554500;;;VELVETFRUIT_EXTRACT;XIRECS;5223.0;3
555100;;;VEV_5200;XIRECS;67.0;5
555100;;;VEV_5300;XIRECS;26.0;5
555100;;;VEV_5400;XIRECS;5.0;5
555100;;;VEV_5500;XIRECS;1.0;5
555100;;;VEV_6000;XIRECS;0.0;5
555100;;;VEV_6500;XIRECS;0.0;5
555200;;;VELVETFRUIT_EXTRACT;XIRECS;5222.0;6
555500;;;HYDROGEL_PACK;XIRECS;10006.0;5
556400;;;VEV_5400;XIRECS;5.0;5
556400;;;VEV_5500;XIRECS;1.0;5
556400;;;VEV_6000;XIRECS;0.0;5
556400;;;VEV_6500;XIRECS;0.0;5
558600;;;VEV_4000;XIRECS;1229.0;2
559400;;;VELVETFRUIT_EXTRACT;XIRECS;5214.0;3
560300;;;VELVETFRUIT_EXTRACT;XIRECS;5220.0;4
560900;;;VELVETFRUIT_EXTRACT;XIRECS;5214.0;9
561000;;;VELVETFRUIT_EXTRACT;XIRECS;5212.0;6
562200;;;VELVETFRUIT_EXTRACT;XIRECS;5220.0;8
562500;;;VELVETFRUIT_EXTRACT;XIRECS;5222.0;7
562900;;;VELVETFRUIT_EXTRACT;XIRECS;5224.0;3
565100;;;VELVETFRUIT_EXTRACT;XIRECS;5229.0;6
565600;;;VEV_5400;XIRECS;6.0;4
565600;;;VEV_5500;XIRECS;1.0;4
565600;;;VEV_6000;XIRECS;0.0;4
565600;;;VEV_6500;XIRECS;0.0;4
565700;;;HYDROGEL_PACK;XIRECS;10001.0;4
566100;;;VELVETFRUIT_EXTRACT;XIRECS;5223.0;4
566500;;;VEV_4000;XIRECS;1237.0;2
567800;;;VELVETFRUIT_EXTRACT;XIRECS;5222.0;5
568300;;;VEV_4000;XIRECS;1218.0;1
569900;;;VELVETFRUIT_EXTRACT;XIRECS;5228.0;4
570100;;;VELVETFRUIT_EXTRACT;XIRECS;5224.0;3
572400;;;VEV_4000;XIRECS;1211.0;3
572800;;;VELVETFRUIT_EXTRACT;XIRECS;5217.0;6
575300;;;VELVETFRUIT_EXTRACT;XIRECS;5221.0;7
577200;;;VEV_4000;XIRECS;1206.0;2
578300;;;HYDROGEL_PACK;XIRECS;9993.0;5
578300;;;VELVETFRUIT_EXTRACT;XIRECS;5223.0;8
578400;;;VELVETFRUIT_EXTRACT;XIRECS;5218.0;3
578500;SUBMISSION;;HYDROGEL_PACK;XIRECS;9979.0;2
579000;;;VEV_4000;XIRECS;1234.0;3
580600;;;VEV_5300;XIRECS;25.0;5
580600;;;VEV_5400;XIRECS;5.0;5
580600;;;VEV_5500;XIRECS;1.0;5
580600;;;VEV_6000;XIRECS;0.0;5
580600;;;VEV_6500;XIRECS;0.0;5
583100;;;VEV_5400;XIRECS;5.0;2
583100;;;VEV_5500;XIRECS;1.0;2
583100;;;VEV_6000;XIRECS;0.0;2
583100;;;VEV_6500;XIRECS;0.0;2
584300;;;VEV_5300;XIRECS;24.0;2
584300;;;VEV_5400;XIRECS;5.0;2
584300;;;VEV_5500;XIRECS;1.0;2
584300;;;VEV_6000;XIRECS;0.0;2
584300;;;VEV_6500;XIRECS;0.0;2
584400;;;VELVETFRUIT_EXTRACT;XIRECS;5220.0;6
587400;;;VELVETFRUIT_EXTRACT;XIRECS;5213.0;6
587700;;;VELVETFRUIT_EXTRACT;XIRECS;5218.0;8
588300;;;VELVETFRUIT_EXTRACT;XIRECS;5216.0;5
589800;;;VELVETFRUIT_EXTRACT;XIRECS;5223.0;4
590000;;;HYDROGEL_PACK;XIRECS;10018.0;4
590500;;;HYDROGEL_PACK;XIRECS;9993.0;3
591200;;;HYDROGEL_PACK;XIRECS;10016.0;5
591700;;;VELVETFRUIT_EXTRACT;XIRECS;5218.0;4
594300;;;VELVETFRUIT_EXTRACT;XIRECS;5219.0;4
595400;;;VELVETFRUIT_EXTRACT;XIRECS;5219.0;5
596200;;SUBMISSION;HYDROGEL_PACK;XIRECS;10009.0;2
601600;;;VELVETFRUIT_EXTRACT;XIRECS;5223.0;4
602800;;;VELVETFRUIT_EXTRACT;XIRECS;5218.0;5
604800;;;HYDROGEL_PACK;XIRECS;9998.0;5
605800;;;VELVETFRUIT_EXTRACT;XIRECS;5221.0;4
607100;;;HYDROGEL_PACK;XIRECS;9998.0;3
607900;;;HYDROGEL_PACK;XIRECS;10009.0;3
610000;;;VELVETFRUIT_EXTRACT;XIRECS;5223.0;5
610300;;;HYDROGEL_PACK;XIRECS;10022.0;5
612700;;;VEV_5300;XIRECS;27.0;2
612700;;;VEV_5400;XIRECS;6.0;2
612700;;;VEV_5500;XIRECS;1.0;2
612700;;;VEV_6000;XIRECS;0.0;2
612700;;;VEV_6500;XIRECS;0.0;2
614400;;;VELVETFRUIT_EXTRACT;XIRECS;5243.0;3
614800;;;VEV_5400;XIRECS;7.0;2
614800;;;VEV_5500;XIRECS;1.0;2
614800;;;VEV_6000;XIRECS;0.0;2
614800;;;VEV_6500;XIRECS;0.0;2
615400;;;HYDROGEL_PACK;XIRECS;10015.0;3
616000;;;VELVETFRUIT_EXTRACT;XIRECS;5230.0;6
616700;;;VELVETFRUIT_EXTRACT;XIRECS;5230.0;14
618400;;;VEV_4000;XIRECS;1219.0;2
618500;;;HYDROGEL_PACK;XIRECS;10007.0;2
620100;;;HYDROGEL_PACK;XIRECS;10025.0;6
621000;;;VEV_5400;XIRECS;5.0;5
621000;;;VEV_5500;XIRECS;1.0;5
621000;;;VEV_6000;XIRECS;0.0;5
621000;;;VEV_6500;XIRECS;0.0;5
621500;;;HYDROGEL_PACK;XIRECS;10020.0;6
621600;;;VELVETFRUIT_EXTRACT;XIRECS;5221.0;8
622500;;;VEV_5200;XIRECS;66.0;2
622500;;;VEV_5300;XIRECS;25.0;2
622500;;;VEV_5400;XIRECS;5.0;2
622500;;;VEV_5500;XIRECS;1.0;2
622500;;;VEV_6000;XIRECS;0.0;2
622500;;;VEV_6500;XIRECS;0.0;2
624000;;;HYDROGEL_PACK;XIRECS;10013.0;5
624200;;;VEV_5200;XIRECS;67.0;5
624200;;;VEV_5400;XIRECS;5.0;5
624200;;;VEV_5500;XIRECS;1.0;5
624200;;;VEV_6000;XIRECS;0.0;5
624200;;;VEV_6500;XIRECS;0.0;5
624500;;;VELVETFRUIT_EXTRACT;XIRECS;5221.0;4
624700;;;VEV_4000;XIRECS;1236.0;3
626300;;;VELVETFRUIT_EXTRACT;XIRECS;5234.0;5
627700;;;VEV_5200;XIRECS;76.0;2
627700;;;VEV_5300;XIRECS;30.0;2
627700;;;VEV_5400;XIRECS;7.0;2
627700;;;VEV_6000;XIRECS;0.0;2
627700;;;VEV_6500;XIRECS;0.0;2
630100;;;VELVETFRUIT_EXTRACT;XIRECS;5227.0;6
630700;;;VEV_4000;XIRECS;1222.0;1
630900;SUBMISSION;;HYDROGEL_PACK;XIRECS;9979.0;2
631300;;;VEV_5300;XIRECS;29.0;5
631300;;;VEV_5400;XIRECS;6.0;5
631300;;;VEV_5500;XIRECS;1.0;5
631300;;;VEV_6000;XIRECS;0.0;5
631300;;;VEV_6500;XIRECS;0.0;5
631500;;;VEV_5300;XIRECS;29.0;2
631500;;;VEV_5400;XIRECS;6.0;2
631500;;;VEV_5500;XIRECS;1.0;2
631500;;;VEV_6000;XIRECS;0.0;2
631500;;;VEV_6500;XIRECS;0.0;2
632200;SUBMISSION;;HYDROGEL_PACK;XIRECS;9979.0;14
632400;;;VELVETFRUIT_EXTRACT;XIRECS;5232.0;4
632500;;;VELVETFRUIT_EXTRACT;XIRECS;5227.0;4
633200;;;VELVETFRUIT_EXTRACT;XIRECS;5232.0;3
633800;;;HYDROGEL_PACK;XIRECS;9989.0;6
634500;;;VEV_5300;XIRECS;29.0;2
634500;;;VEV_5400;XIRECS;6.0;2
634500;;;VEV_5500;XIRECS;1.0;2
634500;;;VEV_6000;XIRECS;0.0;2
634500;;;VEV_6500;XIRECS;0.0;2
635800;SUBMISSION;;HYDROGEL_PACK;XIRECS;9977.0;12
635900;SUBMISSION;;HYDROGEL_PACK;XIRECS;9978.0;12
636600;SUBMISSION;;HYDROGEL_PACK;XIRECS;9971.0;6
636600;;;VELVETFRUIT_EXTRACT;XIRECS;5238.0;7
638400;SUBMISSION;;HYDROGEL_PACK;XIRECS;9977.0;13
640200;SUBMISSION;;HYDROGEL_PACK;XIRECS;9976.0;13
641800;;;VEV_4000;XIRECS;1231.0;2
642300;;;HYDROGEL_PACK;XIRECS;9985.0;5
642500;;;VEV_5300;XIRECS;32.0;3
642500;;;VEV_5400;XIRECS;8.0;3
642500;;;VEV_5500;XIRECS;2.0;3
642500;;;VEV_6000;XIRECS;0.0;3
642500;;;VEV_6500;XIRECS;0.0;3
643200;;SUBMISSION;VELVETFRUIT_EXTRACT;XIRECS;5243.0;47
643200;;SUBMISSION;VELVETFRUIT_EXTRACT;XIRECS;5243.0;25
643200;;SUBMISSION;VEV_5000;XIRECS;245.0;6
643200;;SUBMISSION;VEV_5000;XIRECS;244.0;23
643200;;SUBMISSION;VEV_5100;XIRECS;153.0;23
643200;;SUBMISSION;VEV_5100;XIRECS;153.0;6
643200;;SUBMISSION;VEV_5200;XIRECS;80.0;6
643200;;SUBMISSION;VEV_5200;XIRECS;79.0;23
643200;;SUBMISSION;VEV_5300;XIRECS;32.0;12
643200;;SUBMISSION;VEV_5300;XIRECS;32.0;10
643700;;SUBMISSION;VELVETFRUIT_EXTRACT;XIRECS;5247.0;21
643700;;SUBMISSION;VELVETFRUIT_EXTRACT;XIRECS;5246.0;44
643700;;SUBMISSION;VEV_5000;XIRECS;248.0;12
643700;;SUBMISSION;VEV_5000;XIRECS;247.0;21
643700;;SUBMISSION;VEV_5100;XIRECS;156.0;21
643700;;SUBMISSION;VEV_5100;XIRECS;156.0;12
643700;;SUBMISSION;VEV_5200;XIRECS;82.0;21
643700;;SUBMISSION;VEV_5200;XIRECS;82.0;12
643700;;SUBMISSION;VEV_5300;XIRECS;34.0;9
643700;;SUBMISSION;VEV_5300;XIRECS;33.0;19
643800;;SUBMISSION;VELVETFRUIT_EXTRACT;XIRECS;5248.0;34
643800;;SUBMISSION;VELVETFRUIT_EXTRACT;XIRECS;5248.0;23
643800;;SUBMISSION;VEV_5000;XIRECS;250.0;11
643800;;SUBMISSION;VEV_5000;XIRECS;249.0;22
643800;;SUBMISSION;VEV_5100;XIRECS;157.0;22
643800;;SUBMISSION;VEV_5100;XIRECS;157.0;11
643800;;SUBMISSION;VEV_5200;XIRECS;83.0;22
643800;;SUBMISSION;VEV_5200;XIRECS;83.0;11
643800;;SUBMISSION;VEV_5300;XIRECS;34.0;16
643800;;SUBMISSION;VEV_5300;XIRECS;34.0;10
643900;;SUBMISSION;VELVETFRUIT_EXTRACT;XIRECS;5249.0;19
643900;;SUBMISSION;VELVETFRUIT_EXTRACT;XIRECS;5248.0;47
643900;;SUBMISSION;VEV_5000;XIRECS;250.0;21
643900;;SUBMISSION;VEV_5000;XIRECS;250.0;7
643900;;SUBMISSION;VEV_5100;XIRECS;158.0;21
643900;;SUBMISSION;VEV_5100;XIRECS;158.0;7
643900;;SUBMISSION;VEV_5200;XIRECS;83.0;21
643900;;SUBMISSION;VEV_5200;XIRECS;83.0;7
643900;;SUBMISSION;VEV_5300;XIRECS;34.0;10
643900;;SUBMISSION;VEV_5300;XIRECS;34.0;7
644000;;SUBMISSION;VELVETFRUIT_EXTRACT;XIRECS;5249.0;23
644000;;SUBMISSION;VELVETFRUIT_EXTRACT;XIRECS;5248.0;49
644000;;SUBMISSION;VEV_5000;XIRECS;250.0;6
644000;;SUBMISSION;VEV_5000;XIRECS;249.0;20
644000;;SUBMISSION;VEV_5100;XIRECS;158.0;20
644000;;SUBMISSION;VEV_5100;XIRECS;158.0;6
644000;;SUBMISSION;VEV_5200;XIRECS;83.0;20
644000;;SUBMISSION;VEV_5200;XIRECS;83.0;6
644000;;SUBMISSION;VEV_5300;XIRECS;34.0;14
644000;;SUBMISSION;VEV_5300;XIRECS;34.0;5
644100;;SUBMISSION;VELVETFRUIT_EXTRACT;XIRECS;5251.0;10
644100;;SUBMISSION;VELVETFRUIT_EXTRACT;XIRECS;5249.0;17
644100;;SUBMISSION;VELVETFRUIT_EXTRACT;XIRECS;5248.0;41
644100;;SUBMISSION;VEV_5000;XIRECS;250.0;22
644100;;SUBMISSION;VEV_5000;XIRECS;250.0;6
644100;;SUBMISSION;VEV_5100;XIRECS;158.0;22
644100;;SUBMISSION;VEV_5100;XIRECS;158.0;6
644100;;SUBMISSION;VEV_5200;XIRECS;83.0;22
644100;;SUBMISSION;VEV_5200;XIRECS;83.0;6
644100;;SUBMISSION;VEV_5300;XIRECS;34.0;11
644100;;SUBMISSION;VEV_5300;XIRECS;34.0;8
644200;;SUBMISSION;VEV_5000;XIRECS;250.0;6
644200;;SUBMISSION;VEV_5000;XIRECS;249.0;18
644200;;SUBMISSION;VEV_5100;XIRECS;158.0;6
644200;;SUBMISSION;VEV_5100;XIRECS;157.0;18
644200;;SUBMISSION;VEV_5200;XIRECS;83.0;18
644200;;SUBMISSION;VEV_5200;XIRECS;83.0;6
644200;;SUBMISSION;VEV_5300;XIRECS;34.0;17
644200;;SUBMISSION;VEV_5300;XIRECS;34.0;9
644300;;SUBMISSION;VEV_5000;XIRECS;250.0;8
644300;;SUBMISSION;VEV_5000;XIRECS;249.0;15
644300;;SUBMISSION;VEV_5100;XIRECS;157.0;15
644300;;SUBMISSION;VEV_5100;XIRECS;157.0;8
644300;;SUBMISSION;VEV_5200;XIRECS;83.0;15
644300;;SUBMISSION;VEV_5200;XIRECS;83.0;8
644300;;SUBMISSION;VEV_5300;XIRECS;34.0;18
644300;;SUBMISSION;VEV_5300;XIRECS;34.0;8
644400;;SUBMISSION;VEV_5000;XIRECS;250.0;9
644400;;SUBMISSION;VEV_5000;XIRECS;249.0;24
644400;;SUBMISSION;VEV_5100;XIRECS;158.0;9
644400;;SUBMISSION;VEV_5100;XIRECS;157.0;24
644400;;SUBMISSION;VEV_5200;XIRECS;83.0;24
644400;;SUBMISSION;VEV_5200;XIRECS;83.0;9
644400;;SUBMISSION;VEV_5300;XIRECS;34.0;12
644400;;SUBMISSION;VEV_5300;XIRECS;34.0;6
644500;;SUBMISSION;VEV_5000;XIRECS;251.0;17
644500;;SUBMISSION;VEV_5000;XIRECS;251.0;11
644500;;SUBMISSION;VEV_5100;XIRECS;159.0;17
644500;;SUBMISSION;VEV_5100;XIRECS;159.0;11
644500;;SUBMISSION;VEV_5200;XIRECS;84.0;17
644500;;SUBMISSION;VEV_5200;XIRECS;84.0;11
644500;;SUBMISSION;VEV_5300;XIRECS;35.0;12
644500;;SUBMISSION;VEV_5300;XIRECS;35.0;7
644600;;SUBMISSION;VEV_5000;XIRECS;251.0;9
644600;;SUBMISSION;VEV_5000;XIRECS;250.0;12
644600;;SUBMISSION;VEV_5100;XIRECS;158.0;12
644600;;SUBMISSION;VEV_5100;XIRECS;158.0;9
644600;;SUBMISSION;VEV_5200;XIRECS;84.0;9
644600;;SUBMISSION;VEV_5200;XIRECS;83.0;12
644600;;SUBMISSION;VEV_5300;XIRECS;35.0;5
644600;;SUBMISSION;VEV_5300;XIRECS;34.0;20
644700;;SUBMISSION;VEV_5000;XIRECS;252.0;9
644700;;SUBMISSION;VEV_5000;XIRECS;251.0;19
644700;;SUBMISSION;VEV_5100;XIRECS;160.0;9
644700;;SUBMISSION;VEV_5100;XIRECS;159.0;19
644700;;SUBMISSION;VEV_5200;XIRECS;85.0;9
644700;;SUBMISSION;VEV_5200;XIRECS;84.0;19
644700;;SUBMISSION;VEV_5300;XIRECS;35.0;18
644700;;SUBMISSION;VEV_5300;XIRECS;35.0;9
644800;;SUBMISSION;VEV_5000;XIRECS;252.0;21
644800;;SUBMISSION;VEV_5000;XIRECS;252.0;8
644800;;SUBMISSION;VEV_5100;XIRECS;160.0;21
644800;;SUBMISSION;VEV_5100;XIRECS;160.0;8
644800;;SUBMISSION;VEV_5200;XIRECS;85.0;21
644800;;SUBMISSION;VEV_5200;XIRECS;85.0;8
644800;;SUBMISSION;VEV_5300;XIRECS;35.0;20
644800;;SUBMISSION;VEV_5300;XIRECS;35.0;5
644900;;SUBMISSION;VEV_5000;XIRECS;253.0;12
644900;;SUBMISSION;VEV_5000;XIRECS;252.0;13
644900;;SUBMISSION;VEV_5100;XIRECS;160.0;13
644900;;SUBMISSION;VEV_5100;XIRECS;160.0;12
644900;;SUBMISSION;VEV_5200;XIRECS;85.0;13
644900;;SUBMISSION;VEV_5200;XIRECS;85.0;12
644900;;SUBMISSION;VEV_5300;XIRECS;35.0;15
644900;;SUBMISSION;VEV_5300;XIRECS;35.0;7
644900;;;HYDROGEL_PACK;XIRECS;9996.0;4
645000;;SUBMISSION;VEV_5000;XIRECS;252.0;12
645000;;SUBMISSION;VEV_5000;XIRECS;251.0;16
645000;;SUBMISSION;VEV_5100;XIRECS;159.0;16
645000;;SUBMISSION;VEV_5100;XIRECS;159.0;12
645000;;SUBMISSION;VEV_5200;XIRECS;84.0;16
645000;;SUBMISSION;VEV_5200;XIRECS;84.0;12
645000;;SUBMISSION;VEV_5300;XIRECS;35.0;18
645000;;SUBMISSION;VEV_5300;XIRECS;35.0;5
645100;;SUBMISSION;VEV_5000;XIRECS;253.0;8
645100;;SUBMISSION;VEV_5000;XIRECS;252.0;14
645100;;SUBMISSION;VEV_5100;XIRECS;160.0;14
645100;;SUBMISSION;VEV_5100;XIRECS;160.0;8
645100;;SUBMISSION;VEV_5200;XIRECS;85.0;14
645100;;SUBMISSION;VEV_5200;XIRECS;85.0;8
645100;;SUBMISSION;VEV_5300;XIRECS;35.0;19
645100;;SUBMISSION;VEV_5300;XIRECS;35.0;7
645200;;SUBMISSION;VEV_5000;XIRECS;252.0;18
645200;;SUBMISSION;VEV_5000;XIRECS;252.0;12
645200;;SUBMISSION;VEV_5100;XIRECS;160.0;12
645200;;SUBMISSION;VEV_5100;XIRECS;159.0;18
645200;;SUBMISSION;VEV_5200;XIRECS;85.0;18
645200;;SUBMISSION;VEV_5200;XIRECS;85.0;12
645200;;SUBMISSION;VEV_5300;XIRECS;35.0;12
645200;;SUBMISSION;VEV_5300;XIRECS;35.0;6
645300;;SUBMISSION;VEV_5000;XIRECS;251.0;15
645300;;SUBMISSION;VEV_5000;XIRECS;251.0;6
645300;;SUBMISSION;VEV_5100;XIRECS;159.0;15
645300;;SUBMISSION;VEV_5100;XIRECS;159.0;6
645300;;SUBMISSION;VEV_5200;XIRECS;84.0;15
645300;;SUBMISSION;VEV_5200;XIRECS;84.0;6
645300;;SUBMISSION;VEV_5300;XIRECS;35.0;20
645300;;SUBMISSION;VEV_5300;XIRECS;35.0;6
645400;;SUBMISSION;VEV_5000;XIRECS;252.0;1
645400;;SUBMISSION;VEV_5100;XIRECS;159.0;12
645400;;SUBMISSION;VEV_5100;XIRECS;159.0;7
645400;;SUBMISSION;VEV_5200;XIRECS;84.0;12
645400;;SUBMISSION;VEV_5200;XIRECS;84.0;7
645400;;SUBMISSION;VEV_5300;XIRECS;35.0;12
645400;;SUBMISSION;VEV_5300;XIRECS;35.0;10
645500;;SUBMISSION;VEV_5100;XIRECS;160.0;24
645500;;SUBMISSION;VEV_5100;XIRECS;160.0;8
645500;;SUBMISSION;VEV_5200;XIRECS;85.0;24
645500;;SUBMISSION;VEV_5200;XIRECS;85.0;8
645500;;SUBMISSION;VEV_5300;XIRECS;35.0;13
645500;;SUBMISSION;VEV_5300;XIRECS;35.0;10
645600;;SUBMISSION;VEV_5100;XIRECS;160.0;14
645600;;SUBMISSION;VEV_5200;XIRECS;85.0;23
645600;;SUBMISSION;VEV_5200;XIRECS;85.0;12
645600;;SUBMISSION;VEV_5300;XIRECS;35.0;17
645600;;SUBMISSION;VEV_5300;XIRECS;35.0;9
645700;;SUBMISSION;VEV_5200;XIRECS;85.0;18
645700;;SUBMISSION;VEV_5200;XIRECS;85.0;7
645700;;SUBMISSION;VEV_5300;XIRECS;35.0;15
645700;;SUBMISSION;VEV_5300;XIRECS;35.0;5
645800;;SUBMISSION;VEV_5300;XIRECS;35.0;19
645800;;SUBMISSION;VEV_5300;XIRECS;35.0;6
645900;;SUBMISSION;VEV_5300;XIRECS;36.0;15
645900;;SUBMISSION;VEV_5300;XIRECS;36.0;8
646000;;SUBMISSION;VEV_5300;XIRECS;36.0;13
646000;;SUBMISSION;VEV_5300;XIRECS;36.0;9
646100;;SUBMISSION;VEV_5300;XIRECS;35.0;18
646100;;SUBMISSION;VEV_5300;XIRECS;35.0;6
646200;;SUBMISSION;VEV_5300;XIRECS;35.0;3
647400;;;HYDROGEL_PACK;XIRECS;10001.0;4
647700;;;HYDROGEL_PACK;XIRECS;9981.0;3
648500;;;VELVETFRUIT_EXTRACT;XIRECS;5251.0;4
649200;;;HYDROGEL_PACK;XIRECS;10002.0;3
649500;;;VELVETFRUIT_EXTRACT;XIRECS;5254.0;8
651100;;;HYDROGEL_PACK;XIRECS;9996.0;2
652100;SUBMISSION;;HYDROGEL_PACK;XIRECS;9976.0;12
652200;SUBMISSION;;HYDROGEL_PACK;XIRECS;9976.0;10
653000;;;HYDROGEL_PACK;XIRECS;9978.0;2
653300;SUBMISSION;;HYDROGEL_PACK;XIRECS;9974.0;12
653400;SUBMISSION;;HYDROGEL_PACK;XIRECS;9974.0;12
653400;;;VELVETFRUIT_EXTRACT;XIRECS;5252.0;9
653600;SUBMISSION;;HYDROGEL_PACK;XIRECS;9966.0;7
653600;SUBMISSION;;HYDROGEL_PACK;XIRECS;9974.0;14
653900;SUBMISSION;;HYDROGEL_PACK;XIRECS;9972.0;13
654500;;;VELVETFRUIT_EXTRACT;XIRECS;5253.0;8
655100;SUBMISSION;;HYDROGEL_PACK;XIRECS;9973.0;11
655200;SUBMISSION;;HYDROGEL_PACK;XIRECS;9973.0;14
655300;SUBMISSION;;HYDROGEL_PACK;XIRECS;9972.0;13
655400;SUBMISSION;;HYDROGEL_PACK;XIRECS;9972.0;15
656200;;;VELVETFRUIT_EXTRACT;XIRECS;5248.0;6
658900;;;HYDROGEL_PACK;XIRECS;9966.0;6
660300;;;HYDROGEL_PACK;XIRECS;9960.0;4
662300;;;HYDROGEL_PACK;XIRECS;9961.0;6
663100;;;VELVETFRUIT_EXTRACT;XIRECS;5262.0;8
663600;;;VELVETFRUIT_EXTRACT;XIRECS;5262.0;7
664700;;;HYDROGEL_PACK;XIRECS;9969.0;4
666300;;;VEV_4000;XIRECS;1249.0;3
666400;;;VELVETFRUIT_EXTRACT;XIRECS;5261.0;7
666500;;;VEV_5400;XIRECS;10.0;3
666500;;;VEV_5500;XIRECS;2.0;3
666500;;;VEV_6000;XIRECS;0.0;3
666500;;;VEV_6500;XIRECS;0.0;3
666700;;;VEV_5500;XIRECS;2.0;3
666700;;;VEV_6000;XIRECS;0.0;3
666700;;;VEV_6500;XIRECS;0.0;3
667100;;;VEV_4000;XIRECS;1247.0;3
668700;;;HYDROGEL_PACK;XIRECS;9959.0;3
669500;SUBMISSION;;HYDROGEL_PACK;XIRECS;9967.0;10
669500;SUBMISSION;;HYDROGEL_PACK;XIRECS;9969.0;15
669500;SUBMISSION;;HYDROGEL_PACK;XIRECS;9969.0;14
669900;SUBMISSION;;HYDROGEL_PACK;XIRECS;9969.0;13
669900;SUBMISSION;;HYDROGEL_PACK;XIRECS;9971.0;12
670700;SUBMISSION;;HYDROGEL_PACK;XIRECS;9969.0;10
670700;SUBMISSION;;HYDROGEL_PACK;XIRECS;9971.0;15
670700;;;HYDROGEL_PACK;XIRECS;9971.0;3
670800;SUBMISSION;;HYDROGEL_PACK;XIRECS;9968.0;11
670800;SUBMISSION;;HYDROGEL_PACK;XIRECS;9970.0;14
670900;SUBMISSION;;HYDROGEL_PACK;XIRECS;9968.0;12
670900;SUBMISSION;;HYDROGEL_PACK;XIRECS;9970.0;13
671800;;;VEV_5300;XIRECS;33.0;4
671800;;;VEV_5400;XIRECS;8.0;4
671800;;;VEV_5500;XIRECS;2.0;4
671800;;;VEV_6000;XIRECS;0.0;4
671800;;;VEV_6500;XIRECS;0.0;4
671900;;;VEV_5300;XIRECS;33.0;4
671900;;;VEV_5400;XIRECS;8.0;4
671900;;;VEV_5500;XIRECS;2.0;4
671900;;;VEV_6000;XIRECS;0.0;4
671900;;;VEV_6500;XIRECS;0.0;4
672400;;;HYDROGEL_PACK;XIRECS;9946.0;3
672800;;;HYDROGEL_PACK;XIRECS;9941.0;6
673800;SUBMISSION;;HYDROGEL_PACK;XIRECS;9964.0;14
673800;SUBMISSION;;HYDROGEL_PACK;XIRECS;9967.0;11
673900;SUBMISSION;;HYDROGEL_PACK;XIRECS;9964.0;10
673900;SUBMISSION;;HYDROGEL_PACK;XIRECS;9967.0;15
674300;SUBMISSION;;HYDROGEL_PACK;XIRECS;9969.0;6
676800;;;VELVETFRUIT_EXTRACT;XIRECS;5255.0;8
677300;;;VELVETFRUIT_EXTRACT;XIRECS;5251.0;10
678700;;;VEV_5400;XIRECS;9.0;3
678700;;;VEV_5500;XIRECS;2.0;3
678700;;;VEV_6000;XIRECS;0.0;3
678700;;;VEV_6500;XIRECS;0.0;3
680400;;;HYDROGEL_PACK;XIRECS;9966.0;6
680500;;;HYDROGEL_PACK;XIRECS;9965.0;2
682700;;;VELVETFRUIT_EXTRACT;XIRECS;5245.0;4
684800;;;HYDROGEL_PACK;XIRECS;9952.0;4
685500;;;HYDROGEL_PACK;XIRECS;9940.0;3
686200;;;VEV_4000;XIRECS;1255.0;3
686400;;;HYDROGEL_PACK;XIRECS;9961.0;5
686800;;;VELVETFRUIT_EXTRACT;XIRECS;5249.0;4
687600;;;VELVETFRUIT_EXTRACT;XIRECS;5244.0;3
688300;;;VELVETFRUIT_EXTRACT;XIRECS;5240.0;4
688400;;;HYDROGEL_PACK;XIRECS;9946.0;6
689300;;;VELVETFRUIT_EXTRACT;XIRECS;5238.0;4
689900;;;VEV_5300;XIRECS;30.0;5
689900;;;VEV_5400;XIRECS;7.0;5
689900;;;VEV_5500;XIRECS;2.0;5
689900;;;VEV_6000;XIRECS;0.0;5
689900;;;VEV_6500;XIRECS;0.0;5
690000;;;VELVETFRUIT_EXTRACT;XIRECS;5238.0;6
692900;;;HYDROGEL_PACK;XIRECS;9946.0;2
694500;;;HYDROGEL_PACK;XIRECS;9971.0;5
698600;;;HYDROGEL_PACK;XIRECS;9958.0;2
699000;;;VEV_4000;XIRECS;1235.0;1
699400;;;HYDROGEL_PACK;XIRECS;9962.0;4
699400;;;VEV_5200;XIRECS;80.0;4
699400;;;VEV_5300;XIRECS;32.0;4
699400;;;VEV_5400;XIRECS;8.0;4
699400;;;VEV_5500;XIRECS;2.0;4
699400;;;VEV_6000;XIRECS;0.0;4
699400;;;VEV_6500;XIRECS;0.0;4
700300;;;VEV_5300;XIRECS;32.0;4
700300;;;VEV_5400;XIRECS;8.0;4
700300;;;VEV_5500;XIRECS;2.0;4
700300;;;VEV_6000;XIRECS;0.0;4
700300;;;VEV_6500;XIRECS;0.0;4
700600;;;VELVETFRUIT_EXTRACT;XIRECS;5243.0;14
701000;;;VELVETFRUIT_EXTRACT;XIRECS;5245.0;9
702400;;;VEV_4000;XIRECS;1255.0;2
702500;;;VELVETFRUIT_EXTRACT;XIRECS;5247.0;4
705400;;;VEV_5200;XIRECS;80.0;2
705400;;;VEV_5300;XIRECS;32.0;2
705400;;;VEV_5400;XIRECS;8.0;2
705400;;;VEV_5500;XIRECS;2.0;2
705400;;;VEV_6000;XIRECS;0.0;2
705400;;;VEV_6500;XIRECS;0.0;2
707000;;;VEV_4000;XIRECS;1234.0;1
707500;;;VELVETFRUIT_EXTRACT;XIRECS;5244.0;6
707800;;;VELVETFRUIT_EXTRACT;XIRECS;5247.0;14
708400;;;VEV_4000;XIRECS;1267.0;1
708800;;;VEV_5300;XIRECS;34.0;5
708800;;;VEV_5400;XIRECS;9.0;5
708800;;;VEV_5500;XIRECS;2.0;5
708800;;;VEV_6000;XIRECS;0.0;5
708800;;;VEV_6500;XIRECS;0.0;5
711300;;;VELVETFRUIT_EXTRACT;XIRECS;5266.0;7
713700;;;HYDROGEL_PACK;XIRECS;9970.0;3
714200;;;HYDROGEL_PACK;XIRECS;9973.0;4
714400;;;VEV_4000;XIRECS;1272.0;1
715600;;;VELVETFRUIT_EXTRACT;XIRECS;5262.0;3
718600;;;VELVETFRUIT_EXTRACT;XIRECS;5257.0;12
719500;;;HYDROGEL_PACK;XIRECS;9941.0;6
720000;;;VELVETFRUIT_EXTRACT;XIRECS;5258.0;8
720500;;;HYDROGEL_PACK;XIRECS;9969.0;2
723100;;;VELVETFRUIT_EXTRACT;XIRECS;5259.0;3
723700;;;VELVETFRUIT_EXTRACT;XIRECS;5255.0;6
726100;;;VELVETFRUIT_EXTRACT;XIRECS;5259.0;5
726300;;;VELVETFRUIT_EXTRACT;XIRECS;5259.0;3
726500;;;VELVETFRUIT_EXTRACT;XIRECS;5258.0;3
726600;;;VELVETFRUIT_EXTRACT;XIRECS;5253.0;3
727000;;;VELVETFRUIT_EXTRACT;XIRECS;5259.0;3
727700;;;HYDROGEL_PACK;XIRECS;9964.0;4
728200;;;VELVETFRUIT_EXTRACT;XIRECS;5259.0;8
728400;;;HYDROGEL_PACK;XIRECS;9960.0;2
728500;;;VEV_5300;XIRECS;36.0;2
728500;;;VEV_5400;XIRECS;9.0;2
728500;;;VEV_5500;XIRECS;2.0;2
728500;;;VEV_6000;XIRECS;0.0;2
728500;;;VEV_6500;XIRECS;0.0;2
729000;;;VELVETFRUIT_EXTRACT;XIRECS;5254.0;6
730000;;;VEV_5300;XIRECS;36.0;2
730000;;;VEV_5400;XIRECS;9.0;2
730000;;;VEV_5500;XIRECS;2.0;2
730000;;;VEV_6000;XIRECS;0.0;2
730000;;;VEV_6500;XIRECS;0.0;2
730900;;;HYDROGEL_PACK;XIRECS;9960.0;6
731400;;;VELVETFRUIT_EXTRACT;XIRECS;5247.0;4
732900;;;VEV_4000;XIRECS;1261.0;1
733000;;;HYDROGEL_PACK;XIRECS;9945.0;4
733100;;;HYDROGEL_PACK;XIRECS;9945.0;3
734000;;;VEV_4000;XIRECS;1241.0;2
734200;;;VEV_4000;XIRECS;1240.0;2
735900;;;HYDROGEL_PACK;XIRECS;9961.0;6
736500;;;HYDROGEL_PACK;XIRECS;9943.0;5
740800;;;VELVETFRUIT_EXTRACT;XIRECS;5242.0;7
740900;;;VELVETFRUIT_EXTRACT;XIRECS;5236.0;4
741100;;;VEV_5300;XIRECS;29.0;2
741100;;;VEV_5400;XIRECS;7.0;2
741100;;;VEV_5500;XIRECS;1.0;2
741100;;;VEV_6000;XIRECS;0.0;2
741100;;;VEV_6500;XIRECS;0.0;2
741600;;;HYDROGEL_PACK;XIRECS;9946.0;2
741800;;;HYDROGEL_PACK;XIRECS;9945.0;6
742000;;;HYDROGEL_PACK;XIRECS;9960.0;2
742300;;;VELVETFRUIT_EXTRACT;XIRECS;5240.0;3
743900;;;VEV_4000;XIRECS;1251.0;2
744800;;;VELVETFRUIT_EXTRACT;XIRECS;5242.0;4
746000;;;VELVETFRUIT_EXTRACT;XIRECS;5240.0;4
746600;;;VELVETFRUIT_EXTRACT;XIRECS;5236.0;5
747600;;;HYDROGEL_PACK;XIRECS;9955.0;3
750700;;;VELVETFRUIT_EXTRACT;XIRECS;5234.0;3
751500;;;VELVETFRUIT_EXTRACT;XIRECS;5225.0;7
751700;;;VELVETFRUIT_EXTRACT;XIRECS;5225.0;7
752300;;;VEV_4000;XIRECS;1237.0;2
752700;;;HYDROGEL_PACK;XIRECS;9971.0;5
753400;;;VELVETFRUIT_EXTRACT;XIRECS;5228.0;9
753700;;;VEV_5300;XIRECS;27.0;3
753700;;;VEV_5400;XIRECS;6.0;3
753700;;;VEV_5500;XIRECS;1.0;3
753700;;;VEV_6000;XIRECS;0.0;3
753700;;;VEV_6500;XIRECS;0.0;3
755400;;;VELVETFRUIT_EXTRACT;XIRECS;5231.0;8
755700;;;VELVETFRUIT_EXTRACT;XIRECS;5235.0;3
756900;;;VELVETFRUIT_EXTRACT;XIRECS;5235.0;7
757100;;;VELVETFRUIT_EXTRACT;XIRECS;5240.0;6
758700;;;VELVETFRUIT_EXTRACT;XIRECS;5238.0;8
759300;;;VELVETFRUIT_EXTRACT;XIRECS;5229.0;8
759500;;;VELVETFRUIT_EXTRACT;XIRECS;5226.0;5
759800;;;HYDROGEL_PACK;XIRECS;9980.0;6
759800;;;VELVETFRUIT_EXTRACT;XIRECS;5226.0;4
761200;;;VELVETFRUIT_EXTRACT;XIRECS;5225.0;7
761400;;;VELVETFRUIT_EXTRACT;XIRECS;5227.0;7
762800;;;VELVETFRUIT_EXTRACT;XIRECS;5226.0;5
763700;;;VELVETFRUIT_EXTRACT;XIRECS;5219.0;3
766900;;;VEV_5400;XIRECS;6.0;2
766900;;;VEV_5500;XIRECS;1.0;2
766900;;;VEV_6000;XIRECS;0.0;2
766900;;;VEV_6500;XIRECS;0.0;2
769000;;;VELVETFRUIT_EXTRACT;XIRECS;5238.0;6
769200;;;VELVETFRUIT_EXTRACT;XIRECS;5234.0;9
770100;;;HYDROGEL_PACK;XIRECS;9985.0;3
771100;;;VELVETFRUIT_EXTRACT;XIRECS;5238.0;4
771200;;;VELVETFRUIT_EXTRACT;XIRECS;5238.0;6
772800;;;VEV_4000;XIRECS;1238.0;3
773400;;;VELVETFRUIT_EXTRACT;XIRECS;5227.0;6
776400;;;HYDROGEL_PACK;XIRECS;9967.0;6
776400;;;VELVETFRUIT_EXTRACT;XIRECS;5230.0;3
776900;;;HYDROGEL_PACK;XIRECS;9975.0;4
777100;;;VELVETFRUIT_EXTRACT;XIRECS;5229.0;4
777600;;;VEV_5200;XIRECS;69.0;5
777600;;;VEV_5400;XIRECS;6.0;5
777600;;;VEV_5500;XIRECS;1.0;5
777600;;;VEV_6000;XIRECS;0.0;5
777600;;;VEV_6500;XIRECS;0.0;5
779300;;;VELVETFRUIT_EXTRACT;XIRECS;5234.0;7
779900;;;VELVETFRUIT_EXTRACT;XIRECS;5229.0;8
780000;;;VEV_4000;XIRECS;1223.0;1
780500;;;VELVETFRUIT_EXTRACT;XIRECS;5237.0;8
781600;;;VELVETFRUIT_EXTRACT;XIRECS;5238.0;5
782500;;;VELVETFRUIT_EXTRACT;XIRECS;5239.0;8
783500;;;VELVETFRUIT_EXTRACT;XIRECS;5245.0;8
783800;;;HYDROGEL_PACK;XIRECS;9965.0;5
784100;;;VEV_5400;XIRECS;7.0;3
784100;;;VEV_5500;XIRECS;1.0;3
784100;;;VEV_6000;XIRECS;0.0;3
784100;;;VEV_6500;XIRECS;0.0;3
785000;;;HYDROGEL_PACK;XIRECS;9978.0;3
785100;;;VELVETFRUIT_EXTRACT;XIRECS;5245.0;5
785100;;;VEV_5300;XIRECS;31.0;2
785100;;;VEV_5400;XIRECS;7.0;2
785100;;;VEV_6000;XIRECS;0.0;2
785100;;;VEV_6500;XIRECS;0.0;2
785200;;;VELVETFRUIT_EXTRACT;XIRECS;5240.0;4
786800;;;VELVETFRUIT_EXTRACT;XIRECS;5244.0;5
787700;;;VELVETFRUIT_EXTRACT;XIRECS;5252.0;6
788300;;;VEV_5400;XIRECS;8.0;4
788300;;;VEV_5500;XIRECS;2.0;4
788300;;;VEV_6000;XIRECS;0.0;4
788300;;;VEV_6500;XIRECS;0.0;4
789300;;;VEV_4000;XIRECS;1241.0;1
789500;;;HYDROGEL_PACK;XIRECS;9953.0;2
791400;;;HYDROGEL_PACK;XIRECS;9948.0;5
791800;;;HYDROGEL_PACK;XIRECS;9963.0;5
792400;;;VEV_4000;XIRECS;1260.0;3
792900;;;VEV_4000;XIRECS;1239.0;2
793100;;;VEV_5300;XIRECS;32.0;2
793100;;;VEV_5500;XIRECS;2.0;2
793100;;;VEV_6000;XIRECS;0.0;2
793100;;;VEV_6500;XIRECS;0.0;2
793200;;;HYDROGEL_PACK;XIRECS;9948.0;6
793700;;;VELVETFRUIT_EXTRACT;XIRECS;5250.0;8
795000;;;HYDROGEL_PACK;XIRECS;9960.0;4
797100;;;VEV_4000;XIRECS;1240.0;3
797600;;;HYDROGEL_PACK;XIRECS;9955.0;2
801400;;;VELVETFRUIT_EXTRACT;XIRECS;5247.0;4
801700;;;HYDROGEL_PACK;XIRECS;9983.0;2
802100;;;HYDROGEL_PACK;XIRECS;9984.0;6
804500;;;VEV_4000;XIRECS;1242.0;2
804700;;;HYDROGEL_PACK;XIRECS;9956.0;4
804800;;;VELVETFRUIT_EXTRACT;XIRECS;5251.0;5
805800;;;HYDROGEL_PACK;XIRECS;9959.0;3
807000;;;VELVETFRUIT_EXTRACT;XIRECS;5264.0;7
807100;;;VELVETFRUIT_EXTRACT;XIRECS;5263.0;6
807400;;;VELVETFRUIT_EXTRACT;XIRECS;5262.0;5
807400;;;VEV_5400;XIRECS;9.0;2
807400;;;VEV_5500;XIRECS;2.0;2
807400;;;VEV_6000;XIRECS;0.0;2
807400;;;VEV_6500;XIRECS;0.0;2
809100;;;VELVETFRUIT_EXTRACT;XIRECS;5262.0;8
810000;;;VELVETFRUIT_EXTRACT;XIRECS;5258.0;4
810500;;;VELVETFRUIT_EXTRACT;XIRECS;5259.0;10
810500;;;VELVETFRUIT_EXTRACT;XIRECS;5258.0;2
811100;;;VEV_4000;XIRECS;1272.0;2
812400;;;VELVETFRUIT_EXTRACT;XIRECS;5261.0;4
812600;;;VEV_4000;XIRECS;1254.0;2
812800;;;HYDROGEL_PACK;XIRECS;9955.0;2
813400;;;VELVETFRUIT_EXTRACT;XIRECS;5265.0;3
813500;;;HYDROGEL_PACK;XIRECS;9951.0;6
813800;;;VELVETFRUIT_EXTRACT;XIRECS;5272.0;4
816100;;;VELVETFRUIT_EXTRACT;XIRECS;5255.0;6
816300;;;HYDROGEL_PACK;XIRECS;9972.0;2
816500;;;VEV_4000;XIRECS;1246.0;1
816700;;;HYDROGEL_PACK;XIRECS;9963.0;6
820200;;;VEV_5300;XIRECS;34.0;5
820200;;;VEV_5400;XIRECS;8.0;5
820200;;;VEV_5500;XIRECS;2.0;5
820200;;;VEV_6000;XIRECS;0.0;5
820200;;;VEV_6500;XIRECS;0.0;5
823700;;;VELVETFRUIT_EXTRACT;XIRECS;5248.0;6
826200;;;VEV_5200;XIRECS;81.0;5
826200;;;VEV_5400;XIRECS;8.0;5
826200;;;VEV_5500;XIRECS;2.0;5
826200;;;VEV_6000;XIRECS;0.0;5
826200;;;VEV_6500;XIRECS;0.0;5
828200;;;VELVETFRUIT_EXTRACT;XIRECS;5246.0;6
828300;;;HYDROGEL_PACK;XIRECS;9974.0;5
829000;;;VELVETFRUIT_EXTRACT;XIRECS;5242.0;6
832500;;;VELVETFRUIT_EXTRACT;XIRECS;5245.0;4
832600;;SUBMISSION;HYDROGEL_PACK;XIRECS;10005.0;9
833000;;;VELVETFRUIT_EXTRACT;XIRECS;5237.0;8
833500;;SUBMISSION;HYDROGEL_PACK;XIRECS;10003.0;13
833600;;SUBMISSION;HYDROGEL_PACK;XIRECS;10004.0;11
833700;;SUBMISSION;HYDROGEL_PACK;XIRECS;10005.0;12
833900;;SUBMISSION;HYDROGEL_PACK;XIRECS;10005.0;10
834000;;SUBMISSION;HYDROGEL_PACK;XIRECS;10005.0;12
834100;;SUBMISSION;HYDROGEL_PACK;XIRECS;10008.0;11
834200;;SUBMISSION;HYDROGEL_PACK;XIRECS;10011.0;15
834200;;SUBMISSION;HYDROGEL_PACK;XIRECS;10008.0;23
834300;;SUBMISSION;HYDROGEL_PACK;XIRECS;10011.0;14
834300;;SUBMISSION;HYDROGEL_PACK;XIRECS;10009.0;11
834300;;SUBMISSION;HYDROGEL_PACK;XIRECS;10009.0;18
834400;;SUBMISSION;HYDROGEL_PACK;XIRECS;10009.0;11
834400;;;VEV_5200;XIRECS;75.0;5
834400;;;VEV_5300;XIRECS;29.0;5
834400;;;VEV_5400;XIRECS;7.0;5
834400;;;VEV_5500;XIRECS;1.0;5
834400;;;VEV_6000;XIRECS;0.0;5
834400;;;VEV_6500;XIRECS;0.0;5
835500;;;VELVETFRUIT_EXTRACT;XIRECS;5238.0;6
836000;;;HYDROGEL_PACK;XIRECS;10002.0;2
836100;;SUBMISSION;HYDROGEL_PACK;XIRECS;10010.0;4
836900;;SUBMISSION;HYDROGEL_PACK;XIRECS;10010.0;13
837000;;SUBMISSION;HYDROGEL_PACK;XIRECS;10011.0;14
837000;;SUBMISSION;HYDROGEL_PACK;XIRECS;10009.0;11
837100;;SUBMISSION;HYDROGEL_PACK;XIRECS;10010.0;11
837100;;;VELVETFRUIT_EXTRACT;XIRECS;5243.0;3
837500;;;VEV_5400;XIRECS;7.0;3
837500;;;VEV_5500;XIRECS;1.0;3
837500;;;VEV_6000;XIRECS;0.0;3
837500;;;VEV_6500;XIRECS;0.0;3
837700;;SUBMISSION;HYDROGEL_PACK;XIRECS;10009.0;14
837800;;SUBMISSION;HYDROGEL_PACK;XIRECS;10011.0;14
837800;;;HYDROGEL_PACK;XIRECS;10008.0;6
837900;;SUBMISSION;HYDROGEL_PACK;XIRECS;10012.0;10
837900;;SUBMISSION;HYDROGEL_PACK;XIRECS;10009.0;15
838000;;SUBMISSION;HYDROGEL_PACK;XIRECS;10010.0;11
838100;;SUBMISSION;HYDROGEL_PACK;XIRECS;10010.0;12
838200;;SUBMISSION;HYDROGEL_PACK;XIRECS;10012.0;10
838200;;SUBMISSION;HYDROGEL_PACK;XIRECS;10009.0;15
838300;;SUBMISSION;HYDROGEL_PACK;XIRECS;10016.0;12
838300;;SUBMISSION;HYDROGEL_PACK;XIRECS;10013.0;13
838300;;;HYDROGEL_PACK;XIRECS;10013.0;6
838400;;SUBMISSION;HYDROGEL_PACK;XIRECS;10017.0;14
838400;;SUBMISSION;HYDROGEL_PACK;XIRECS;10014.0;11
838500;;SUBMISSION;HYDROGEL_PACK;XIRECS;10015.0;12
838500;;SUBMISSION;HYDROGEL_PACK;XIRECS;10012.0;13
838600;;SUBMISSION;HYDROGEL_PACK;XIRECS;10015.0;1
839000;;;VELVETFRUIT_EXTRACT;XIRECS;5239.0;7
839200;;;VELVETFRUIT_EXTRACT;XIRECS;5246.0;3
839800;;;VEV_5200;XIRECS;76.0;3
839800;;;VEV_5400;XIRECS;7.0;3
839800;;;VEV_5500;XIRECS;1.0;3
839800;;;VEV_6000;XIRECS;0.0;3
839800;;;VEV_6500;XIRECS;0.0;3
840500;;;VELVETFRUIT_EXTRACT;XIRECS;5241.0;4
840800;;;VEV_4000;XIRECS;1228.0;1
842200;;;VEV_5400;XIRECS;6.0;3
842200;;;VEV_5500;XIRECS;1.0;3
842200;;;VEV_6000;XIRECS;0.0;3
842200;;;VEV_6500;XIRECS;0.0;3
842400;;;VELVETFRUIT_EXTRACT;XIRECS;5239.0;8
843500;;;VELVETFRUIT_EXTRACT;XIRECS;5238.0;7
845100;;;VEV_4000;XIRECS;1232.0;3
846000;;;VELVETFRUIT_EXTRACT;XIRECS;5237.0;6
847100;;;HYDROGEL_PACK;XIRECS;10008.0;2
847200;;;VELVETFRUIT_EXTRACT;XIRECS;5245.0;7
851100;;;VEV_4000;XIRECS;1254.0;1
852100;;;VELVETFRUIT_EXTRACT;XIRECS;5246.0;4
852100;;;VEV_4000;XIRECS;1254.0;1
857500;;;VEV_4000;XIRECS;1258.0;1
858600;;;HYDROGEL_PACK;XIRECS;10022.0;3
860900;;;VELVETFRUIT_EXTRACT;XIRECS;5233.0;3
861400;;;VELVETFRUIT_EXTRACT;XIRECS;5236.0;7
861900;;;VEV_4000;XIRECS;1228.0;2
863700;;;VELVETFRUIT_EXTRACT;XIRECS;5230.0;7
864100;;;VEV_5300;XIRECS;26.0;2
864100;;;VEV_5400;XIRECS;6.0;2
864100;;;VEV_5500;XIRECS;1.0;2
864100;;;VEV_6000;XIRECS;0.0;2
864100;;;VEV_6500;XIRECS;0.0;2
864700;;;VELVETFRUIT_EXTRACT;XIRECS;5229.0;7
866600;;;HYDROGEL_PACK;XIRECS;10010.0;5
868200;;;VELVETFRUIT_EXTRACT;XIRECS;5233.0;3
868300;;;VEV_5300;XIRECS;27.0;2
868300;;;VEV_5400;XIRECS;6.0;2
868300;;;VEV_5500;XIRECS;1.0;2
868300;;;VEV_6000;XIRECS;0.0;2
868300;;;VEV_6500;XIRECS;0.0;2
868400;;;VELVETFRUIT_EXTRACT;XIRECS;5233.0;6
868600;;;VELVETFRUIT_EXTRACT;XIRECS;5239.0;3
868700;;;HYDROGEL_PACK;XIRECS;10003.0;3
869600;;;HYDROGEL_PACK;XIRECS;10007.0;6
872200;;;HYDROGEL_PACK;XIRECS;10017.0;3
873400;;;VELVETFRUIT_EXTRACT;XIRECS;5235.0;8
875200;;;HYDROGEL_PACK;XIRECS;9998.0;5
875600;;;VELVETFRUIT_EXTRACT;XIRECS;5240.0;5
876300;;;VELVETFRUIT_EXTRACT;XIRECS;5237.0;6
877100;;;VELVETFRUIT_EXTRACT;XIRECS;5242.0;7
877200;;;VEV_4000;XIRECS;1249.0;3
877500;;;VEV_4000;XIRECS;1227.0;3
877600;;;VELVETFRUIT_EXTRACT;XIRECS;5240.0;7
877600;;;VEV_5200;XIRECS;73.0;5
877600;;;VEV_5300;XIRECS;28.0;5
877600;;;VEV_5400;XIRECS;6.0;5
877600;;;VEV_5500;XIRECS;1.0;5
877600;;;VEV_6000;XIRECS;0.0;5
877600;;;VEV_6500;XIRECS;0.0;5
878300;;;VEV_5200;XIRECS;72.0;3
878300;;;VEV_5400;XIRECS;6.0;3
878300;;;VEV_5500;XIRECS;1.0;3
878300;;;VEV_6000;XIRECS;0.0;3
878300;;;VEV_6500;XIRECS;0.0;3
879700;;;HYDROGEL_PACK;XIRECS;9985.0;5
880000;SUBMISSION;;HYDROGEL_PACK;XIRECS;9978.0;15
880100;SUBMISSION;;HYDROGEL_PACK;XIRECS;9978.0;14
880200;SUBMISSION;;HYDROGEL_PACK;XIRECS;9977.0;10
880300;SUBMISSION;;HYDROGEL_PACK;XIRECS;9975.0;13
880400;SUBMISSION;;HYDROGEL_PACK;XIRECS;9973.0;11
880400;SUBMISSION;;HYDROGEL_PACK;XIRECS;9975.0;20
880500;SUBMISSION;;HYDROGEL_PACK;XIRECS;9974.0;14
880500;SUBMISSION;;HYDROGEL_PACK;XIRECS;9976.0;11
880600;SUBMISSION;;HYDROGEL_PACK;XIRECS;9975.0;3
880900;SUBMISSION;;HYDROGEL_PACK;XIRECS;9974.0;13
881000;SUBMISSION;;HYDROGEL_PACK;XIRECS;9974.0;14
882000;;;VELVETFRUIT_EXTRACT;XIRECS;5223.0;3
882400;SUBMISSION;;HYDROGEL_PACK;XIRECS;9973.0;5
882700;SUBMISSION;;HYDROGEL_PACK;XIRECS;9973.0;10
882800;SUBMISSION;;HYDROGEL_PACK;XIRECS;9970.0;14
882800;SUBMISSION;;HYDROGEL_PACK;XIRECS;9972.0;11
882800;SUBMISSION;;HYDROGEL_PACK;XIRECS;9972.0;9
882900;SUBMISSION;;HYDROGEL_PACK;XIRECS;9963.0;5
882900;SUBMISSION;;HYDROGEL_PACK;XIRECS;9972.0;13
883400;;;VELVETFRUIT_EXTRACT;XIRECS;5221.0;7
884000;;;VELVETFRUIT_EXTRACT;XIRECS;5221.0;4
885900;;;VEV_4000;XIRECS;1221.0;2
886300;;;HYDROGEL_PACK;XIRECS;9952.0;5
886500;;;VELVETFRUIT_EXTRACT;XIRECS;5232.0;5
886600;;;HYDROGEL_PACK;XIRECS;9932.0;3
887000;;;VEV_4000;XIRECS;1241.0;3
890900;;;VEV_5200;XIRECS;71.0;4
890900;;;VEV_5300;XIRECS;27.0;4
890900;;;VEV_5400;XIRECS;6.0;4
890900;;;VEV_5500;XIRECS;1.0;4
890900;;;VEV_6000;XIRECS;0.0;4
890900;;;VEV_6500;XIRECS;0.0;4
891200;;;HYDROGEL_PACK;XIRECS;9949.0;5
891600;;;HYDROGEL_PACK;XIRECS;9943.0;5
894300;;;VEV_5300;XIRECS;29.0;3
894300;;;VEV_5400;XIRECS;6.0;3
894300;;;VEV_5500;XIRECS;1.0;3
894300;;;VEV_6000;XIRECS;0.0;3
894300;;;VEV_6500;XIRECS;0.0;3
895700;;;VELVETFRUIT_EXTRACT;XIRECS;5245.0;7
896800;;;VELVETFRUIT_EXTRACT;XIRECS;5241.0;5
896800;;;VELVETFRUIT_EXTRACT;XIRECS;5241.0;1
896900;;;HYDROGEL_PACK;XIRECS;9943.0;3
898600;SUBMISSION;;HYDROGEL_PACK;XIRECS;9968.0;13
898600;SUBMISSION;;HYDROGEL_PACK;XIRECS;9970.0;12
898600;SUBMISSION;;HYDROGEL_PACK;XIRECS;9970.0;17
898600;SUBMISSION;;HYDROGEL_PACK;XIRECS;9970.0;4
898800;SUBMISSION;;HYDROGEL_PACK;XIRECS;9963.0;13
898800;SUBMISSION;;HYDROGEL_PACK;XIRECS;9966.0;12
898800;SUBMISSION;;HYDROGEL_PACK;XIRECS;9966.0;8
899400;SUBMISSION;;HYDROGEL_PACK;XIRECS;9965.0;13
899400;SUBMISSION;;HYDROGEL_PACK;XIRECS;9968.0;12
899600;SUBMISSION;;HYDROGEL_PACK;XIRECS;9964.0;10
899600;SUBMISSION;;HYDROGEL_PACK;XIRECS;9967.0;15
899700;SUBMISSION;;HYDROGEL_PACK;XIRECS;9964.0;15
899700;SUBMISSION;;HYDROGEL_PACK;XIRECS;9966.0;10
899900;SUBMISSION;;HYDROGEL_PACK;XIRECS;9965.0;14
899900;SUBMISSION;;HYDROGEL_PACK;XIRECS;9967.0;11
900200;;;VELVETFRUIT_EXTRACT;XIRECS;5252.0;6
900400;SUBMISSION;;HYDROGEL_PACK;XIRECS;9965.0;11
900400;SUBMISSION;;HYDROGEL_PACK;XIRECS;9967.0;5
902100;;;VELVETFRUIT_EXTRACT;XIRECS;5246.0;5
903300;;;HYDROGEL_PACK;XIRECS;9945.0;6
903300;;;VELVETFRUIT_EXTRACT;XIRECS;5256.0;4
903800;;;VELVETFRUIT_EXTRACT;XIRECS;5252.0;3
904700;;;HYDROGEL_PACK;XIRECS;9949.0;4
904900;;;VELVETFRUIT_EXTRACT;XIRECS;5257.0;7
905100;;;VELVETFRUIT_EXTRACT;XIRECS;5258.0;6
905200;;;VELVETFRUIT_EXTRACT;XIRECS;5259.0;8
907300;;;HYDROGEL_PACK;XIRECS;9956.0;4
908100;;;VELVETFRUIT_EXTRACT;XIRECS;5256.0;7
910900;;;HYDROGEL_PACK;XIRECS;9940.0;6
911500;;;VELVETFRUIT_EXTRACT;XIRECS;5253.0;10
911700;;;HYDROGEL_PACK;XIRECS;9938.0;3
912400;;;HYDROGEL_PACK;XIRECS;9919.0;5
915100;;;VELVETFRUIT_EXTRACT;XIRECS;5256.0;4
916400;;;VELVETFRUIT_EXTRACT;XIRECS;5249.0;8
916800;;;VEV_4000;XIRECS;1240.0;1
916900;;;VELVETFRUIT_EXTRACT;XIRECS;5246.0;6
917300;;;VEV_4000;XIRECS;1238.0;3
918200;;;HYDROGEL_PACK;XIRECS;9949.0;2
918500;;;VEV_5300;XIRECS;34.0;5
918500;;;VEV_5400;XIRECS;8.0;5
918500;;;VEV_5500;XIRECS;2.0;5
918500;;;VEV_6000;XIRECS;0.0;5
918500;;;VEV_6500;XIRECS;0.0;5
921600;;;VEV_4000;XIRECS;1247.0;1
922400;;;HYDROGEL_PACK;XIRECS;9941.0;2
922400;;;VEV_4000;XIRECS;1248.0;3
923500;;;VELVETFRUIT_EXTRACT;XIRECS;5255.0;8
923900;;;VEV_4000;XIRECS;1270.0;2
925000;;;VEV_4000;XIRECS;1246.0;1
927000;;;HYDROGEL_PACK;XIRECS;9942.0;2
927100;;;VELVETFRUIT_EXTRACT;XIRECS;5255.0;4
927200;;;VELVETFRUIT_EXTRACT;XIRECS;5256.0;4
927500;;;HYDROGEL_PACK;XIRECS;9926.0;6
927700;;;VELVETFRUIT_EXTRACT;XIRECS;5258.0;6
928000;;;HYDROGEL_PACK;XIRECS;9931.0;4
928700;;;VELVETFRUIT_EXTRACT;XIRECS;5258.0;4
931000;;;HYDROGEL_PACK;XIRECS;9953.0;2
932400;;;VEV_4000;XIRECS;1257.0;1
933300;;;HYDROGEL_PACK;XIRECS;9959.0;4
935300;;;HYDROGEL_PACK;XIRECS;9971.0;3
935900;;;VELVETFRUIT_EXTRACT;XIRECS;5250.0;6
936500;;;VELVETFRUIT_EXTRACT;XIRECS;5251.0;5
937000;;;VEV_5400;XIRECS;8.0;5
937000;;;VEV_5500;XIRECS;2.0;5
937000;;;VEV_6000;XIRECS;0.0;5
937000;;;VEV_6500;XIRECS;0.0;5
937400;;;VEV_5400;XIRECS;8.0;5
937400;;;VEV_5500;XIRECS;2.0;5
937400;;;VEV_6000;XIRECS;0.0;5
937400;;;VEV_6500;XIRECS;0.0;5
941000;;;VEV_4000;XIRECS;1247.0;2
941800;;;VEV_4000;XIRECS;1268.0;3
942200;;;VEV_4000;XIRECS;1269.0;1
943100;;;VELVETFRUIT_EXTRACT;XIRECS;5263.0;4
943500;;;VEV_4000;XIRECS;1255.0;1
943900;;;VELVETFRUIT_EXTRACT;XIRECS;5270.0;5
943900;;;VEV_5300;XIRECS;39.0;5
943900;;;VEV_5400;XIRECS;10.0;5
943900;;;VEV_5500;XIRECS;2.0;5
943900;;;VEV_6000;XIRECS;0.0;5
943900;;;VEV_6500;XIRECS;0.0;5
947000;;;VELVETFRUIT_EXTRACT;XIRECS;5270.0;12
949600;;;VELVETFRUIT_EXTRACT;XIRECS;5280.0;7
950100;;;HYDROGEL_PACK;XIRECS;10001.0;6
950400;;;VELVETFRUIT_EXTRACT;XIRECS;5271.0;8
951200;;;HYDROGEL_PACK;XIRECS;9983.0;5
951700;;;VELVETFRUIT_EXTRACT;XIRECS;5276.0;6
952200;;;VELVETFRUIT_EXTRACT;XIRECS;5274.0;4
954100;;;VEV_4000;XIRECS;1262.0;2
955600;;;HYDROGEL_PACK;XIRECS;9973.0;4
956900;;;VELVETFRUIT_EXTRACT;XIRECS;5269.0;8
958600;;;VELVETFRUIT_EXTRACT;XIRECS;5275.0;3
960300;;;HYDROGEL_PACK;XIRECS;9978.0;3
961200;;;VELVETFRUIT_EXTRACT;XIRECS;5270.0;8
961500;;;VELVETFRUIT_EXTRACT;XIRECS;5269.0;7
961800;;;VELVETFRUIT_EXTRACT;XIRECS;5272.0;7
962600;;;HYDROGEL_PACK;XIRECS;9972.0;4
963200;;;VEV_4000;XIRECS;1287.0;3
963600;;;HYDROGEL_PACK;XIRECS;9982.0;5
963700;;;HYDROGEL_PACK;XIRECS;9965.0;5
964500;;;VELVETFRUIT_EXTRACT;XIRECS;5274.0;6
965600;;;HYDROGEL_PACK;XIRECS;9954.0;5
966700;;;HYDROGEL_PACK;XIRECS;9947.0;5
966900;;;VELVETFRUIT_EXTRACT;XIRECS;5274.0;3
967300;;;HYDROGEL_PACK;XIRECS;9953.0;3
968100;;;VELVETFRUIT_EXTRACT;XIRECS;5266.0;7
968600;;;VELVETFRUIT_EXTRACT;XIRECS;5263.0;4
969100;;;VELVETFRUIT_EXTRACT;XIRECS;5263.0;11
972100;;;HYDROGEL_PACK;XIRECS;9966.0;2
972300;;;VELVETFRUIT_EXTRACT;XIRECS;5252.0;6
972500;;;VEV_4000;XIRECS;1248.0;2
973300;;;VELVETFRUIT_EXTRACT;XIRECS;5258.0;5
973700;;;VEV_4000;XIRECS;1263.0;2
975300;;;HYDROGEL_PACK;XIRECS;9999.0;6
975900;;;HYDROGEL_PACK;XIRECS;9984.0;5
976400;;;VELVETFRUIT_EXTRACT;XIRECS;5251.0;3
977300;;;VEV_5300;XIRECS;31.0;4
977300;;;VEV_5400;XIRECS;7.0;4
977300;;;VEV_5500;XIRECS;1.0;4
977300;;;VEV_6000;XIRECS;0.0;4
977300;;;VEV_6500;XIRECS;0.0;4
977400;;;HYDROGEL_PACK;XIRECS;9972.0;5
980100;;;VELVETFRUIT_EXTRACT;XIRECS;5247.0;7
980200;;;HYDROGEL_PACK;XIRECS;9957.0;3
980900;;;HYDROGEL_PACK;XIRECS;9974.0;2
982800;;;HYDROGEL_PACK;XIRECS;9965.0;3
983000;;;VELVETFRUIT_EXTRACT;XIRECS;5242.0;4
983300;;;VEV_5300;XIRECS;30.0;3
983300;;;VEV_5400;XIRECS;6.0;3
983300;;;VEV_5500;XIRECS;1.0;3
983300;;;VEV_6000;XIRECS;0.0;3
983300;;;VEV_6500;XIRECS;0.0;3
984300;;;VELVETFRUIT_EXTRACT;XIRECS;5244.0;15
984800;;;VELVETFRUIT_EXTRACT;XIRECS;5244.0;5
986000;;;VELVETFRUIT_EXTRACT;XIRECS;5239.0;3
986200;;;HYDROGEL_PACK;XIRECS;9973.0;3
989700;;;VELVETFRUIT_EXTRACT;XIRECS;5234.0;5
989800;;;HYDROGEL_PACK;XIRECS;9993.0;5
992400;;SUBMISSION;HYDROGEL_PACK;XIRECS;10003.0;4
992600;;;VEV_4000;XIRECS;1246.0;3
993700;;;VELVETFRUIT_EXTRACT;XIRECS;5242.0;3
993700;;;VEV_4000;XIRECS;1250.0;3
995300;;;VELVETFRUIT_EXTRACT;XIRECS;5235.0;3
997100;;;VEV_5400;XIRECS;5.0;4
997100;;;VEV_5500;XIRECS;1.0;4
997100;;;VEV_6000;XIRECS;0.0;4
997100;;;VEV_6500;XIRECS;0.0;4
997500;;;VELVETFRUIT_EXTRACT;XIRECS;5240.0;5
