product_a,product_b,correlation,abs_correlation,category_a,category_b,same_category
SNACKPACK_RASPBERRY,SNACKPACK_STRAWBERRY,-0.9231686292032215,0.9231686292032215,Snackpacks,Snackpacks,True
SNACKPACK_CHOCOLATE,SNACKPACK_VANILLA,-0.9151916562765425,0.9151916562765425,Snackpacks,Snackpacks,True
SNACKPACK_PISTACHIO,SNACKPACK_STRAWBERRY,0.9125632337000372,0.9125632337000372,Snackpacks,Snackpacks,True
SNACKPACK_PISTACHIO,SNACKPACK_RASPBERRY,-0.8306591784804822,0.8306591784804822,Snackpacks,Snackpacks,True
PEBBLES_M,PEBBLES_XL,-0.5059318818640386,0.5059318818640386,Pebbles,Pebbles,True
PEBBLES_L,PEBBLES_XL,-0.493156769944807,0.493156769944807,Pebbles,Pebbles,True
PEBBLES_S,PEBBLES_XL,-0.48293566761512197,0.48293566761512197,Pebbles,Pebbles,True
PEBBLES_XL,PEBBLES_XS,-0.4751281898423835,0.4751281898423835,Pebbles,Pebbles,True
SNACKPACK_PISTACHIO,SNACKPACK_VANILLA,0.03997314927939858,0.03997314927939858,Snackpacks,Snackpacks,True
SNACKPACK_CHOCOLATE,SNACKPACK_RASPBERRY,0.030747765977141978,0.030747765977141978,Snackpacks,Snackpacks,True
SNACKPACK_STRAWBERRY,SNACKPACK_VANILLA,0.030698574593780455,0.030698574593780455,Snackpacks,Snackpacks,True
OXYGEN_SHAKE_MINT,SNACKPACK_VANILLA,0.02796272010364292,0.02796272010364292,Oxygen shakes,Snackpacks,False
GALAXY_SOUNDS_PLANETARY_RINGS,SNACKPACK_PISTACHIO,0.025389608682273357,0.025389608682273357,Galaxy sounds,Snackpacks,False
SNACKPACK_CHOCOLATE,SNACKPACK_PISTACHIO,0.024692495641156397,0.024692495641156397,Snackpacks,Snackpacks,True
ROBOT_MOPPING,SNACKPACK_RASPBERRY,0.02429268860468688,0.02429268860468688,Robots,Snackpacks,False
SNACKPACK_PISTACHIO,UV_VISOR_RED,0.023387240364160636,0.023387240364160636,Snackpacks,UV visors,False
SNACKPACK_STRAWBERRY,UV_VISOR_RED,0.023200838647267696,0.023200838647267696,Snackpacks,UV visors,False
SNACKPACK_PISTACHIO,UV_VISOR_MAGENTA,0.023185866979722088,0.023185866979722088,Snackpacks,UV visors,False
SNACKPACK_PISTACHIO,TRANSLATOR_ASTRO_BLACK,0.022424178195918656,0.022424178195918656,Snackpacks,Translators,False
SNACKPACK_PISTACHIO,UV_VISOR_ORANGE,0.021974443209644277,0.021974443209644277,Snackpacks,UV visors,False
OXYGEN_SHAKE_MORNING_BREATH,SNACKPACK_CHOCOLATE,0.02180979483051729,0.02180979483051729,Oxygen shakes,Snackpacks,False
GALAXY_SOUNDS_BLACK_HOLES,OXYGEN_SHAKE_EVENING_BREATH,0.021564044940340546,0.021564044940340546,Galaxy sounds,Oxygen shakes,False
GALAXY_SOUNDS_SOLAR_WINDS,TRANSLATOR_GRAPHITE_MIST,0.021515191885204992,0.021515191885204992,Galaxy sounds,Translators,False
SNACKPACK_CHOCOLATE,UV_VISOR_RED,0.0212242681380637,0.0212242681380637,Snackpacks,UV visors,False
SNACKPACK_PISTACHIO,TRANSLATOR_ECLIPSE_CHARCOAL,0.021141387021936874,0.021141387021936874,Snackpacks,Translators,False
SNACKPACK_STRAWBERRY,UV_VISOR_MAGENTA,0.021060088006310217,0.021060088006310217,Snackpacks,UV visors,False
SNACKPACK_STRAWBERRY,TRANSLATOR_ASTRO_BLACK,0.020909005251041377,0.020909005251041377,Snackpacks,Translators,False
SLEEP_POD_NYLON,SNACKPACK_RASPBERRY,0.020631729388296195,0.020631729388296195,Sleep pods,Snackpacks,False
OXYGEN_SHAKE_GARLIC,SNACKPACK_RASPBERRY,0.020471067880931886,0.020471067880931886,Oxygen shakes,Snackpacks,False
PANEL_1X2,SNACKPACK_PISTACHIO,0.020237108435057157,0.020237108435057157,Panels,Snackpacks,False
GALAXY_SOUNDS_PLANETARY_RINGS,SNACKPACK_STRAWBERRY,0.02019677377428373,0.02019677377428373,Galaxy sounds,Snackpacks,False
OXYGEN_SHAKE_CHOCOLATE,SNACKPACK_PISTACHIO,0.020115674843149755,0.020115674843149755,Oxygen shakes,Snackpacks,False
GALAXY_SOUNDS_SOLAR_WINDS,SNACKPACK_CHOCOLATE,0.019901726034522844,0.019901726034522844,Galaxy sounds,Snackpacks,False
UV_VISOR_ORANGE,UV_VISOR_RED,0.01955601990621495,0.01955601990621495,UV visors,UV visors,True
SLEEP_POD_SUEDE,SNACKPACK_RASPBERRY,0.019363635955297047,0.019363635955297047,Sleep pods,Snackpacks,False
SNACKPACK_PISTACHIO,UV_VISOR_AMBER,0.01912710928237906,0.01912710928237906,Snackpacks,UV visors,False
SNACKPACK_CHOCOLATE,TRANSLATOR_GRAPHITE_MIST,0.018873777762641313,0.018873777762641313,Snackpacks,Translators,False
GALAXY_SOUNDS_SOLAR_WINDS,UV_VISOR_YELLOW,0.01887074411490816,0.01887074411490816,Galaxy sounds,UV visors,False
GALAXY_SOUNDS_BLACK_HOLES,SNACKPACK_CHOCOLATE,0.01884728807288084,0.01884728807288084,Galaxy sounds,Snackpacks,False
PANEL_1X2,SNACKPACK_VANILLA,0.01866354944763501,0.01866354944763501,Panels,Snackpacks,False
SNACKPACK_VANILLA,UV_VISOR_MAGENTA,0.01810322858309954,0.01810322858309954,Snackpacks,UV visors,False
GALAXY_SOUNDS_DARK_MATTER,PANEL_2X4,0.01800945676624311,0.01800945676624311,Galaxy sounds,Panels,False
OXYGEN_SHAKE_GARLIC,SNACKPACK_CHOCOLATE,0.017954459551623694,0.017954459551623694,Oxygen shakes,Snackpacks,False
PEBBLES_XS,TRANSLATOR_VOID_BLUE,-0.017818857289031695,0.017818857289031695,Pebbles,Translators,False
SNACKPACK_STRAWBERRY,UV_VISOR_ORANGE,0.017815901999373815,0.017815901999373815,Snackpacks,UV visors,False
OXYGEN_SHAKE_CHOCOLATE,SNACKPACK_CHOCOLATE,0.017706138062974143,0.017706138062974143,Oxygen shakes,Snackpacks,False
OXYGEN_SHAKE_GARLIC,SLEEP_POD_POLYESTER,0.0176995481300104,0.0176995481300104,Oxygen shakes,Sleep pods,False
SNACKPACK_VANILLA,TRANSLATOR_SPACE_GRAY,0.017612738902456276,0.017612738902456276,Snackpacks,Translators,False
TRANSLATOR_GRAPHITE_MIST,TRANSLATOR_VOID_BLUE,0.017523132750938912,0.017523132750938912,Translators,Translators,True
GALAXY_SOUNDS_DARK_MATTER,UV_VISOR_YELLOW,0.017331170331781536,0.017331170331781536,Galaxy sounds,UV visors,False
GALAXY_SOUNDS_DARK_MATTER,SNACKPACK_CHOCOLATE,0.017325474932290478,0.017325474932290478,Galaxy sounds,Snackpacks,False
SNACKPACK_PISTACHIO,TRANSLATOR_VOID_BLUE,0.017131820886086852,0.017131820886086852,Snackpacks,Translators,False
SNACKPACK_STRAWBERRY,TRANSLATOR_ECLIPSE_CHARCOAL,0.017073962521897978,0.017073962521897978,Snackpacks,Translators,False
OXYGEN_SHAKE_MORNING_BREATH,SNACKPACK_RASPBERRY,0.017059527017747607,0.017059527017747607,Oxygen shakes,Snackpacks,False
SNACKPACK_CHOCOLATE,SNACKPACK_STRAWBERRY,0.017030743389767886,0.017030743389767886,Snackpacks,Snackpacks,True
OXYGEN_SHAKE_MINT,SNACKPACK_RASPBERRY,0.017007133156617112,0.017007133156617112,Oxygen shakes,Snackpacks,False
GALAXY_SOUNDS_SOLAR_WINDS,PEBBLES_S,-0.016875616153473355,0.016875616153473355,Galaxy sounds,Pebbles,False
SNACKPACK_VANILLA,TRANSLATOR_ASTRO_BLACK,0.016734952456233278,0.016734952456233278,Snackpacks,Translators,False
SLEEP_POD_COTTON,SNACKPACK_PISTACHIO,0.01661414571495246,0.01661414571495246,Sleep pods,Snackpacks,False
PANEL_4X4,SNACKPACK_VANILLA,0.016528968438144755,0.016528968438144755,Panels,Snackpacks,False
SNACKPACK_PISTACHIO,UV_VISOR_YELLOW,0.016525741555748794,0.016525741555748794,Snackpacks,UV visors,False
SNACKPACK_VANILLA,UV_VISOR_ORANGE,0.016424522498092686,0.016424522498092686,Snackpacks,UV visors,False
GALAXY_SOUNDS_BLACK_HOLES,SNACKPACK_PISTACHIO,0.016401378041555278,0.016401378041555278,Galaxy sounds,Snackpacks,False
OXYGEN_SHAKE_MINT,SLEEP_POD_NYLON,0.01628172431537293,0.01628172431537293,Oxygen shakes,Sleep pods,False
PANEL_1X4,UV_VISOR_AMBER,0.016224434816738232,0.016224434816738232,Panels,UV visors,False
SLEEP_POD_NYLON,SNACKPACK_CHOCOLATE,0.016198109134980345,0.016198109134980345,Sleep pods,Snackpacks,False
OXYGEN_SHAKE_EVENING_BREATH,UV_VISOR_AMBER,0.01614220477569319,0.01614220477569319,Oxygen shakes,UV visors,False
SNACKPACK_RASPBERRY,TRANSLATOR_GRAPHITE_MIST,0.01606816927357914,0.01606816927357914,Snackpacks,Translators,False
GALAXY_SOUNDS_BLACK_HOLES,OXYGEN_SHAKE_GARLIC,0.01603134787632035,0.01603134787632035,Galaxy sounds,Oxygen shakes,False
SNACKPACK_VANILLA,TRANSLATOR_VOID_BLUE,0.01593921004001651,0.01593921004001651,Snackpacks,Translators,False
GALAXY_SOUNDS_DARK_MATTER,UV_VISOR_RED,0.015792253379179395,0.015792253379179395,Galaxy sounds,UV visors,False
OXYGEN_SHAKE_MINT,SNACKPACK_PISTACHIO,0.01571780654760427,0.01571780654760427,Oxygen shakes,Snackpacks,False
PEBBLES_M,PEBBLES_XS,0.01562732723724312,0.01562732723724312,Pebbles,Pebbles,True
GALAXY_SOUNDS_BLACK_HOLES,MICROCHIP_SQUARE,0.0156084080865388,0.0156084080865388,Galaxy sounds,Microchips,False
SNACKPACK_CHOCOLATE,UV_VISOR_YELLOW,0.015598926036708254,0.015598926036708254,Snackpacks,UV visors,False
GALAXY_SOUNDS_PLANETARY_RINGS,SNACKPACK_CHOCOLATE,0.015564744181693112,0.015564744181693112,Galaxy sounds,Snackpacks,False
PANEL_1X2,SLEEP_POD_COTTON,0.015530325931536557,0.015530325931536557,Panels,Sleep pods,False
OXYGEN_SHAKE_EVENING_BREATH,SNACKPACK_VANILLA,0.015207007435821726,0.015207007435821726,Oxygen shakes,Snackpacks,False
PANEL_1X4,SNACKPACK_CHOCOLATE,0.015197641667627838,0.015197641667627838,Panels,Snackpacks,False
PEBBLES_XS,ROBOT_LAUNDRY,-0.015108253078934153,0.015108253078934153,Pebbles,Robots,False
GALAXY_SOUNDS_BLACK_HOLES,TRANSLATOR_GRAPHITE_MIST,0.015094093148295571,0.015094093148295571,Galaxy sounds,Translators,False
SLEEP_POD_POLYESTER,TRANSLATOR_SPACE_GRAY,0.01508622331209344,0.01508622331209344,Sleep pods,Translators,False
SNACKPACK_CHOCOLATE,UV_VISOR_AMBER,0.015077789078916486,0.015077789078916486,Snackpacks,UV visors,False
GALAXY_SOUNDS_SOLAR_FLAMES,SNACKPACK_PISTACHIO,0.014862810519506633,0.014862810519506633,Galaxy sounds,Snackpacks,False
MICROCHIP_OVAL,ROBOT_IRONING,0.014822944100649035,0.014822944100649035,Microchips,Robots,False
GALAXY_SOUNDS_SOLAR_FLAMES,SNACKPACK_CHOCOLATE,0.014770456192065852,0.014770456192065852,Galaxy sounds,Snackpacks,False
SLEEP_POD_COTTON,SNACKPACK_CHOCOLATE,0.014720739478205125,0.014720739478205125,Sleep pods,Snackpacks,False
SLEEP_POD_SUEDE,UV_VISOR_AMBER,0.01464278292588266,0.01464278292588266,Sleep pods,UV visors,False
SLEEP_POD_POLYESTER,UV_VISOR_RED,0.014481968717476775,0.014481968717476775,Sleep pods,UV visors,False
SNACKPACK_RASPBERRY,SNACKPACK_VANILLA,0.014472300385950326,0.014472300385950326,Snackpacks,Snackpacks,True
TRANSLATOR_ASTRO_BLACK,UV_VISOR_YELLOW,0.014447820570660849,0.014447820570660849,Translators,UV visors,False
SNACKPACK_RASPBERRY,UV_VISOR_YELLOW,0.01440131517431428,0.01440131517431428,Snackpacks,UV visors,False
OXYGEN_SHAKE_EVENING_BREATH,SNACKPACK_RASPBERRY,0.014153587335848669,0.014153587335848669,Oxygen shakes,Snackpacks,False
GALAXY_SOUNDS_DARK_MATTER,OXYGEN_SHAKE_GARLIC,0.01409083453791147,0.01409083453791147,Galaxy sounds,Oxygen shakes,False
PANEL_2X4,UV_VISOR_ORANGE,0.014090318408278128,0.014090318408278128,Panels,UV visors,False
OXYGEN_SHAKE_GARLIC,PANEL_1X2,0.01408522118545903,0.01408522118545903,Oxygen shakes,Panels,False
GALAXY_SOUNDS_SOLAR_WINDS,SNACKPACK_PISTACHIO,0.01403148672364468,0.01403148672364468,Galaxy sounds,Snackpacks,False
GALAXY_SOUNDS_SOLAR_FLAMES,PANEL_2X4,0.013983192915422616,0.013983192915422616,Galaxy sounds,Panels,False
ROBOT_IRONING,UV_VISOR_AMBER,0.013963654493503565,0.013963654493503565,Robots,UV visors,False
ROBOT_IRONING,ROBOT_VACUUMING,0.013846326677296971,0.013846326677296971,Robots,Robots,True
GALAXY_SOUNDS_BLACK_HOLES,TRANSLATOR_VOID_BLUE,0.013801291015384291,0.013801291015384291,Galaxy sounds,Translators,False
PEBBLES_XS,SNACKPACK_VANILLA,-0.01377461478454868,0.01377461478454868,Pebbles,Snackpacks,False
OXYGEN_SHAKE_EVENING_BREATH,UV_VISOR_MAGENTA,0.013771102000225976,0.013771102000225976,Oxygen shakes,UV visors,False
SLEEP_POD_POLYESTER,UV_VISOR_MAGENTA,0.013763269330235098,0.013763269330235098,Sleep pods,UV visors,False
GALAXY_SOUNDS_SOLAR_WINDS,TRANSLATOR_ASTRO_BLACK,0.013757491341885753,0.013757491341885753,Galaxy sounds,Translators,False
PANEL_1X2,SNACKPACK_STRAWBERRY,0.013728387774048414,0.013728387774048414,Panels,Snackpacks,False
GALAXY_SOUNDS_BLACK_HOLES,UV_VISOR_MAGENTA,0.013720237551172814,0.013720237551172814,Galaxy sounds,UV visors,False
ROBOT_VACUUMING,SNACKPACK_PISTACHIO,0.013714141963160318,0.013714141963160318,Robots,Snackpacks,False
SNACKPACK_VANILLA,UV_VISOR_AMBER,0.013682428668120179,0.013682428668120179,Snackpacks,UV visors,False
TRANSLATOR_ASTRO_BLACK,UV_VISOR_MAGENTA,0.01362123073120315,0.01362123073120315,Translators,UV visors,False
TRANSLATOR_ECLIPSE_CHARCOAL,UV_VISOR_MAGENTA,0.013586228556261555,0.013586228556261555,Translators,UV visors,False
SNACKPACK_STRAWBERRY,UV_VISOR_AMBER,0.013536192918814718,0.013536192918814718,Snackpacks,UV visors,False
OXYGEN_SHAKE_GARLIC,OXYGEN_SHAKE_MORNING_BREATH,0.013385003548156096,0.013385003548156096,Oxygen shakes,Oxygen shakes,True
GALAXY_SOUNDS_SOLAR_WINDS,SNACKPACK_RASPBERRY,0.013368598990361748,0.013368598990361748,Galaxy sounds,Snackpacks,False
ROBOT_IRONING,TRANSLATOR_ECLIPSE_CHARCOAL,0.01329430537861123,0.01329430537861123,Robots,Translators,False
GALAXY_SOUNDS_BLACK_HOLES,OXYGEN_SHAKE_CHOCOLATE,0.01325094434660796,0.01325094434660796,Galaxy sounds,Oxygen shakes,False
SNACKPACK_CHOCOLATE,TRANSLATOR_ECLIPSE_CHARCOAL,0.01320506431506514,0.01320506431506514,Snackpacks,Translators,False
SLEEP_POD_POLYESTER,SNACKPACK_CHOCOLATE,0.01316771848207086,0.01316771848207086,Sleep pods,Snackpacks,False
GALAXY_SOUNDS_SOLAR_WINDS,OXYGEN_SHAKE_MORNING_BREATH,0.013105174238718013,0.013105174238718013,Galaxy sounds,Oxygen shakes,False
GALAXY_SOUNDS_BLACK_HOLES,TRANSLATOR_ASTRO_BLACK,0.013102994539140812,0.013102994539140812,Galaxy sounds,Translators,False
PANEL_1X2,UV_VISOR_RED,0.013077242595051634,0.013077242595051634,Panels,UV visors,False
MICROCHIP_OVAL,UV_VISOR_YELLOW,-0.013026249879770661,0.013026249879770661,Microchips,UV visors,False
OXYGEN_SHAKE_EVENING_BREATH,UV_VISOR_YELLOW,0.013005286708033631,0.013005286708033631,Oxygen shakes,UV visors,False
GALAXY_SOUNDS_SOLAR_FLAMES,SNACKPACK_STRAWBERRY,0.012987138008864467,0.012987138008864467,Galaxy sounds,Snackpacks,False
ROBOT_IRONING,SLEEP_POD_NYLON,0.012986979654825169,0.012986979654825169,Robots,Sleep pods,False
GALAXY_SOUNDS_PLANETARY_RINGS,GALAXY_SOUNDS_SOLAR_FLAMES,0.012982075169790898,0.012982075169790898,Galaxy sounds,Galaxy sounds,True
TRANSLATOR_SPACE_GRAY,UV_VISOR_AMBER,0.01293430150104993,0.01293430150104993,Translators,UV visors,False
PANEL_2X4,UV_VISOR_MAGENTA,0.012873102645420185,0.012873102645420185,Panels,UV visors,False
OXYGEN_SHAKE_CHOCOLATE,UV_VISOR_AMBER,0.01284899254326196,0.01284899254326196,Oxygen shakes,UV visors,False
PANEL_1X2,ROBOT_LAUNDRY,0.012746073176313152,0.012746073176313152,Panels,Robots,False
PANEL_2X4,SNACKPACK_PISTACHIO,0.01269346084356716,0.01269346084356716,Panels,Snackpacks,False
SNACKPACK_PISTACHIO,TRANSLATOR_SPACE_GRAY,0.0126800936224939,0.0126800936224939,Snackpacks,Translators,False
PANEL_2X4,TRANSLATOR_ASTRO_BLACK,0.012675890290577464,0.012675890290577464,Panels,Translators,False
MICROCHIP_CIRCLE,MICROCHIP_OVAL,0.012611716642019453,0.012611716642019453,Microchips,Microchips,True
PANEL_2X2,PEBBLES_XS,0.012598820618374622,0.012598820618374622,Panels,Pebbles,False
SNACKPACK_VANILLA,UV_VISOR_YELLOW,0.012597292218825093,0.012597292218825093,Snackpacks,UV visors,False
PANEL_2X2,SNACKPACK_CHOCOLATE,0.012506035810551982,0.012506035810551982,Panels,Snackpacks,False
GALAXY_SOUNDS_SOLAR_WINDS,ROBOT_LAUNDRY,0.012473530745418586,0.012473530745418586,Galaxy sounds,Robots,False
GALAXY_SOUNDS_DARK_MATTER,SNACKPACK_VANILLA,0.012435305311772588,0.012435305311772588,Galaxy sounds,Snackpacks,False
OXYGEN_SHAKE_MORNING_BREATH,ROBOT_LAUNDRY,0.012429740486193464,0.012429740486193464,Oxygen shakes,Robots,False
MICROCHIP_RECTANGLE,OXYGEN_SHAKE_MINT,-0.012401792567594907,0.012401792567594907,Microchips,Oxygen shakes,False
PANEL_2X4,UV_VISOR_YELLOW,0.012389335303656598,0.012389335303656598,Panels,UV visors,False
SLEEP_POD_POLYESTER,SNACKPACK_PISTACHIO,0.012359974331827898,0.012359974331827898,Sleep pods,Snackpacks,False
GALAXY_SOUNDS_DARK_MATTER,SNACKPACK_PISTACHIO,0.012301162150779015,0.012301162150779015,Galaxy sounds,Snackpacks,False
SNACKPACK_RASPBERRY,UV_VISOR_AMBER,0.012240653243341146,0.012240653243341146,Snackpacks,UV visors,False
GALAXY_SOUNDS_DARK_MATTER,OXYGEN_SHAKE_EVENING_BREATH,0.01223859786977713,0.01223859786977713,Galaxy sounds,Oxygen shakes,False
OXYGEN_SHAKE_EVENING_BREATH,SNACKPACK_CHOCOLATE,0.012229963915421423,0.012229963915421423,Oxygen shakes,Snackpacks,False
SLEEP_POD_NYLON,TRANSLATOR_SPACE_GRAY,0.012210706330742857,0.012210706330742857,Sleep pods,Translators,False
GALAXY_SOUNDS_SOLAR_FLAMES,TRANSLATOR_VOID_BLUE,0.01220654597673608,0.01220654597673608,Galaxy sounds,Translators,False
OXYGEN_SHAKE_CHOCOLATE,ROBOT_VACUUMING,0.012203488637821263,0.012203488637821263,Oxygen shakes,Robots,False
PANEL_4X4,SLEEP_POD_NYLON,0.01218796681639248,0.01218796681639248,Panels,Sleep pods,False
GALAXY_SOUNDS_PLANETARY_RINGS,PEBBLES_XS,0.012176984713285748,0.012176984713285748,Galaxy sounds,Pebbles,False
SNACKPACK_STRAWBERRY,TRANSLATOR_VOID_BLUE,0.012158926383040607,0.012158926383040607,Snackpacks,Translators,False
ROBOT_VACUUMING,UV_VISOR_RED,0.012133797151050034,0.012133797151050034,Robots,UV visors,False
GALAXY_SOUNDS_DARK_MATTER,SNACKPACK_RASPBERRY,0.012050475822193495,0.012050475822193495,Galaxy sounds,Snackpacks,False
PEBBLES_XS,SNACKPACK_CHOCOLATE,0.012019460914192174,0.012019460914192174,Pebbles,Snackpacks,False
GALAXY_SOUNDS_BLACK_HOLES,SNACKPACK_RASPBERRY,0.012008286902142937,0.012008286902142937,Galaxy sounds,Snackpacks,False
MICROCHIP_CIRCLE,SLEEP_POD_POLYESTER,-0.011980697979161096,0.011980697979161096,Microchips,Sleep pods,False
GALAXY_SOUNDS_SOLAR_WINDS,TRANSLATOR_VOID_BLUE,0.011969149854365231,0.011969149854365231,Galaxy sounds,Translators,False
ROBOT_DISHES,TRANSLATOR_ECLIPSE_CHARCOAL,0.011967889494301113,0.011967889494301113,Robots,Translators,False
GALAXY_SOUNDS_PLANETARY_RINGS,OXYGEN_SHAKE_CHOCOLATE,0.011935473849264872,0.011935473849264872,Galaxy sounds,Oxygen shakes,False
OXYGEN_SHAKE_CHOCOLATE,SNACKPACK_STRAWBERRY,0.011852408240271783,0.011852408240271783,Oxygen shakes,Snackpacks,False
OXYGEN_SHAKE_MINT,UV_VISOR_RED,0.011816414284964973,0.011816414284964973,Oxygen shakes,UV visors,False
MICROCHIP_OVAL,OXYGEN_SHAKE_CHOCOLATE,-0.011801957676955174,0.011801957676955174,Microchips,Oxygen shakes,False
MICROCHIP_SQUARE,SLEEP_POD_NYLON,-0.011792470829705689,0.011792470829705689,Microchips,Sleep pods,False
OXYGEN_SHAKE_MORNING_BREATH,UV_VISOR_YELLOW,0.011777012378307349,0.011777012378307349,Oxygen shakes,UV visors,False
SLEEP_POD_COTTON,UV_VISOR_MAGENTA,0.011756981212514712,0.011756981212514712,Sleep pods,UV visors,False
OXYGEN_SHAKE_MINT,UV_VISOR_MAGENTA,0.011682261905956372,0.011682261905956372,Oxygen shakes,UV visors,False
ROBOT_DISHES,SNACKPACK_RASPBERRY,0.011661968241481127,0.011661968241481127,Robots,Snackpacks,False
PEBBLES_M,PEBBLES_S,0.011600862915046466,0.011600862915046466,Pebbles,Pebbles,True
PANEL_2X4,SNACKPACK_CHOCOLATE,0.01157165527780139,0.01157165527780139,Panels,Snackpacks,False
OXYGEN_SHAKE_MORNING_BREATH,PANEL_1X2,0.01155500652451112,0.01155500652451112,Oxygen shakes,Panels,False
OXYGEN_SHAKE_MINT,UV_VISOR_YELLOW,0.011526744680106718,0.011526744680106718,Oxygen shakes,UV visors,False
PANEL_2X4,SNACKPACK_RASPBERRY,0.011514410591165623,0.011514410591165623,Panels,Snackpacks,False
SLEEP_POD_COTTON,SNACKPACK_RASPBERRY,0.011430612576618558,0.011430612576618558,Sleep pods,Snackpacks,False
OXYGEN_SHAKE_MORNING_BREATH,SLEEP_POD_LAMB_WOOL,0.011352596377258916,0.011352596377258916,Oxygen shakes,Sleep pods,False
PANEL_1X4,ROBOT_VACUUMING,0.011329186782457897,0.011329186782457897,Panels,Robots,False
OXYGEN_SHAKE_CHOCOLATE,SNACKPACK_VANILLA,0.01132150376960927,0.01132150376960927,Oxygen shakes,Snackpacks,False
GALAXY_SOUNDS_DARK_MATTER,SNACKPACK_STRAWBERRY,0.01125542748836114,0.01125542748836114,Galaxy sounds,Snackpacks,False
MICROCHIP_TRIANGLE,SNACKPACK_CHOCOLATE,-0.011186004250999084,0.011186004250999084,Microchips,Snackpacks,False
PEBBLES_L,PEBBLES_M,0.011067352245862772,0.011067352245862772,Pebbles,Pebbles,True
GALAXY_SOUNDS_PLANETARY_RINGS,SLEEP_POD_POLYESTER,0.011055857900201508,0.011055857900201508,Galaxy sounds,Sleep pods,False
SNACKPACK_STRAWBERRY,UV_VISOR_YELLOW,0.01104108029162637,0.01104108029162637,Snackpacks,UV visors,False
PANEL_2X4,SNACKPACK_VANILLA,0.011029280847061215,0.011029280847061215,Panels,Snackpacks,False
PEBBLES_XS,UV_VISOR_RED,-0.011019754386736942,0.011019754386736942,Pebbles,UV visors,False
MICROCHIP_OVAL,ROBOT_LAUNDRY,0.01098310829614273,0.01098310829614273,Microchips,Robots,False
PEBBLES_M,SNACKPACK_CHOCOLATE,-0.010977784183693355,0.010977784183693355,Pebbles,Snackpacks,False
SLEEP_POD_COTTON,UV_VISOR_AMBER,0.010971079781336913,0.010971079781336913,Sleep pods,UV visors,False
GALAXY_SOUNDS_SOLAR_FLAMES,OXYGEN_SHAKE_EVENING_BREATH,0.010943309139943591,0.010943309139943591,Galaxy sounds,Oxygen shakes,False
GALAXY_SOUNDS_DARK_MATTER,SLEEP_POD_SUEDE,0.010857194356344047,0.010857194356344047,Galaxy sounds,Sleep pods,False
OXYGEN_SHAKE_EVENING_BREATH,PANEL_2X2,0.010833530262528424,0.010833530262528424,Oxygen shakes,Panels,False
PANEL_2X4,SLEEP_POD_LAMB_WOOL,0.010832492322374512,0.010832492322374512,Panels,Sleep pods,False
OXYGEN_SHAKE_CHOCOLATE,SNACKPACK_RASPBERRY,0.01080618761911277,0.01080618761911277,Oxygen shakes,Snackpacks,False
ROBOT_MOPPING,SNACKPACK_STRAWBERRY,-0.010802951186790243,0.010802951186790243,Robots,Snackpacks,False
ROBOT_DISHES,UV_VISOR_RED,0.010789696646076291,0.010789696646076291,Robots,UV visors,False
OXYGEN_SHAKE_GARLIC,SNACKPACK_VANILLA,0.010737581903958104,0.010737581903958104,Oxygen shakes,Snackpacks,False
PANEL_1X2,PANEL_2X2,0.010726326824884948,0.010726326824884948,Panels,Panels,True
GALAXY_SOUNDS_PLANETARY_RINGS,TRANSLATOR_VOID_BLUE,0.010702772949660815,0.010702772949660815,Galaxy sounds,Translators,False
SLEEP_POD_SUEDE,SNACKPACK_CHOCOLATE,0.010664991655202273,0.010664991655202273,Sleep pods,Snackpacks,False
MICROCHIP_SQUARE,TRANSLATOR_SPACE_GRAY,0.01065919899083318,0.01065919899083318,Microchips,Translators,False
PEBBLES_M,UV_VISOR_MAGENTA,0.010654808542490126,0.010654808542490126,Pebbles,UV visors,False
PANEL_1X4,PANEL_2X4,0.010564424578374053,0.010564424578374053,Panels,Panels,True
SNACKPACK_CHOCOLATE,UV_VISOR_ORANGE,0.010523831576721404,0.010523831576721404,Snackpacks,UV visors,False
ROBOT_LAUNDRY,UV_VISOR_RED,0.010499095899145468,0.010499095899145468,Robots,UV visors,False
PEBBLES_XS,UV_VISOR_YELLOW,0.010484764933954338,0.010484764933954338,Pebbles,UV visors,False
SLEEP_POD_POLYESTER,SNACKPACK_RASPBERRY,0.010445577939852216,0.010445577939852216,Sleep pods,Snackpacks,False
SLEEP_POD_LAMB_WOOL,SNACKPACK_PISTACHIO,0.010423618447576508,0.010423618447576508,Sleep pods,Snackpacks,False
SLEEP_POD_SUEDE,SNACKPACK_VANILLA,0.010418735774561925,0.010418735774561925,Sleep pods,Snackpacks,False
PEBBLES_XS,ROBOT_VACUUMING,-0.01041673692555651,0.01041673692555651,Pebbles,Robots,False
MICROCHIP_OVAL,OXYGEN_SHAKE_MORNING_BREATH,-0.010396107419980741,0.010396107419980741,Microchips,Oxygen shakes,False
TRANSLATOR_ECLIPSE_CHARCOAL,UV_VISOR_ORANGE,-0.01035869561909291,0.01035869561909291,Translators,UV visors,False
PANEL_1X4,UV_VISOR_YELLOW,0.010334587879767902,0.010334587879767902,Panels,UV visors,False
PANEL_1X2,SNACKPACK_RASPBERRY,0.010325978737108908,0.010325978737108908,Panels,Snackpacks,False
PANEL_1X2,UV_VISOR_ORANGE,0.0103235204089572,0.0103235204089572,Panels,UV visors,False
MICROCHIP_SQUARE,UV_VISOR_RED,0.01031337903270848,0.01031337903270848,Microchips,UV visors,False
MICROCHIP_CIRCLE,ROBOT_IRONING,-0.01030400296493401,0.01030400296493401,Microchips,Robots,False
OXYGEN_SHAKE_CHOCOLATE,ROBOT_LAUNDRY,0.010292219096518783,0.010292219096518783,Oxygen shakes,Robots,False
GALAXY_SOUNDS_SOLAR_WINDS,PEBBLES_XL,0.010277184956924711,0.010277184956924711,Galaxy sounds,Pebbles,False
GALAXY_SOUNDS_SOLAR_WINDS,SLEEP_POD_POLYESTER,0.010249174943758836,0.010249174943758836,Galaxy sounds,Sleep pods,False
PEBBLES_L,SNACKPACK_PISTACHIO,0.010247250598852068,0.010247250598852068,Pebbles,Snackpacks,False
PANEL_2X4,ROBOT_MOPPING,0.010245389020948762,0.010245389020948762,Panels,Robots,False
PEBBLES_L,ROBOT_LAUNDRY,0.010210899254544404,0.010210899254544404,Pebbles,Robots,False
GALAXY_SOUNDS_SOLAR_FLAMES,SNACKPACK_RASPBERRY,0.010209287550637639,0.010209287550637639,Galaxy sounds,Snackpacks,False
MICROCHIP_CIRCLE,MICROCHIP_RECTANGLE,0.010200857332141289,0.010200857332141289,Microchips,Microchips,True
TRANSLATOR_ECLIPSE_CHARCOAL,TRANSLATOR_SPACE_GRAY,0.010188066508493052,0.010188066508493052,Translators,Translators,True
GALAXY_SOUNDS_BLACK_HOLES,SNACKPACK_STRAWBERRY,0.010175541151469644,0.010175541151469644,Galaxy sounds,Snackpacks,False
OXYGEN_SHAKE_MORNING_BREATH,PANEL_1X4,0.010169426950485526,0.010169426950485526,Oxygen shakes,Panels,False
OXYGEN_SHAKE_MINT,SNACKPACK_STRAWBERRY,0.010159125529766427,0.010159125529766427,Oxygen shakes,Snackpacks,False
OXYGEN_SHAKE_GARLIC,PANEL_2X2,0.010158566012200927,0.010158566012200927,Oxygen shakes,Panels,False
OXYGEN_SHAKE_MORNING_BREATH,PEBBLES_L,-0.010136662796995849,0.010136662796995849,Oxygen shakes,Pebbles,False
PANEL_2X4,ROBOT_DISHES,0.010120978245687398,0.010120978245687398,Panels,Robots,False
GALAXY_SOUNDS_PLANETARY_RINGS,UV_VISOR_RED,0.010113957676513527,0.010113957676513527,Galaxy sounds,UV visors,False
PANEL_1X2,UV_VISOR_YELLOW,0.010068807385244098,0.010068807385244098,Panels,UV visors,False
OXYGEN_SHAKE_GARLIC,UV_VISOR_ORANGE,0.010061761367916651,0.010061761367916651,Oxygen shakes,UV visors,False
PEBBLES_M,TRANSLATOR_ASTRO_BLACK,-0.010057641252364887,0.010057641252364887,Pebbles,Translators,False
GALAXY_SOUNDS_SOLAR_FLAMES,SNACKPACK_VANILLA,0.010038860347022213,0.010038860347022213,Galaxy sounds,Snackpacks,False
GALAXY_SOUNDS_SOLAR_FLAMES,UV_VISOR_RED,0.01003123815601801,0.01003123815601801,Galaxy sounds,UV visors,False
PANEL_4X4,TRANSLATOR_SPACE_GRAY,0.009957786774292087,0.009957786774292087,Panels,Translators,False
OXYGEN_SHAKE_MORNING_BREATH,SNACKPACK_PISTACHIO,0.009937689937775326,0.009937689937775326,Oxygen shakes,Snackpacks,False
PEBBLES_XL,UV_VISOR_RED,0.009924643236006477,0.009924643236006477,Pebbles,UV visors,False
ROBOT_DISHES,SNACKPACK_CHOCOLATE,0.009909848745727343,0.009909848745727343,Robots,Snackpacks,False
PEBBLES_XL,TRANSLATOR_VOID_BLUE,0.009908402445992014,0.009908402445992014,Pebbles,Translators,False
GALAXY_SOUNDS_SOLAR_WINDS,SNACKPACK_STRAWBERRY,0.009882856741109834,0.009882856741109834,Galaxy sounds,Snackpacks,False
GALAXY_SOUNDS_SOLAR_FLAMES,PEBBLES_M,0.009876831073804876,0.009876831073804876,Galaxy sounds,Pebbles,False
GALAXY_SOUNDS_SOLAR_FLAMES,PEBBLES_S,-0.00984548960188373,0.00984548960188373,Galaxy sounds,Pebbles,False
ROBOT_MOPPING,SNACKPACK_PISTACHIO,-0.009843333527537919,0.009843333527537919,Robots,Snackpacks,False
GALAXY_SOUNDS_SOLAR_FLAMES,PANEL_2X2,0.009837831234558506,0.009837831234558506,Galaxy sounds,Panels,False
PANEL_4X4,ROBOT_MOPPING,0.009822162359040296,0.009822162359040296,Panels,Robots,False
PEBBLES_S,UV_VISOR_ORANGE,-0.009781601850577273,0.009781601850577273,Pebbles,UV visors,False
GALAXY_SOUNDS_SOLAR_FLAMES,TRANSLATOR_ECLIPSE_CHARCOAL,0.009759858313039336,0.009759858313039336,Galaxy sounds,Translators,False
PANEL_4X4,SNACKPACK_RASPBERRY,0.009754569745669671,0.009754569745669671,Panels,Snackpacks,False
PANEL_1X4,PEBBLES_S,-0.00973683919965427,0.00973683919965427,Panels,Pebbles,False
SLEEP_POD_POLYESTER,TRANSLATOR_ASTRO_BLACK,-0.009717066748563138,0.009717066748563138,Sleep pods,Translators,False
PANEL_1X4,SNACKPACK_PISTACHIO,0.009689073293555013,0.009689073293555013,Panels,Snackpacks,False
ROBOT_LAUNDRY,ROBOT_MOPPING,-0.009604255759625391,0.009604255759625391,Robots,Robots,True
SLEEP_POD_SUEDE,UV_VISOR_ORANGE,0.009551251761475622,0.009551251761475622,Sleep pods,UV visors,False
ROBOT_IRONING,SNACKPACK_CHOCOLATE,0.009536524957677215,0.009536524957677215,Robots,Snackpacks,False
OXYGEN_SHAKE_MINT,TRANSLATOR_SPACE_GRAY,0.009535183149379808,0.009535183149379808,Oxygen shakes,Translators,False
PEBBLES_XS,UV_VISOR_MAGENTA,-0.009520762938145287,0.009520762938145287,Pebbles,UV visors,False
PANEL_1X2,ROBOT_MOPPING,0.009512387313815271,0.009512387313815271,Panels,Robots,False
GALAXY_SOUNDS_SOLAR_WINDS,PANEL_4X4,0.009504461938515901,0.009504461938515901,Galaxy sounds,Panels,False
SLEEP_POD_LAMB_WOOL,TRANSLATOR_VOID_BLUE,0.009502710110183138,0.009502710110183138,Sleep pods,Translators,False
PEBBLES_XL,SLEEP_POD_SUEDE,0.009488353400278383,0.009488353400278383,Pebbles,Sleep pods,False
GALAXY_SOUNDS_SOLAR_FLAMES,PANEL_1X2,0.009480293142796381,0.009480293142796381,Galaxy sounds,Panels,False
MICROCHIP_SQUARE,OXYGEN_SHAKE_GARLIC,0.009472076294965881,0.009472076294965881,Microchips,Oxygen shakes,False
GALAXY_SOUNDS_PLANETARY_RINGS,PEBBLES_S,-0.009455454323115767,0.009455454323115767,Galaxy sounds,Pebbles,False
MICROCHIP_CIRCLE,PEBBLES_XS,-0.009442987547946117,0.009442987547946117,Microchips,Pebbles,False
GALAXY_SOUNDS_SOLAR_WINDS,SNACKPACK_VANILLA,0.00942756209881295,0.00942756209881295,Galaxy sounds,Snackpacks,False
GALAXY_SOUNDS_PLANETARY_RINGS,OXYGEN_SHAKE_GARLIC,0.009407778965083526,0.009407778965083526,Galaxy sounds,Oxygen shakes,False
MICROCHIP_TRIANGLE,ROBOT_DISHES,-0.009389565736167222,0.009389565736167222,Microchips,Robots,False
PEBBLES_M,SNACKPACK_VANILLA,0.009366523384127407,0.009366523384127407,Pebbles,Snackpacks,False
GALAXY_SOUNDS_DARK_MATTER,UV_VISOR_AMBER,0.009364544206104525,0.009364544206104525,Galaxy sounds,UV visors,False
OXYGEN_SHAKE_GARLIC,UV_VISOR_AMBER,0.009360270842816994,0.009360270842816994,Oxygen shakes,UV visors,False
GALAXY_SOUNDS_PLANETARY_RINGS,SLEEP_POD_COTTON,0.009319452274154894,0.009319452274154894,Galaxy sounds,Sleep pods,False
ROBOT_DISHES,TRANSLATOR_ASTRO_BLACK,-0.009288086511959056,0.009288086511959056,Robots,Translators,False
UV_VISOR_MAGENTA,UV_VISOR_YELLOW,0.009282188301168068,0.009282188301168068,UV visors,UV visors,True
SNACKPACK_RASPBERRY,TRANSLATOR_SPACE_GRAY,0.009226906220920449,0.009226906220920449,Snackpacks,Translators,False
OXYGEN_SHAKE_MORNING_BREATH,TRANSLATOR_SPACE_GRAY,0.009218072658241826,0.009218072658241826,Oxygen shakes,Translators,False
MICROCHIP_RECTANGLE,ROBOT_VACUUMING,0.009186206513726041,0.009186206513726041,Microchips,Robots,False
PEBBLES_S,SLEEP_POD_NYLON,0.009172192954293132,0.009172192954293132,Pebbles,Sleep pods,False
MICROCHIP_CIRCLE,SNACKPACK_RASPBERRY,0.009167462844189997,0.009167462844189997,Microchips,Snackpacks,False
PEBBLES_L,SLEEP_POD_SUEDE,-0.009153420803743956,0.009153420803743956,Pebbles,Sleep pods,False
MICROCHIP_RECTANGLE,ROBOT_MOPPING,-0.009107262626680145,0.009107262626680145,Microchips,Robots,False
GALAXY_SOUNDS_PLANETARY_RINGS,SNACKPACK_VANILLA,0.009073005625501012,0.009073005625501012,Galaxy sounds,Snackpacks,False
OXYGEN_SHAKE_MORNING_BREATH,PANEL_2X2,0.009064317865797977,0.009064317865797977,Oxygen shakes,Panels,False
OXYGEN_SHAKE_CHOCOLATE,OXYGEN_SHAKE_EVENING_BREATH,0.009056413248674438,0.009056413248674438,Oxygen shakes,Oxygen shakes,True
ROBOT_IRONING,ROBOT_LAUNDRY,-0.009050840358147913,0.009050840358147913,Robots,Robots,True
MICROCHIP_TRIANGLE,SNACKPACK_VANILLA,0.009049717929293348,0.009049717929293348,Microchips,Snackpacks,False
ROBOT_IRONING,SLEEP_POD_SUEDE,0.009039185063000724,0.009039185063000724,Robots,Sleep pods,False
SLEEP_POD_LAMB_WOOL,SLEEP_POD_POLYESTER,0.009017024651318888,0.009017024651318888,Sleep pods,Sleep pods,True
MICROCHIP_RECTANGLE,SLEEP_POD_POLYESTER,0.009014243696092421,0.009014243696092421,Microchips,Sleep pods,False
GALAXY_SOUNDS_BLACK_HOLES,SLEEP_POD_COTTON,0.009003570077688518,0.009003570077688518,Galaxy sounds,Sleep pods,False
OXYGEN_SHAKE_MORNING_BREATH,UV_VISOR_MAGENTA,0.00898783598918281,0.00898783598918281,Oxygen shakes,UV visors,False
OXYGEN_SHAKE_EVENING_BREATH,OXYGEN_SHAKE_MORNING_BREATH,0.00897628959925167,0.00897628959925167,Oxygen shakes,Oxygen shakes,True
GALAXY_SOUNDS_BLACK_HOLES,GALAXY_SOUNDS_SOLAR_WINDS,0.00895500335747084,0.00895500335747084,Galaxy sounds,Galaxy sounds,True
OXYGEN_SHAKE_MORNING_BREATH,PANEL_2X4,0.00893939603946543,0.00893939603946543,Oxygen shakes,Panels,False
MICROCHIP_TRIANGLE,SLEEP_POD_COTTON,-0.008934583557059953,0.008934583557059953,Microchips,Sleep pods,False
MICROCHIP_OVAL,SLEEP_POD_COTTON,-0.00889169703940156,0.00889169703940156,Microchips,Sleep pods,False
GALAXY_SOUNDS_DARK_MATTER,PEBBLES_XL,-0.008827784410820605,0.008827784410820605,Galaxy sounds,Pebbles,False
PANEL_4X4,UV_VISOR_MAGENTA,0.00882041909817642,0.00882041909817642,Panels,UV visors,False
OXYGEN_SHAKE_CHOCOLATE,SLEEP_POD_NYLON,0.008801272382740932,0.008801272382740932,Oxygen shakes,Sleep pods,False
OXYGEN_SHAKE_EVENING_BREATH,TRANSLATOR_GRAPHITE_MIST,0.008796071211518514,0.008796071211518514,Oxygen shakes,Translators,False
MICROCHIP_SQUARE,PEBBLES_XS,0.008784367286606191,0.008784367286606191,Microchips,Pebbles,False
OXYGEN_SHAKE_MINT,PEBBLES_M,0.008781117849728631,0.008781117849728631,Oxygen shakes,Pebbles,False
OXYGEN_SHAKE_EVENING_BREATH,TRANSLATOR_SPACE_GRAY,0.008777069894093943,0.008777069894093943,Oxygen shakes,Translators,False
SNACKPACK_CHOCOLATE,UV_VISOR_MAGENTA,0.00873948746052479,0.00873948746052479,Snackpacks,UV visors,False
PEBBLES_M,SNACKPACK_STRAWBERRY,-0.008720847425873396,0.008720847425873396,Pebbles,Snackpacks,False
GALAXY_SOUNDS_SOLAR_WINDS,OXYGEN_SHAKE_GARLIC,0.008699452805087554,0.008699452805087554,Galaxy sounds,Oxygen shakes,False
ROBOT_MOPPING,SNACKPACK_CHOCOLATE,0.008684265404861303,0.008684265404861303,Robots,Snackpacks,False
SLEEP_POD_LAMB_WOOL,SNACKPACK_CHOCOLATE,0.008680452967035126,0.008680452967035126,Sleep pods,Snackpacks,False
OXYGEN_SHAKE_MINT,TRANSLATOR_GRAPHITE_MIST,0.00867631766739536,0.00867631766739536,Oxygen shakes,Translators,False
ROBOT_LAUNDRY,UV_VISOR_ORANGE,0.0086682652162788,0.0086682652162788,Robots,UV visors,False
MICROCHIP_OVAL,SLEEP_POD_LAMB_WOOL,0.00863992005640617,0.00863992005640617,Microchips,Sleep pods,False
OXYGEN_SHAKE_GARLIC,SLEEP_POD_COTTON,0.008635067059144958,0.008635067059144958,Oxygen shakes,Sleep pods,False
OXYGEN_SHAKE_MORNING_BREATH,TRANSLATOR_ECLIPSE_CHARCOAL,0.008631580097522665,0.008631580097522665,Oxygen shakes,Translators,False
MICROCHIP_CIRCLE,PEBBLES_M,-0.008624435091180431,0.008624435091180431,Microchips,Pebbles,False
GALAXY_SOUNDS_DARK_MATTER,SLEEP_POD_COTTON,0.008560531438669266,0.008560531438669266,Galaxy sounds,Sleep pods,False
PANEL_1X4,SLEEP_POD_NYLON,0.008534769262640097,0.008534769262640097,Panels,Sleep pods,False
PEBBLES_XS,TRANSLATOR_GRAPHITE_MIST,0.008528529737720012,0.008528529737720012,Pebbles,Translators,False
TRANSLATOR_ASTRO_BLACK,TRANSLATOR_SPACE_GRAY,0.008513140707443042,0.008513140707443042,Translators,Translators,True
PANEL_2X2,PANEL_2X4,-0.008451855557575185,0.008451855557575185,Panels,Panels,True
GALAXY_SOUNDS_DARK_MATTER,ROBOT_VACUUMING,0.008451070220392515,0.008451070220392515,Galaxy sounds,Robots,False
PANEL_1X2,PANEL_4X4,0.008440293913346567,0.008440293913346567,Panels,Panels,True
GALAXY_SOUNDS_SOLAR_WINDS,PANEL_2X4,0.008434310563847082,0.008434310563847082,Galaxy sounds,Panels,False
OXYGEN_SHAKE_MINT,PEBBLES_L,-0.008412619927063238,0.008412619927063238,Oxygen shakes,Pebbles,False
PANEL_4X4,SLEEP_POD_SUEDE,0.008410711752366084,0.008410711752366084,Panels,Sleep pods,False
MICROCHIP_SQUARE,SLEEP_POD_POLYESTER,0.008401143010257794,0.008401143010257794,Microchips,Sleep pods,False
GALAXY_SOUNDS_BLACK_HOLES,MICROCHIP_TRIANGLE,0.008391382483255744,0.008391382483255744,Galaxy sounds,Microchips,False
GALAXY_SOUNDS_SOLAR_FLAMES,OXYGEN_SHAKE_MORNING_BREATH,0.008389532863056949,0.008389532863056949,Galaxy sounds,Oxygen shakes,False
MICROCHIP_OVAL,ROBOT_MOPPING,0.008366223265878157,0.008366223265878157,Microchips,Robots,False
OXYGEN_SHAKE_GARLIC,ROBOT_MOPPING,0.008362484411312165,0.008362484411312165,Oxygen shakes,Robots,False
MICROCHIP_TRIANGLE,ROBOT_VACUUMING,-0.008356092210361203,0.008356092210361203,Microchips,Robots,False
OXYGEN_SHAKE_MINT,PANEL_2X2,0.008355342330019389,0.008355342330019389,Oxygen shakes,Panels,False
MICROCHIP_CIRCLE,SNACKPACK_STRAWBERRY,-0.008342521368065011,0.008342521368065011,Microchips,Snackpacks,False
PANEL_2X4,UV_VISOR_AMBER,0.008340701552367687,0.008340701552367687,Panels,UV visors,False
TRANSLATOR_GRAPHITE_MIST,UV_VISOR_ORANGE,0.008271211028885181,0.008271211028885181,Translators,UV visors,False
GALAXY_SOUNDS_PLANETARY_RINGS,PANEL_2X4,0.008262039627682936,0.008262039627682936,Galaxy sounds,Panels,False
GALAXY_SOUNDS_SOLAR_WINDS,PANEL_2X2,-0.008235842765360317,0.008235842765360317,Galaxy sounds,Panels,False
SNACKPACK_VANILLA,UV_VISOR_RED,0.008232218214258402,0.008232218214258402,Snackpacks,UV visors,False
TRANSLATOR_ECLIPSE_CHARCOAL,UV_VISOR_AMBER,0.008213647634461222,0.008213647634461222,Translators,UV visors,False
SNACKPACK_STRAWBERRY,TRANSLATOR_SPACE_GRAY,0.008213510197258198,0.008213510197258198,Snackpacks,Translators,False
GALAXY_SOUNDS_DARK_MATTER,OXYGEN_SHAKE_MINT,0.008199908615750212,0.008199908615750212,Galaxy sounds,Oxygen shakes,False
ROBOT_MOPPING,UV_VISOR_YELLOW,0.008180693085397423,0.008180693085397423,Robots,UV visors,False
GALAXY_SOUNDS_DARK_MATTER,PANEL_1X2,0.008172498038640022,0.008172498038640022,Galaxy sounds,Panels,False
PEBBLES_XL,UV_VISOR_ORANGE,0.008172116551095844,0.008172116551095844,Pebbles,UV visors,False
UV_VISOR_RED,UV_VISOR_YELLOW,0.008168997776283377,0.008168997776283377,UV visors,UV visors,True
PEBBLES_M,SNACKPACK_RASPBERRY,0.008162285733092365,0.008162285733092365,Pebbles,Snackpacks,False
ROBOT_IRONING,TRANSLATOR_ASTRO_BLACK,-0.008161304964411234,0.008161304964411234,Robots,Translators,False
SLEEP_POD_LAMB_WOOL,SNACKPACK_RASPBERRY,0.008145645808275575,0.008145645808275575,Sleep pods,Snackpacks,False
ROBOT_MOPPING,TRANSLATOR_SPACE_GRAY,0.008119585254502041,0.008119585254502041,Robots,Translators,False
OXYGEN_SHAKE_CHOCOLATE,UV_VISOR_YELLOW,0.008098814008704209,0.008098814008704209,Oxygen shakes,UV visors,False
OXYGEN_SHAKE_MINT,SLEEP_POD_SUEDE,0.008090947072312317,0.008090947072312317,Oxygen shakes,Sleep pods,False
SNACKPACK_VANILLA,TRANSLATOR_ECLIPSE_CHARCOAL,0.00807147740525115,0.00807147740525115,Snackpacks,Translators,False
TRANSLATOR_ECLIPSE_CHARCOAL,UV_VISOR_RED,0.008045654619005763,0.008045654619005763,Translators,UV visors,False
SLEEP_POD_POLYESTER,TRANSLATOR_ECLIPSE_CHARCOAL,0.008031625960193967,0.008031625960193967,Sleep pods,Translators,False
GALAXY_SOUNDS_BLACK_HOLES,SLEEP_POD_POLYESTER,0.008026330891120885,0.008026330891120885,Galaxy sounds,Sleep pods,False
PANEL_1X2,PEBBLES_XS,0.008012082925592223,0.008012082925592223,Panels,Pebbles,False
PANEL_2X2,SNACKPACK_STRAWBERRY,0.007984568977611855,0.007984568977611855,Panels,Snackpacks,False
PANEL_1X4,SNACKPACK_RASPBERRY,0.007977079949770162,0.007977079949770162,Panels,Snackpacks,False
GALAXY_SOUNDS_PLANETARY_RINGS,TRANSLATOR_ECLIPSE_CHARCOAL,0.007958643738073385,0.007958643738073385,Galaxy sounds,Translators,False
PEBBLES_M,SLEEP_POD_POLYESTER,-0.007937172503284703,0.007937172503284703,Pebbles,Sleep pods,False
GALAXY_SOUNDS_BLACK_HOLES,OXYGEN_SHAKE_MINT,0.007924905244874318,0.007924905244874318,Galaxy sounds,Oxygen shakes,False
OXYGEN_SHAKE_EVENING_BREATH,SLEEP_POD_COTTON,0.007924429338968864,0.007924429338968864,Oxygen shakes,Sleep pods,False
PEBBLES_XL,TRANSLATOR_ECLIPSE_CHARCOAL,-0.0079193503111804,0.0079193503111804,Pebbles,Translators,False
PEBBLES_M,SNACKPACK_PISTACHIO,-0.00790971970842529,0.00790971970842529,Pebbles,Snackpacks,False
PANEL_1X4,PEBBLES_M,0.007902899396354215,0.007902899396354215,Panels,Pebbles,False
PANEL_1X2,SLEEP_POD_LAMB_WOOL,0.007880641457266316,0.007880641457266316,Panels,Sleep pods,False
SLEEP_POD_NYLON,TRANSLATOR_VOID_BLUE,0.007838924126584015,0.007838924126584015,Sleep pods,Translators,False
OXYGEN_SHAKE_EVENING_BREATH,SNACKPACK_PISTACHIO,0.007838661647977082,0.007838661647977082,Oxygen shakes,Snackpacks,False
PEBBLES_L,SNACKPACK_STRAWBERRY,0.007832030157145866,0.007832030157145866,Pebbles,Snackpacks,False
ROBOT_VACUUMING,SNACKPACK_VANILLA,0.007826340173119069,0.007826340173119069,Robots,Snackpacks,False
MICROCHIP_TRIANGLE,TRANSLATOR_ECLIPSE_CHARCOAL,-0.007815384257534889,0.007815384257534889,Microchips,Translators,False
GALAXY_SOUNDS_SOLAR_FLAMES,SLEEP_POD_LAMB_WOOL,0.007801363824479299,0.007801363824479299,Galaxy sounds,Sleep pods,False
OXYGEN_SHAKE_GARLIC,SLEEP_POD_SUEDE,0.0077919349753451835,0.0077919349753451835,Oxygen shakes,Sleep pods,False
PANEL_4X4,SLEEP_POD_LAMB_WOOL,0.007781570650672656,0.007781570650672656,Panels,Sleep pods,False
MICROCHIP_SQUARE,UV_VISOR_ORANGE,-0.007767687624028135,0.007767687624028135,Microchips,UV visors,False
PEBBLES_XS,TRANSLATOR_ECLIPSE_CHARCOAL,0.007764896175096856,0.007764896175096856,Pebbles,Translators,False
PEBBLES_S,TRANSLATOR_GRAPHITE_MIST,0.007729652817841924,0.007729652817841924,Pebbles,Translators,False
OXYGEN_SHAKE_CHOCOLATE,PEBBLES_L,-0.00772604927137174,0.00772604927137174,Oxygen shakes,Pebbles,False
PANEL_2X4,TRANSLATOR_SPACE_GRAY,0.007699003101441503,0.007699003101441503,Panels,Translators,False
OXYGEN_SHAKE_MORNING_BREATH,ROBOT_DISHES,0.0076600168335952705,0.0076600168335952705,Oxygen shakes,Robots,False
GALAXY_SOUNDS_PLANETARY_RINGS,OXYGEN_SHAKE_MINT,0.007643985049115488,0.007643985049115488,Galaxy sounds,Oxygen shakes,False
ROBOT_LAUNDRY,TRANSLATOR_VOID_BLUE,0.00763305852081004,0.00763305852081004,Robots,Translators,False
PEBBLES_M,SLEEP_POD_SUEDE,-0.007623088338906773,0.007623088338906773,Pebbles,Sleep pods,False
GALAXY_SOUNDS_DARK_MATTER,TRANSLATOR_VOID_BLUE,0.007617974456641159,0.007617974456641159,Galaxy sounds,Translators,False
PANEL_2X4,SNACKPACK_STRAWBERRY,0.007592840733582639,0.007592840733582639,Panels,Snackpacks,False
SNACKPACK_PISTACHIO,TRANSLATOR_GRAPHITE_MIST,0.007586013513031271,0.007586013513031271,Snackpacks,Translators,False
PANEL_2X4,SLEEP_POD_NYLON,0.00758416345175358,0.00758416345175358,Panels,Sleep pods,False
MICROCHIP_SQUARE,SNACKPACK_VANILLA,-0.007575608148310076,0.007575608148310076,Microchips,Snackpacks,False
MICROCHIP_CIRCLE,MICROCHIP_SQUARE,0.00756666180017206,0.00756666180017206,Microchips,Microchips,True
SLEEP_POD_NYLON,TRANSLATOR_ECLIPSE_CHARCOAL,-0.007566580275563605,0.007566580275563605,Sleep pods,Translators,False
SLEEP_POD_COTTON,SLEEP_POD_POLYESTER,-0.007546755464659074,0.007546755464659074,Sleep pods,Sleep pods,True
TRANSLATOR_VOID_BLUE,UV_VISOR_ORANGE,0.0075246079912029765,0.0075246079912029765,Translators,UV visors,False
MICROCHIP_SQUARE,MICROCHIP_TRIANGLE,0.007517983951596284,0.007517983951596284,Microchips,Microchips,True
GALAXY_SOUNDS_SOLAR_FLAMES,UV_VISOR_MAGENTA,0.00751063411512945,0.00751063411512945,Galaxy sounds,UV visors,False
MICROCHIP_RECTANGLE,OXYGEN_SHAKE_EVENING_BREATH,-0.007495927285696827,0.007495927285696827,Microchips,Oxygen shakes,False
OXYGEN_SHAKE_MINT,SLEEP_POD_LAMB_WOOL,0.00749302370960352,0.00749302370960352,Oxygen shakes,Sleep pods,False
OXYGEN_SHAKE_MINT,TRANSLATOR_ECLIPSE_CHARCOAL,0.007478765684234754,0.007478765684234754,Oxygen shakes,Translators,False
GALAXY_SOUNDS_DARK_MATTER,PANEL_1X4,0.007472995194245151,0.007472995194245151,Galaxy sounds,Panels,False
PANEL_1X2,TRANSLATOR_ECLIPSE_CHARCOAL,0.007458253242204398,0.007458253242204398,Panels,Translators,False
PANEL_1X4,SNACKPACK_STRAWBERRY,0.007447106900474381,0.007447106900474381,Panels,Snackpacks,False
GALAXY_SOUNDS_DARK_MATTER,GALAXY_SOUNDS_PLANETARY_RINGS,0.007440914732438996,0.007440914732438996,Galaxy sounds,Galaxy sounds,True
ROBOT_DISHES,SLEEP_POD_LAMB_WOOL,0.007398588456531747,0.007398588456531747,Robots,Sleep pods,False
GALAXY_SOUNDS_DARK_MATTER,ROBOT_MOPPING,0.0073910369071801115,0.0073910369071801115,Galaxy sounds,Robots,False
GALAXY_SOUNDS_BLACK_HOLES,PANEL_2X4,-0.00738719450455095,0.00738719450455095,Galaxy sounds,Panels,False
PANEL_2X4,TRANSLATOR_ECLIPSE_CHARCOAL,0.007383864621913153,0.007383864621913153,Panels,Translators,False
MICROCHIP_SQUARE,SNACKPACK_CHOCOLATE,0.007382076621694703,0.007382076621694703,Microchips,Snackpacks,False
GALAXY_SOUNDS_SOLAR_FLAMES,SLEEP_POD_SUEDE,0.0073613208400711465,0.0073613208400711465,Galaxy sounds,Sleep pods,False
MICROCHIP_SQUARE,UV_VISOR_YELLOW,0.007357552535913428,0.007357552535913428,Microchips,UV visors,False
OXYGEN_SHAKE_EVENING_BREATH,PANEL_4X4,0.007347761026116814,0.007347761026116814,Oxygen shakes,Panels,False
PANEL_2X2,SNACKPACK_PISTACHIO,0.007346826871405862,0.007346826871405862,Panels,Snackpacks,False
ROBOT_LAUNDRY,TRANSLATOR_SPACE_GRAY,0.007341742970308571,0.007341742970308571,Robots,Translators,False
PEBBLES_M,SLEEP_POD_COTTON,-0.0073253742922733765,0.0073253742922733765,Pebbles,Sleep pods,False
PANEL_4X4,SNACKPACK_PISTACHIO,0.0073171486619086476,0.0073171486619086476,Panels,Snackpacks,False
TRANSLATOR_VOID_BLUE,UV_VISOR_YELLOW,0.007312747647770038,0.007312747647770038,Translators,UV visors,False
GALAXY_SOUNDS_BLACK_HOLES,SNACKPACK_VANILLA,0.007298917941190422,0.007298917941190422,Galaxy sounds,Snackpacks,False
GALAXY_SOUNDS_PLANETARY_RINGS,SLEEP_POD_NYLON,0.007268290521832338,0.007268290521832338,Galaxy sounds,Sleep pods,False
PEBBLES_M,ROBOT_LAUNDRY,0.007239105077627071,0.007239105077627071,Pebbles,Robots,False
MICROCHIP_CIRCLE,SLEEP_POD_LAMB_WOOL,-0.007233482883290448,0.007233482883290448,Microchips,Sleep pods,False
GALAXY_SOUNDS_SOLAR_WINDS,MICROCHIP_CIRCLE,0.007229752082563239,0.007229752082563239,Galaxy sounds,Microchips,False
TRANSLATOR_SPACE_GRAY,UV_VISOR_RED,0.007227391211526047,0.007227391211526047,Translators,UV visors,False
GALAXY_SOUNDS_DARK_MATTER,PEBBLES_L,0.007222728576641369,0.007222728576641369,Galaxy sounds,Pebbles,False
SLEEP_POD_LAMB_WOOL,SNACKPACK_VANILLA,0.00718705090025875,0.00718705090025875,Sleep pods,Snackpacks,False
MICROCHIP_TRIANGLE,TRANSLATOR_SPACE_GRAY,-0.007157151696847208,0.007157151696847208,Microchips,Translators,False
OXYGEN_SHAKE_EVENING_BREATH,SNACKPACK_STRAWBERRY,0.007155762220571147,0.007155762220571147,Oxygen shakes,Snackpacks,False
OXYGEN_SHAKE_GARLIC,SNACKPACK_PISTACHIO,0.0071537828089901934,0.0071537828089901934,Oxygen shakes,Snackpacks,False
OXYGEN_SHAKE_MORNING_BREATH,SNACKPACK_VANILLA,0.0071230488778231925,0.0071230488778231925,Oxygen shakes,Snackpacks,False
SLEEP_POD_NYLON,TRANSLATOR_ASTRO_BLACK,0.0071131223287037165,0.0071131223287037165,Sleep pods,Translators,False
PEBBLES_L,UV_VISOR_ORANGE,0.007099123319837541,0.007099123319837541,Pebbles,UV visors,False
PANEL_2X4,PEBBLES_XL,-0.007091429734033465,0.007091429734033465,Panels,Pebbles,False
SLEEP_POD_COTTON,SNACKPACK_STRAWBERRY,0.007078243730754258,0.007078243730754258,Sleep pods,Snackpacks,False
GALAXY_SOUNDS_SOLAR_WINDS,MICROCHIP_OVAL,0.007055144609964098,0.007055144609964098,Galaxy sounds,Microchips,False
PANEL_4X4,ROBOT_LAUNDRY,-0.0070537410638973974,0.0070537410638973974,Panels,Robots,False
TRANSLATOR_ECLIPSE_CHARCOAL,UV_VISOR_YELLOW,0.007051283659753574,0.007051283659753574,Translators,UV visors,False
OXYGEN_SHAKE_MORNING_BREATH,TRANSLATOR_GRAPHITE_MIST,0.007050121936547637,0.007050121936547637,Oxygen shakes,Translators,False
ROBOT_VACUUMING,SNACKPACK_STRAWBERRY,0.007045805486644812,0.007045805486644812,Robots,Snackpacks,False
PANEL_1X2,SNACKPACK_CHOCOLATE,0.007041892918755694,0.007041892918755694,Panels,Snackpacks,False
GALAXY_SOUNDS_PLANETARY_RINGS,ROBOT_LAUNDRY,0.007005480226029119,0.007005480226029119,Galaxy sounds,Robots,False
OXYGEN_SHAKE_GARLIC,UV_VISOR_MAGENTA,0.007000723222237825,0.007000723222237825,Oxygen shakes,UV visors,False
SNACKPACK_RASPBERRY,UV_VISOR_ORANGE,0.006994465180931933,0.006994465180931933,Snackpacks,UV visors,False
MICROCHIP_OVAL,OXYGEN_SHAKE_GARLIC,0.006987624936227318,0.006987624936227318,Microchips,Oxygen shakes,False
OXYGEN_SHAKE_CHOCOLATE,OXYGEN_SHAKE_MINT,0.00697149442409945,0.00697149442409945,Oxygen shakes,Oxygen shakes,True
GALAXY_SOUNDS_SOLAR_WINDS,OXYGEN_SHAKE_EVENING_BREATH,0.006970896947137795,0.006970896947137795,Galaxy sounds,Oxygen shakes,False
SLEEP_POD_NYLON,SLEEP_POD_SUEDE,0.0069636526465979304,0.0069636526465979304,Sleep pods,Sleep pods,True
MICROCHIP_RECTANGLE,UV_VISOR_AMBER,0.006925725660507482,0.006925725660507482,Microchips,UV visors,False
OXYGEN_SHAKE_CHOCOLATE,ROBOT_IRONING,0.006899603817252162,0.006899603817252162,Oxygen shakes,Robots,False
OXYGEN_SHAKE_CHOCOLATE,SLEEP_POD_POLYESTER,0.0068925553204689585,0.0068925553204689585,Oxygen shakes,Sleep pods,False
PEBBLES_XL,ROBOT_VACUUMING,0.00687221021058126,0.00687221021058126,Pebbles,Robots,False
TRANSLATOR_ASTRO_BLACK,UV_VISOR_ORANGE,0.006871568637276724,0.006871568637276724,Translators,UV visors,False
PANEL_4X4,SNACKPACK_STRAWBERRY,0.006846053234725989,0.006846053234725989,Panels,Snackpacks,False
MICROCHIP_CIRCLE,UV_VISOR_AMBER,0.0068424118650101725,0.0068424118650101725,Microchips,UV visors,False
GALAXY_SOUNDS_SOLAR_FLAMES,ROBOT_VACUUMING,0.006836323107392824,0.006836323107392824,Galaxy sounds,Robots,False
MICROCHIP_CIRCLE,TRANSLATOR_ECLIPSE_CHARCOAL,-0.006817416292482948,0.006817416292482948,Microchips,Translators,False
MICROCHIP_TRIANGLE,PEBBLES_M,-0.0068124616587087825,0.0068124616587087825,Microchips,Pebbles,False
OXYGEN_SHAKE_EVENING_BREATH,OXYGEN_SHAKE_GARLIC,0.0068077444911691576,0.0068077444911691576,Oxygen shakes,Oxygen shakes,True
TRANSLATOR_ECLIPSE_CHARCOAL,TRANSLATOR_GRAPHITE_MIST,0.006795890494161217,0.006795890494161217,Translators,Translators,True
ROBOT_LAUNDRY,UV_VISOR_AMBER,0.006786334023813395,0.006786334023813395,Robots,UV visors,False
PEBBLES_L,SNACKPACK_RASPBERRY,-0.006741836313931639,0.006741836313931639,Pebbles,Snackpacks,False
ROBOT_VACUUMING,TRANSLATOR_GRAPHITE_MIST,0.006736216882556319,0.006736216882556319,Robots,Translators,False
OXYGEN_SHAKE_MINT,PANEL_2X4,0.006710882734392946,0.006710882734392946,Oxygen shakes,Panels,False
PEBBLES_S,TRANSLATOR_ASTRO_BLACK,0.0067098507618737965,0.0067098507618737965,Pebbles,Translators,False
MICROCHIP_RECTANGLE,SNACKPACK_PISTACHIO,-0.006706324919579175,0.006706324919579175,Microchips,Snackpacks,False
GALAXY_SOUNDS_SOLAR_WINDS,UV_VISOR_AMBER,-0.006704386733333793,0.006704386733333793,Galaxy sounds,UV visors,False
MICROCHIP_RECTANGLE,ROBOT_IRONING,-0.0066833791553123825,0.0066833791553123825,Microchips,Robots,False
OXYGEN_SHAKE_EVENING_BREATH,SLEEP_POD_NYLON,0.00668078097969114,0.00668078097969114,Oxygen shakes,Sleep pods,False
OXYGEN_SHAKE_MINT,OXYGEN_SHAKE_MORNING_BREATH,0.006678073888719875,0.006678073888719875,Oxygen shakes,Oxygen shakes,True
PANEL_4X4,TRANSLATOR_ECLIPSE_CHARCOAL,-0.006675518543656779,0.006675518543656779,Panels,Translators,False
OXYGEN_SHAKE_CHOCOLATE,OXYGEN_SHAKE_GARLIC,0.006668183867757261,0.006668183867757261,Oxygen shakes,Oxygen shakes,True
ROBOT_VACUUMING,SNACKPACK_RASPBERRY,0.006653485425303198,0.006653485425303198,Robots,Snackpacks,False
SLEEP_POD_POLYESTER,UV_VISOR_AMBER,0.00664942372901538,0.00664942372901538,Sleep pods,UV visors,False
OXYGEN_SHAKE_CHOCOLATE,UV_VISOR_MAGENTA,0.006642721378077194,0.006642721378077194,Oxygen shakes,UV visors,False
ROBOT_DISHES,SLEEP_POD_COTTON,0.006629312003583998,0.006629312003583998,Robots,Sleep pods,False
PANEL_1X2,UV_VISOR_AMBER,0.006610179724893228,0.006610179724893228,Panels,UV visors,False
ROBOT_VACUUMING,SNACKPACK_CHOCOLATE,0.006585915349529526,0.006585915349529526,Robots,Snackpacks,False
OXYGEN_SHAKE_GARLIC,UV_VISOR_RED,-0.00656384674023826,0.00656384674023826,Oxygen shakes,UV visors,False
MICROCHIP_RECTANGLE,PANEL_4X4,-0.006547064723871292,0.006547064723871292,Microchips,Panels,False
UV_VISOR_MAGENTA,UV_VISOR_ORANGE,0.006517855812459936,0.006517855812459936,UV visors,UV visors,True
PEBBLES_L,PEBBLES_S,0.006505083588261214,0.006505083588261214,Pebbles,Pebbles,True
PEBBLES_L,ROBOT_DISHES,0.0065049876679044855,0.0065049876679044855,Pebbles,Robots,False
SLEEP_POD_LAMB_WOOL,SLEEP_POD_SUEDE,0.006456312728261753,0.006456312728261753,Sleep pods,Sleep pods,True
GALAXY_SOUNDS_PLANETARY_RINGS,TRANSLATOR_SPACE_GRAY,0.006454435203364477,0.006454435203364477,Galaxy sounds,Translators,False
OXYGEN_SHAKE_MINT,ROBOT_DISHES,0.006439225339787875,0.006439225339787875,Oxygen shakes,Robots,False
SLEEP_POD_COTTON,UV_VISOR_RED,0.006431219789629851,0.006431219789629851,Sleep pods,UV visors,False
SLEEP_POD_SUEDE,UV_VISOR_YELLOW,0.006428120053326378,0.006428120053326378,Sleep pods,UV visors,False
MICROCHIP_RECTANGLE,SNACKPACK_STRAWBERRY,-0.006423721777981436,0.006423721777981436,Microchips,Snackpacks,False
GALAXY_SOUNDS_SOLAR_WINDS,OXYGEN_SHAKE_MINT,0.006416993010089667,0.006416993010089667,Galaxy sounds,Oxygen shakes,False
OXYGEN_SHAKE_CHOCOLATE,UV_VISOR_RED,0.006386011974058613,0.006386011974058613,Oxygen shakes,UV visors,False
OXYGEN_SHAKE_MORNING_BREATH,SLEEP_POD_NYLON,0.006363348882245256,0.006363348882245256,Oxygen shakes,Sleep pods,False
MICROCHIP_OVAL,PEBBLES_S,-0.0063478152580694865,0.0063478152580694865,Microchips,Pebbles,False
SLEEP_POD_SUEDE,TRANSLATOR_GRAPHITE_MIST,0.006325528601943311,0.006325528601943311,Sleep pods,Translators,False
GALAXY_SOUNDS_DARK_MATTER,OXYGEN_SHAKE_MORNING_BREATH,0.006316600486214095,0.006316600486214095,Galaxy sounds,Oxygen shakes,False
PANEL_1X4,ROBOT_MOPPING,-0.0063155231461644295,0.0063155231461644295,Panels,Robots,False
SLEEP_POD_LAMB_WOOL,UV_VISOR_MAGENTA,0.006308708378574399,0.006308708378574399,Sleep pods,UV visors,False
PANEL_1X2,SLEEP_POD_NYLON,0.006308078411967028,0.006308078411967028,Panels,Sleep pods,False
GALAXY_SOUNDS_DARK_MATTER,ROBOT_LAUNDRY,0.006307308746379377,0.006307308746379377,Galaxy sounds,Robots,False
GALAXY_SOUNDS_SOLAR_FLAMES,SLEEP_POD_NYLON,0.006303678077845653,0.006303678077845653,Galaxy sounds,Sleep pods,False
OXYGEN_SHAKE_EVENING_BREATH,PANEL_1X2,0.006301722370525508,0.006301722370525508,Oxygen shakes,Panels,False
ROBOT_VACUUMING,UV_VISOR_MAGENTA,-0.0062928044080583,0.0062928044080583,Robots,UV visors,False
PANEL_4X4,PEBBLES_L,0.0062893565450003385,0.0062893565450003385,Panels,Pebbles,False
OXYGEN_SHAKE_GARLIC,TRANSLATOR_GRAPHITE_MIST,-0.006276788606075064,0.006276788606075064,Oxygen shakes,Translators,False
PANEL_4X4,UV_VISOR_ORANGE,0.006275213955715286,0.006275213955715286,Panels,UV visors,False
OXYGEN_SHAKE_MINT,ROBOT_VACUUMING,0.0062651673320588104,0.0062651673320588104,Oxygen shakes,Robots,False
UV_VISOR_AMBER,UV_VISOR_MAGENTA,0.006257962748005957,0.006257962748005957,UV visors,UV visors,True
PEBBLES_M,TRANSLATOR_SPACE_GRAY,-0.006254845207870443,0.006254845207870443,Pebbles,Translators,False
PEBBLES_XS,ROBOT_IRONING,0.006243956458178294,0.006243956458178294,Pebbles,Robots,False
OXYGEN_SHAKE_GARLIC,ROBOT_LAUNDRY,0.006239555266841062,0.006239555266841062,Oxygen shakes,Robots,False
PANEL_4X4,UV_VISOR_AMBER,0.006237559690190918,0.006237559690190918,Panels,UV visors,False
PANEL_2X4,PEBBLES_M,0.0062371101006803075,0.0062371101006803075,Panels,Pebbles,False
MICROCHIP_RECTANGLE,SLEEP_POD_COTTON,-0.006233318703873125,0.006233318703873125,Microchips,Sleep pods,False
MICROCHIP_RECTANGLE,PEBBLES_L,-0.006218868943174639,0.006218868943174639,Microchips,Pebbles,False
MICROCHIP_OVAL,SLEEP_POD_NYLON,0.006207123901950807,0.006207123901950807,Microchips,Sleep pods,False
ROBOT_LAUNDRY,SNACKPACK_CHOCOLATE,0.00620643616636033,0.00620643616636033,Robots,Snackpacks,False
MICROCHIP_CIRCLE,SLEEP_POD_SUEDE,-0.006203951341205096,0.006203951341205096,Microchips,Sleep pods,False
SLEEP_POD_COTTON,SNACKPACK_VANILLA,0.006185930295150492,0.006185930295150492,Sleep pods,Snackpacks,False
MICROCHIP_RECTANGLE,MICROCHIP_SQUARE,0.006181997196042742,0.006181997196042742,Microchips,Microchips,True
PANEL_1X2,PEBBLES_XL,-0.0061412354316623795,0.0061412354316623795,Panels,Pebbles,False
GALAXY_SOUNDS_DARK_MATTER,TRANSLATOR_ASTRO_BLACK,0.006135800184744102,0.006135800184744102,Galaxy sounds,Translators,False
GALAXY_SOUNDS_PLANETARY_RINGS,MICROCHIP_CIRCLE,0.006133564624844944,0.006133564624844944,Galaxy sounds,Microchips,False
MICROCHIP_CIRCLE,UV_VISOR_RED,-0.006110169308237595,0.006110169308237595,Microchips,UV visors,False
GALAXY_SOUNDS_PLANETARY_RINGS,UV_VISOR_YELLOW,0.006104988765923172,0.006104988765923172,Galaxy sounds,UV visors,False
MICROCHIP_CIRCLE,PANEL_1X4,-0.006050219602616943,0.006050219602616943,Microchips,Panels,False
PANEL_1X4,SLEEP_POD_POLYESTER,0.006027882677428599,0.006027882677428599,Panels,Sleep pods,False
PANEL_2X2,UV_VISOR_RED,0.006024731883642386,0.006024731883642386,Panels,UV visors,False
SNACKPACK_RASPBERRY,UV_VISOR_MAGENTA,0.006019770808844693,0.006019770808844693,Snackpacks,UV visors,False
PEBBLES_M,UV_VISOR_YELLOW,0.005997144163107219,0.005997144163107219,Pebbles,UV visors,False
PANEL_2X2,PEBBLES_XL,-0.005982764763972086,0.005982764763972086,Panels,Pebbles,False
PANEL_1X2,TRANSLATOR_SPACE_GRAY,0.0059807155677431435,0.0059807155677431435,Panels,Translators,False
ROBOT_LAUNDRY,SNACKPACK_RASPBERRY,0.005976752257348977,0.005976752257348977,Robots,Snackpacks,False
ROBOT_LAUNDRY,SNACKPACK_VANILLA,0.005975087156833722,0.005975087156833722,Robots,Snackpacks,False
SLEEP_POD_POLYESTER,SNACKPACK_VANILLA,0.005973102648808022,0.005973102648808022,Sleep pods,Snackpacks,False
SLEEP_POD_COTTON,SLEEP_POD_NYLON,0.005971806487044079,0.005971806487044079,Sleep pods,Sleep pods,True
PANEL_1X2,PANEL_1X4,0.005967439282479257,0.005967439282479257,Panels,Panels,True
ROBOT_IRONING,SNACKPACK_RASPBERRY,0.005957940513377668,0.005957940513377668,Robots,Snackpacks,False
GALAXY_SOUNDS_PLANETARY_RINGS,ROBOT_VACUUMING,0.00595716924313131,0.00595716924313131,Galaxy sounds,Robots,False
PANEL_2X4,TRANSLATOR_VOID_BLUE,0.005944292923717263,0.005944292923717263,Panels,Translators,False
SLEEP_POD_LAMB_WOOL,UV_VISOR_RED,0.005919444554309967,0.005919444554309967,Sleep pods,UV visors,False
PANEL_2X4,PANEL_4X4,0.0059064819490977204,0.0059064819490977204,Panels,Panels,True
ROBOT_LAUNDRY,TRANSLATOR_GRAPHITE_MIST,0.0059016850517198335,0.0059016850517198335,Robots,Translators,False
GALAXY_SOUNDS_PLANETARY_RINGS,SLEEP_POD_SUEDE,-0.005895930596135986,0.005895930596135986,Galaxy sounds,Sleep pods,False
ROBOT_DISHES,ROBOT_MOPPING,-0.005892632796835131,0.005892632796835131,Robots,Robots,True
OXYGEN_SHAKE_EVENING_BREATH,ROBOT_MOPPING,0.005850680323867317,0.005850680323867317,Oxygen shakes,Robots,False
GALAXY_SOUNDS_SOLAR_FLAMES,UV_VISOR_ORANGE,-0.005833398212258591,0.005833398212258591,Galaxy sounds,UV visors,False
ROBOT_DISHES,ROBOT_VACUUMING,0.005823188746523671,0.005823188746523671,Robots,Robots,True
GALAXY_SOUNDS_PLANETARY_RINGS,SLEEP_POD_LAMB_WOOL,0.0058217514780690115,0.0058217514780690115,Galaxy sounds,Sleep pods,False
PANEL_2X4,SLEEP_POD_SUEDE,0.005800928516908533,0.005800928516908533,Panels,Sleep pods,False
SLEEP_POD_NYLON,UV_VISOR_AMBER,0.005788145742225302,0.005788145742225302,Sleep pods,UV visors,False
PEBBLES_XL,TRANSLATOR_GRAPHITE_MIST,-0.005777318120011748,0.005777318120011748,Pebbles,Translators,False
OXYGEN_SHAKE_GARLIC,TRANSLATOR_VOID_BLUE,-0.005768516757786795,0.005768516757786795,Oxygen shakes,Translators,False
GALAXY_SOUNDS_BLACK_HOLES,MICROCHIP_RECTANGLE,-0.005749391716074912,0.005749391716074912,Galaxy sounds,Microchips,False
SLEEP_POD_LAMB_WOOL,SNACKPACK_STRAWBERRY,0.0057272989035745,0.0057272989035745,Sleep pods,Snackpacks,False
OXYGEN_SHAKE_GARLIC,PANEL_4X4,0.005724338622816591,0.005724338622816591,Oxygen shakes,Panels,False
GALAXY_SOUNDS_PLANETARY_RINGS,OXYGEN_SHAKE_EVENING_BREATH,0.005707931741348817,0.005707931741348817,Galaxy sounds,Oxygen shakes,False
OXYGEN_SHAKE_GARLIC,PEBBLES_XS,0.005695277677223055,0.005695277677223055,Oxygen shakes,Pebbles,False
PEBBLES_S,TRANSLATOR_VOID_BLUE,-0.005690379128268875,0.005690379128268875,Pebbles,Translators,False
PANEL_1X4,PANEL_2X2,0.005677214608777445,0.005677214608777445,Panels,Panels,True
PANEL_2X2,UV_VISOR_ORANGE,-0.0056666161076781366,0.0056666161076781366,Panels,UV visors,False
GALAXY_SOUNDS_SOLAR_WINDS,SLEEP_POD_LAMB_WOOL,0.005631366523071096,0.005631366523071096,Galaxy sounds,Sleep pods,False
PANEL_1X4,PEBBLES_L,-0.0056283073161225924,0.0056283073161225924,Panels,Pebbles,False
MICROCHIP_SQUARE,PEBBLES_S,-0.005618683219868219,0.005618683219868219,Microchips,Pebbles,False
GALAXY_SOUNDS_PLANETARY_RINGS,MICROCHIP_TRIANGLE,-0.005611772733334746,0.005611772733334746,Galaxy sounds,Microchips,False
SLEEP_POD_COTTON,UV_VISOR_YELLOW,0.005601704745310103,0.005601704745310103,Sleep pods,UV visors,False
OXYGEN_SHAKE_MORNING_BREATH,SLEEP_POD_COTTON,0.005600917299170991,0.005600917299170991,Oxygen shakes,Sleep pods,False
TRANSLATOR_VOID_BLUE,UV_VISOR_MAGENTA,0.005572596821828736,0.005572596821828736,Translators,UV visors,False
MICROCHIP_RECTANGLE,TRANSLATOR_VOID_BLUE,0.005569602105457652,0.005569602105457652,Microchips,Translators,False
PEBBLES_XL,UV_VISOR_YELLOW,-0.005560905466177511,0.005560905466177511,Pebbles,UV visors,False
MICROCHIP_TRIANGLE,UV_VISOR_YELLOW,-0.00556069586995717,0.00556069586995717,Microchips,UV visors,False
PEBBLES_S,UV_VISOR_RED,-0.005558773197436661,0.005558773197436661,Pebbles,UV visors,False
OXYGEN_SHAKE_EVENING_BREATH,OXYGEN_SHAKE_MINT,0.005538335217383104,0.005538335217383104,Oxygen shakes,Oxygen shakes,True
MICROCHIP_RECTANGLE,OXYGEN_SHAKE_MORNING_BREATH,-0.005523430223185395,0.005523430223185395,Microchips,Oxygen shakes,False
OXYGEN_SHAKE_EVENING_BREATH,TRANSLATOR_ECLIPSE_CHARCOAL,0.005480902524843263,0.005480902524843263,Oxygen shakes,Translators,False
MICROCHIP_CIRCLE,PANEL_2X4,0.005439535812773421,0.005439535812773421,Microchips,Panels,False
OXYGEN_SHAKE_CHOCOLATE,ROBOT_MOPPING,-0.005439089242054866,0.005439089242054866,Oxygen shakes,Robots,False
PEBBLES_L,UV_VISOR_MAGENTA,0.00542149076379532,0.00542149076379532,Pebbles,UV visors,False
OXYGEN_SHAKE_GARLIC,SLEEP_POD_NYLON,0.005418475049283266,0.005418475049283266,Oxygen shakes,Sleep pods,False
PANEL_1X4,TRANSLATOR_SPACE_GRAY,0.005413651400066435,0.005413651400066435,Panels,Translators,False
PANEL_4X4,PEBBLES_M,-0.0054063458971894025,0.0054063458971894025,Panels,Pebbles,False
PEBBLES_S,PEBBLES_XS,-0.005397949767690558,0.005397949767690558,Pebbles,Pebbles,True
ROBOT_MOPPING,UV_VISOR_RED,-0.005397243269820735,0.005397243269820735,Robots,UV visors,False
PANEL_1X4,SLEEP_POD_LAMB_WOOL,0.005390475389445116,0.005390475389445116,Panels,Sleep pods,False
MICROCHIP_SQUARE,SNACKPACK_STRAWBERRY,0.005386648948383711,0.005386648948383711,Microchips,Snackpacks,False
PANEL_2X2,SNACKPACK_VANILLA,0.005385851933098489,0.005385851933098489,Panels,Snackpacks,False
MICROCHIP_RECTANGLE,ROBOT_DISHES,-0.005384548043934677,0.005384548043934677,Microchips,Robots,False
OXYGEN_SHAKE_MORNING_BREATH,PEBBLES_M,0.005379637768547247,0.005379637768547247,Oxygen shakes,Pebbles,False
PANEL_2X4,UV_VISOR_RED,0.005377545854286533,0.005377545854286533,Panels,UV visors,False
MICROCHIP_RECTANGLE,MICROCHIP_TRIANGLE,0.00535199544632917,0.00535199544632917,Microchips,Microchips,True
PEBBLES_M,ROBOT_VACUUMING,0.005348147892371547,0.005348147892371547,Pebbles,Robots,False
SLEEP_POD_POLYESTER,SLEEP_POD_SUEDE,0.005340366446237462,0.005340366446237462,Sleep pods,Sleep pods,True
PANEL_1X2,PEBBLES_L,0.005338098609496253,0.005338098609496253,Panels,Pebbles,False
ROBOT_VACUUMING,SLEEP_POD_COTTON,0.005325392836107572,0.005325392836107572,Robots,Sleep pods,False
ROBOT_DISHES,UV_VISOR_MAGENTA,0.005321232098265563,0.005321232098265563,Robots,UV visors,False
UV_VISOR_MAGENTA,UV_VISOR_RED,0.005278032116106213,0.005278032116106213,UV visors,UV visors,True
MICROCHIP_CIRCLE,PANEL_2X2,0.0052754569400102974,0.0052754569400102974,Microchips,Panels,False
SLEEP_POD_POLYESTER,TRANSLATOR_VOID_BLUE,0.005274737730118755,0.005274737730118755,Sleep pods,Translators,False
GALAXY_SOUNDS_BLACK_HOLES,UV_VISOR_AMBER,0.005261073570582822,0.005261073570582822,Galaxy sounds,UV visors,False
GALAXY_SOUNDS_SOLAR_WINDS,MICROCHIP_RECTANGLE,-0.005245660228672524,0.005245660228672524,Galaxy sounds,Microchips,False
ROBOT_DISHES,SNACKPACK_PISTACHIO,0.005238900473066677,0.005238900473066677,Robots,Snackpacks,False
ROBOT_VACUUMING,TRANSLATOR_SPACE_GRAY,0.005233992383569214,0.005233992383569214,Robots,Translators,False
MICROCHIP_CIRCLE,PEBBLES_XL,0.005212819485187968,0.005212819485187968,Microchips,Pebbles,False
OXYGEN_SHAKE_MORNING_BREATH,PEBBLES_XS,-0.005194191963618579,0.005194191963618579,Oxygen shakes,Pebbles,False
GALAXY_SOUNDS_BLACK_HOLES,PANEL_4X4,0.005190267371859631,0.005190267371859631,Galaxy sounds,Panels,False
GALAXY_SOUNDS_SOLAR_FLAMES,SLEEP_POD_POLYESTER,0.005176424514064523,0.005176424514064523,Galaxy sounds,Sleep pods,False
PANEL_2X2,SNACKPACK_RASPBERRY,0.0051741289651693525,0.0051741289651693525,Panels,Snackpacks,False
GALAXY_SOUNDS_PLANETARY_RINGS,OXYGEN_SHAKE_MORNING_BREATH,0.005173590706659887,0.005173590706659887,Galaxy sounds,Oxygen shakes,False
OXYGEN_SHAKE_CHOCOLATE,PANEL_2X4,0.005171188801917391,0.005171188801917391,Oxygen shakes,Panels,False
PEBBLES_M,UV_VISOR_ORANGE,-0.005167406706466394,0.005167406706466394,Pebbles,UV visors,False
PEBBLES_XS,UV_VISOR_ORANGE,-0.005161229504379176,0.005161229504379176,Pebbles,UV visors,False
GALAXY_SOUNDS_SOLAR_FLAMES,OXYGEN_SHAKE_CHOCOLATE,0.005133423450036077,0.005133423450036077,Galaxy sounds,Oxygen shakes,False
MICROCHIP_OVAL,ROBOT_DISHES,-0.005130888869737837,0.005130888869737837,Microchips,Robots,False
ROBOT_IRONING,UV_VISOR_MAGENTA,0.005108712263512734,0.005108712263512734,Robots,UV visors,False
OXYGEN_SHAKE_GARLIC,PANEL_2X4,0.00509930589840619,0.00509930589840619,Oxygen shakes,Panels,False
MICROCHIP_SQUARE,ROBOT_VACUUMING,-0.0050959770938979135,0.0050959770938979135,Microchips,Robots,False
SLEEP_POD_POLYESTER,SNACKPACK_STRAWBERRY,0.005080264884514376,0.005080264884514376,Sleep pods,Snackpacks,False
PEBBLES_XL,UV_VISOR_AMBER,-0.005078367319246011,0.005078367319246011,Pebbles,UV visors,False
PEBBLES_XS,UV_VISOR_AMBER,0.005069886213233484,0.005069886213233484,Pebbles,UV visors,False
OXYGEN_SHAKE_CHOCOLATE,TRANSLATOR_VOID_BLUE,0.005043663704718773,0.005043663704718773,Oxygen shakes,Translators,False
PANEL_2X2,SLEEP_POD_COTTON,0.005022482137762786,0.005022482137762786,Panels,Sleep pods,False
PEBBLES_L,UV_VISOR_AMBER,0.005022043735462481,0.005022043735462481,Pebbles,UV visors,False
GALAXY_SOUNDS_SOLAR_WINDS,SLEEP_POD_NYLON,0.005008615289462913,0.005008615289462913,Galaxy sounds,Sleep pods,False
MICROCHIP_TRIANGLE,OXYGEN_SHAKE_CHOCOLATE,-0.005008184531585159,0.005008184531585159,Microchips,Oxygen shakes,False
MICROCHIP_TRIANGLE,PANEL_2X2,0.004994478814508361,0.004994478814508361,Microchips,Panels,False
MICROCHIP_OVAL,UV_VISOR_AMBER,0.004975381706436955,0.004975381706436955,Microchips,UV visors,False
GALAXY_SOUNDS_SOLAR_WINDS,TRANSLATOR_ECLIPSE_CHARCOAL,-0.004972060458468585,0.004972060458468585,Galaxy sounds,Translators,False
PEBBLES_L,PEBBLES_XS,0.00496576357105495,0.00496576357105495,Pebbles,Pebbles,True
PEBBLES_S,ROBOT_DISHES,-0.004961424952027634,0.004961424952027634,Pebbles,Robots,False
ROBOT_DISHES,SLEEP_POD_POLYESTER,-0.004951817526745258,0.004951817526745258,Robots,Sleep pods,False
MICROCHIP_OVAL,MICROCHIP_SQUARE,0.00493629900908528,0.00493629900908528,Microchips,Microchips,True
SNACKPACK_CHOCOLATE,TRANSLATOR_ASTRO_BLACK,0.00493409142127081,0.00493409142127081,Snackpacks,Translators,False
SLEEP_POD_SUEDE,SNACKPACK_STRAWBERRY,-0.004933487040915782,0.004933487040915782,Sleep pods,Snackpacks,False
OXYGEN_SHAKE_MORNING_BREATH,PEBBLES_XL,0.004907448445965982,0.004907448445965982,Oxygen shakes,Pebbles,False
MICROCHIP_SQUARE,SLEEP_POD_COTTON,-0.004894017884897656,0.004894017884897656,Microchips,Sleep pods,False
GALAXY_SOUNDS_DARK_MATTER,PEBBLES_S,0.004889546096230307,0.004889546096230307,Galaxy sounds,Pebbles,False
OXYGEN_SHAKE_MORNING_BREATH,PANEL_4X4,-0.004884147489907065,0.004884147489907065,Oxygen shakes,Panels,False
MICROCHIP_RECTANGLE,PEBBLES_M,0.004879550118357546,0.004879550118357546,Microchips,Pebbles,False
SLEEP_POD_COTTON,TRANSLATOR_SPACE_GRAY,0.0048515414506692675,0.0048515414506692675,Sleep pods,Translators,False
PEBBLES_S,SLEEP_POD_COTTON,0.0048489793771670925,0.0048489793771670925,Pebbles,Sleep pods,False
TRANSLATOR_ASTRO_BLACK,UV_VISOR_AMBER,0.004842170821104728,0.004842170821104728,Translators,UV visors,False
OXYGEN_SHAKE_MORNING_BREATH,TRANSLATOR_ASTRO_BLACK,0.004825935127716594,0.004825935127716594,Oxygen shakes,Translators,False
PEBBLES_L,TRANSLATOR_GRAPHITE_MIST,-0.004823592467622879,0.004823592467622879,Pebbles,Translators,False
OXYGEN_SHAKE_GARLIC,ROBOT_IRONING,-0.0048114998027524334,0.0048114998027524334,Oxygen shakes,Robots,False
MICROCHIP_OVAL,PANEL_1X2,-0.004807760316577228,0.004807760316577228,Microchips,Panels,False
MICROCHIP_RECTANGLE,PANEL_1X2,-0.004799018927286796,0.004799018927286796,Microchips,Panels,False
GALAXY_SOUNDS_PLANETARY_RINGS,TRANSLATOR_GRAPHITE_MIST,0.004790819249205292,0.004790819249205292,Galaxy sounds,Translators,False
SNACKPACK_RASPBERRY,TRANSLATOR_VOID_BLUE,0.0047882954120402,0.0047882954120402,Snackpacks,Translators,False
PANEL_2X2,TRANSLATOR_ECLIPSE_CHARCOAL,0.004787135542506543,0.004787135542506543,Panels,Translators,False
OXYGEN_SHAKE_EVENING_BREATH,TRANSLATOR_ASTRO_BLACK,0.004766147283257143,0.004766147283257143,Oxygen shakes,Translators,False
PEBBLES_L,ROBOT_VACUUMING,-0.0047626096199177145,0.0047626096199177145,Pebbles,Robots,False
ROBOT_DISHES,SLEEP_POD_SUEDE,0.004753960301659669,0.004753960301659669,Robots,Sleep pods,False
GALAXY_SOUNDS_BLACK_HOLES,PEBBLES_XS,-0.004752107241236587,0.004752107241236587,Galaxy sounds,Pebbles,False
GALAXY_SOUNDS_PLANETARY_RINGS,MICROCHIP_SQUARE,0.0047424351404386535,0.0047424351404386535,Galaxy sounds,Microchips,False
ROBOT_DISHES,TRANSLATOR_GRAPHITE_MIST,0.004733231684589239,0.004733231684589239,Robots,Translators,False
GALAXY_SOUNDS_PLANETARY_RINGS,PANEL_4X4,0.004732201662030598,0.004732201662030598,Galaxy sounds,Panels,False
MICROCHIP_OVAL,OXYGEN_SHAKE_EVENING_BREATH,0.004727292341649087,0.004727292341649087,Microchips,Oxygen shakes,False
PANEL_4X4,SNACKPACK_CHOCOLATE,0.004720227894762456,0.004720227894762456,Panels,Snackpacks,False
SLEEP_POD_LAMB_WOOL,UV_VISOR_ORANGE,0.004696519757528906,0.004696519757528906,Sleep pods,UV visors,False
TRANSLATOR_ECLIPSE_CHARCOAL,TRANSLATOR_VOID_BLUE,-0.0046910300654611995,0.0046910300654611995,Translators,Translators,True
ROBOT_MOPPING,SLEEP_POD_SUEDE,0.0046905620755717465,0.0046905620755717465,Robots,Sleep pods,False
TRANSLATOR_ASTRO_BLACK,TRANSLATOR_VOID_BLUE,0.0046824064209303054,0.0046824064209303054,Translators,Translators,True
MICROCHIP_RECTANGLE,PANEL_2X2,0.004674587152899316,0.004674587152899316,Microchips,Panels,False
OXYGEN_SHAKE_MINT,UV_VISOR_ORANGE,-0.004673365187292489,0.004673365187292489,Oxygen shakes,UV visors,False
PEBBLES_M,ROBOT_MOPPING,0.004639801933399796,0.004639801933399796,Pebbles,Robots,False
ROBOT_MOPPING,SLEEP_POD_NYLON,-0.0046364600090673435,0.0046364600090673435,Robots,Sleep pods,False
ROBOT_VACUUMING,SLEEP_POD_SUEDE,0.004628827502365791,0.004628827502365791,Robots,Sleep pods,False
OXYGEN_SHAKE_MORNING_BREATH,ROBOT_VACUUMING,-0.004607021908484494,0.004607021908484494,Oxygen shakes,Robots,False
PANEL_1X2,PANEL_2X4,0.0046031132394540614,0.0046031132394540614,Panels,Panels,True
OXYGEN_SHAKE_MINT,PANEL_4X4,-0.004573539136858676,0.004573539136858676,Oxygen shakes,Panels,False
PEBBLES_S,ROBOT_MOPPING,-0.0045592533975899715,0.0045592533975899715,Pebbles,Robots,False
SNACKPACK_CHOCOLATE,TRANSLATOR_VOID_BLUE,0.004533490866171483,0.004533490866171483,Snackpacks,Translators,False
MICROCHIP_OVAL,TRANSLATOR_SPACE_GRAY,0.004531761244581023,0.004531761244581023,Microchips,Translators,False
GALAXY_SOUNDS_SOLAR_WINDS,SLEEP_POD_SUEDE,-0.004496420094736688,0.004496420094736688,Galaxy sounds,Sleep pods,False
MICROCHIP_CIRCLE,SNACKPACK_PISTACHIO,-0.00448387946253215,0.00448387946253215,Microchips,Snackpacks,False
GALAXY_SOUNDS_DARK_MATTER,GALAXY_SOUNDS_SOLAR_FLAMES,0.00448240673633859,0.00448240673633859,Galaxy sounds,Galaxy sounds,True
GALAXY_SOUNDS_SOLAR_WINDS,UV_VISOR_RED,0.004443164961957811,0.004443164961957811,Galaxy sounds,UV visors,False
SLEEP_POD_SUEDE,UV_VISOR_RED,0.004421917268512224,0.004421917268512224,Sleep pods,UV visors,False
PANEL_1X2,TRANSLATOR_ASTRO_BLACK,0.004412846314407904,0.004412846314407904,Panels,Translators,False
SLEEP_POD_NYLON,SNACKPACK_PISTACHIO,0.004361348678571957,0.004361348678571957,Sleep pods,Snackpacks,False
MICROCHIP_TRIANGLE,PEBBLES_XS,-0.004358078653934658,0.004358078653934658,Microchips,Pebbles,False
GALAXY_SOUNDS_SOLAR_FLAMES,PEBBLES_XS,0.004355601835335843,0.004355601835335843,Galaxy sounds,Pebbles,False
UV_VISOR_AMBER,UV_VISOR_ORANGE,0.004339443636906981,0.004339443636906981,UV visors,UV visors,True
OXYGEN_SHAKE_GARLIC,TRANSLATOR_ASTRO_BLACK,-0.00431538004010119,0.00431538004010119,Oxygen shakes,Translators,False
PEBBLES_M,ROBOT_DISHES,0.0043091840189710415,0.0043091840189710415,Pebbles,Robots,False
ROBOT_MOPPING,SLEEP_POD_LAMB_WOOL,-0.0043080346492771785,0.0043080346492771785,Robots,Sleep pods,False
ROBOT_LAUNDRY,UV_VISOR_MAGENTA,-0.004299365570683077,0.004299365570683077,Robots,UV visors,False
OXYGEN_SHAKE_EVENING_BREATH,ROBOT_DISHES,0.0042967905437932465,0.0042967905437932465,Oxygen shakes,Robots,False
PEBBLES_XL,SLEEP_POD_POLYESTER,0.004296086675537378,0.004296086675537378,Pebbles,Sleep pods,False
OXYGEN_SHAKE_MINT,PEBBLES_XS,0.004286361889432972,0.004286361889432972,Oxygen shakes,Pebbles,False
ROBOT_MOPPING,SNACKPACK_VANILLA,0.004286345840034197,0.004286345840034197,Robots,Snackpacks,False
MICROCHIP_TRIANGLE,PANEL_2X4,0.00425509499291278,0.00425509499291278,Microchips,Panels,False
GALAXY_SOUNDS_BLACK_HOLES,SLEEP_POD_SUEDE,0.004248411694840255,0.004248411694840255,Galaxy sounds,Sleep pods,False
ROBOT_MOPPING,SLEEP_POD_COTTON,-0.004225409308383952,0.004225409308383952,Robots,Sleep pods,False
UV_VISOR_ORANGE,UV_VISOR_YELLOW,0.004225370609179143,0.004225370609179143,UV visors,UV visors,True
MICROCHIP_SQUARE,ROBOT_IRONING,-0.004224862268679292,0.004224862268679292,Microchips,Robots,False
OXYGEN_SHAKE_MINT,SLEEP_POD_COTTON,-0.004218751455360789,0.004218751455360789,Oxygen shakes,Sleep pods,False
SLEEP_POD_SUEDE,TRANSLATOR_ECLIPSE_CHARCOAL,0.0042159164793802145,0.0042159164793802145,Sleep pods,Translators,False
MICROCHIP_TRIANGLE,PANEL_1X2,0.004214513813069937,0.004214513813069937,Microchips,Panels,False
ROBOT_IRONING,SNACKPACK_PISTACHIO,0.004213601703701891,0.004213601703701891,Robots,Snackpacks,False
PEBBLES_L,UV_VISOR_RED,-0.004210987790370883,0.004210987790370883,Pebbles,UV visors,False
MICROCHIP_OVAL,PANEL_2X2,0.0041907003227865764,0.0041907003227865764,Microchips,Panels,False
MICROCHIP_SQUARE,PANEL_4X4,0.004183980126238484,0.004183980126238484,Microchips,Panels,False
MICROCHIP_RECTANGLE,TRANSLATOR_ASTRO_BLACK,-0.004168633718939953,0.004168633718939953,Microchips,Translators,False
PANEL_1X4,ROBOT_IRONING,0.00416281562031811,0.00416281562031811,Panels,Robots,False
MICROCHIP_OVAL,PEBBLES_M,0.004156630816349686,0.004156630816349686,Microchips,Pebbles,False
PANEL_2X2,ROBOT_LAUNDRY,-0.004149492297442822,0.004149492297442822,Panels,Robots,False
MICROCHIP_CIRCLE,TRANSLATOR_ASTRO_BLACK,-0.004142799090820159,0.004142799090820159,Microchips,Translators,False
PEBBLES_XL,SNACKPACK_VANILLA,0.0041405517934699,0.0041405517934699,Pebbles,Snackpacks,False
ROBOT_DISHES,UV_VISOR_YELLOW,0.004137969495294644,0.004137969495294644,Robots,UV visors,False
MICROCHIP_SQUARE,OXYGEN_SHAKE_EVENING_BREATH,-0.004121312676722244,0.004121312676722244,Microchips,Oxygen shakes,False
PANEL_2X4,SLEEP_POD_POLYESTER,0.004099270870039424,0.004099270870039424,Panels,Sleep pods,False
GALAXY_SOUNDS_DARK_MATTER,UV_VISOR_ORANGE,0.004094203218461397,0.004094203218461397,Galaxy sounds,UV visors,False
ROBOT_DISHES,TRANSLATOR_SPACE_GRAY,-0.004090320501182688,0.004090320501182688,Robots,Translators,False
GALAXY_SOUNDS_BLACK_HOLES,ROBOT_MOPPING,0.004081404655998629,0.004081404655998629,Galaxy sounds,Robots,False
OXYGEN_SHAKE_EVENING_BREATH,PANEL_1X4,0.004080916453871735,0.004080916453871735,Oxygen shakes,Panels,False
MICROCHIP_RECTANGLE,PEBBLES_S,-0.0040752346361376595,0.0040752346361376595,Microchips,Pebbles,False
MICROCHIP_CIRCLE,TRANSLATOR_SPACE_GRAY,0.004072002504994939,0.004072002504994939,Microchips,Translators,False
GALAXY_SOUNDS_SOLAR_FLAMES,ROBOT_IRONING,0.004066916892831976,0.004066916892831976,Galaxy sounds,Robots,False
GALAXY_SOUNDS_DARK_MATTER,TRANSLATOR_GRAPHITE_MIST,-0.004050091703889657,0.004050091703889657,Galaxy sounds,Translators,False
MICROCHIP_OVAL,UV_VISOR_ORANGE,-0.004050047629443356,0.004050047629443356,Microchips,UV visors,False
OXYGEN_SHAKE_CHOCOLATE,PEBBLES_S,0.0040420073392638655,0.0040420073392638655,Oxygen shakes,Pebbles,False
MICROCHIP_OVAL,UV_VISOR_MAGENTA,-0.004041831797164849,0.004041831797164849,Microchips,UV visors,False
ROBOT_IRONING,TRANSLATOR_SPACE_GRAY,0.004041682356886717,0.004041682356886717,Robots,Translators,False
GALAXY_SOUNDS_BLACK_HOLES,SLEEP_POD_NYLON,0.004039490886120226,0.004039490886120226,Galaxy sounds,Sleep pods,False
PANEL_2X2,UV_VISOR_AMBER,0.004036392971361326,0.004036392971361326,Panels,UV visors,False
GALAXY_SOUNDS_SOLAR_FLAMES,GALAXY_SOUNDS_SOLAR_WINDS,0.004031101496080452,0.004031101496080452,Galaxy sounds,Galaxy sounds,True
SLEEP_POD_POLYESTER,TRANSLATOR_GRAPHITE_MIST,0.004026019552371068,0.004026019552371068,Sleep pods,Translators,False
GALAXY_SOUNDS_SOLAR_WINDS,PEBBLES_L,0.004019472088982806,0.004019472088982806,Galaxy sounds,Pebbles,False
GALAXY_SOUNDS_SOLAR_FLAMES,ROBOT_MOPPING,0.004010353338210832,0.004010353338210832,Galaxy sounds,Robots,False
MICROCHIP_RECTANGLE,SNACKPACK_RASPBERRY,0.004003154940005155,0.004003154940005155,Microchips,Snackpacks,False
SLEEP_POD_NYLON,UV_VISOR_MAGENTA,-0.003979719072646587,0.003979719072646587,Sleep pods,UV visors,False
MICROCHIP_RECTANGLE,TRANSLATOR_SPACE_GRAY,-0.003977710844669961,0.003977710844669961,Microchips,Translators,False
PANEL_2X2,PEBBLES_S,-0.00397681746524592,0.00397681746524592,Panels,Pebbles,False
MICROCHIP_CIRCLE,ROBOT_LAUNDRY,0.003976583728067513,0.003976583728067513,Microchips,Robots,False
PANEL_1X4,UV_VISOR_MAGENTA,0.0039618370026031965,0.0039618370026031965,Panels,UV visors,False
OXYGEN_SHAKE_MORNING_BREATH,SNACKPACK_STRAWBERRY,0.003943249926235418,0.003943249926235418,Oxygen shakes,Snackpacks,False
PEBBLES_S,SLEEP_POD_POLYESTER,-0.003942900005860433,0.003942900005860433,Pebbles,Sleep pods,False
MICROCHIP_TRIANGLE,TRANSLATOR_VOID_BLUE,-0.003939121383738548,0.003939121383738548,Microchips,Translators,False
OXYGEN_SHAKE_CHOCOLATE,UV_VISOR_ORANGE,0.003932736956331806,0.003932736956331806,Oxygen shakes,UV visors,False
SLEEP_POD_SUEDE,TRANSLATOR_VOID_BLUE,0.003929732392584695,0.003929732392584695,Sleep pods,Translators,False
PEBBLES_XL,ROBOT_DISHES,-0.00392280526942015,0.00392280526942015,Pebbles,Robots,False
PEBBLES_XL,TRANSLATOR_SPACE_GRAY,0.003922333782225059,0.003922333782225059,Pebbles,Translators,False
ROBOT_IRONING,TRANSLATOR_VOID_BLUE,-0.003919197916834107,0.003919197916834107,Robots,Translators,False
GALAXY_SOUNDS_SOLAR_WINDS,ROBOT_MOPPING,0.003909303271118899,0.003909303271118899,Galaxy sounds,Robots,False
OXYGEN_SHAKE_GARLIC,UV_VISOR_YELLOW,-0.00390876551207262,0.00390876551207262,Oxygen shakes,UV visors,False
MICROCHIP_CIRCLE,TRANSLATOR_GRAPHITE_MIST,-0.0038952894704778,0.0038952894704778,Microchips,Translators,False
PEBBLES_S,SLEEP_POD_LAMB_WOOL,0.003892421961611694,0.003892421961611694,Pebbles,Sleep pods,False
OXYGEN_SHAKE_CHOCOLATE,PEBBLES_M,-0.0038909341632915435,0.0038909341632915435,Oxygen shakes,Pebbles,False
ROBOT_MOPPING,ROBOT_VACUUMING,-0.0038809744775410867,0.0038809744775410867,Robots,Robots,True
OXYGEN_SHAKE_EVENING_BREATH,ROBOT_VACUUMING,0.003868481076249522,0.003868481076249522,Oxygen shakes,Robots,False
GALAXY_SOUNDS_DARK_MATTER,OXYGEN_SHAKE_CHOCOLATE,0.0038672887364665657,0.0038672887364665657,Galaxy sounds,Oxygen shakes,False
MICROCHIP_TRIANGLE,UV_VISOR_RED,0.0038235699504401486,0.0038235699504401486,Microchips,UV visors,False
GALAXY_SOUNDS_DARK_MATTER,ROBOT_DISHES,0.003807162866672056,0.003807162866672056,Galaxy sounds,Robots,False
SLEEP_POD_COTTON,TRANSLATOR_ECLIPSE_CHARCOAL,-0.0037983107851946333,0.0037983107851946333,Sleep pods,Translators,False
MICROCHIP_RECTANGLE,TRANSLATOR_ECLIPSE_CHARCOAL,-0.0037838795994222622,0.0037838795994222622,Microchips,Translators,False
PANEL_2X4,PEBBLES_S,0.003779356339783409,0.003779356339783409,Panels,Pebbles,False
SLEEP_POD_LAMB_WOOL,SLEEP_POD_NYLON,0.003768563408324857,0.003768563408324857,Sleep pods,Sleep pods,True
TRANSLATOR_ASTRO_BLACK,TRANSLATOR_ECLIPSE_CHARCOAL,0.0037562233797444403,0.0037562233797444403,Translators,Translators,True
PANEL_2X4,PEBBLES_L,0.0037514917694476085,0.0037514917694476085,Panels,Pebbles,False
OXYGEN_SHAKE_CHOCOLATE,SLEEP_POD_COTTON,0.003750446443276154,0.003750446443276154,Oxygen shakes,Sleep pods,False
GALAXY_SOUNDS_SOLAR_FLAMES,TRANSLATOR_ASTRO_BLACK,0.0037471983178695755,0.0037471983178695755,Galaxy sounds,Translators,False
PEBBLES_S,TRANSLATOR_ECLIPSE_CHARCOAL,0.0037224841156817652,0.0037224841156817652,Pebbles,Translators,False
PANEL_2X2,SLEEP_POD_NYLON,-0.003717368982783713,0.003717368982783713,Panels,Sleep pods,False
MICROCHIP_SQUARE,PEBBLES_XL,-0.0037036454148071276,0.0037036454148071276,Microchips,Pebbles,False
OXYGEN_SHAKE_CHOCOLATE,TRANSLATOR_SPACE_GRAY,-0.0037024005722165933,0.0037024005722165933,Oxygen shakes,Translators,False
PANEL_1X4,TRANSLATOR_ECLIPSE_CHARCOAL,0.003689440215833624,0.003689440215833624,Panels,Translators,False
GALAXY_SOUNDS_PLANETARY_RINGS,UV_VISOR_MAGENTA,0.0036869099144088177,0.0036869099144088177,Galaxy sounds,UV visors,False
MICROCHIP_CIRCLE,SLEEP_POD_COTTON,-0.003660569974881909,0.003660569974881909,Microchips,Sleep pods,False
PANEL_2X2,ROBOT_DISHES,0.003657741043892393,0.003657741043892393,Panels,Robots,False
MICROCHIP_RECTANGLE,UV_VISOR_RED,-0.0036555373288544484,0.0036555373288544484,Microchips,UV visors,False
SLEEP_POD_LAMB_WOOL,TRANSLATOR_ECLIPSE_CHARCOAL,0.0036469147815267108,0.0036469147815267108,Sleep pods,Translators,False
PEBBLES_M,TRANSLATOR_VOID_BLUE,0.0036307653444405726,0.0036307653444405726,Pebbles,Translators,False
SLEEP_POD_LAMB_WOOL,TRANSLATOR_SPACE_GRAY,0.0036140590376294852,0.0036140590376294852,Sleep pods,Translators,False
OXYGEN_SHAKE_EVENING_BREATH,UV_VISOR_ORANGE,-0.0036095247152595745,0.0036095247152595745,Oxygen shakes,UV visors,False
GALAXY_SOUNDS_BLACK_HOLES,PANEL_1X2,0.0036052991159773538,0.0036052991159773538,Galaxy sounds,Panels,False
ROBOT_DISHES,SLEEP_POD_NYLON,-0.0036029888656293313,0.0036029888656293313,Robots,Sleep pods,False
OXYGEN_SHAKE_CHOCOLATE,TRANSLATOR_GRAPHITE_MIST,0.0035951373538947676,0.0035951373538947676,Oxygen shakes,Translators,False
GALAXY_SOUNDS_BLACK_HOLES,MICROCHIP_OVAL,0.0035865453509374883,0.0035865453509374883,Galaxy sounds,Microchips,False
ROBOT_VACUUMING,SLEEP_POD_POLYESTER,0.0035799480177035616,0.0035799480177035616,Robots,Sleep pods,False
OXYGEN_SHAKE_MORNING_BREATH,UV_VISOR_ORANGE,0.003574545015335888,0.003574545015335888,Oxygen shakes,UV visors,False
OXYGEN_SHAKE_CHOCOLATE,PANEL_4X4,0.003571587829153064,0.003571587829153064,Oxygen shakes,Panels,False
ROBOT_LAUNDRY,UV_VISOR_YELLOW,-0.003567412002041309,0.003567412002041309,Robots,UV visors,False
OXYGEN_SHAKE_EVENING_BREATH,PEBBLES_XL,-0.0035658281162553474,0.0035658281162553474,Oxygen shakes,Pebbles,False
GALAXY_SOUNDS_SOLAR_WINDS,PEBBLES_M,-0.003561694121462901,0.003561694121462901,Galaxy sounds,Pebbles,False
TRANSLATOR_ASTRO_BLACK,TRANSLATOR_GRAPHITE_MIST,-0.0035589710717460464,0.0035589710717460464,Translators,Translators,True
PEBBLES_XL,SLEEP_POD_NYLON,-0.003555405426217875,0.003555405426217875,Pebbles,Sleep pods,False
PANEL_2X2,SLEEP_POD_POLYESTER,-0.0035552257277214035,0.0035552257277214035,Panels,Sleep pods,False
MICROCHIP_TRIANGLE,PEBBLES_L,0.0035473133023031667,0.0035473133023031667,Microchips,Pebbles,False
GALAXY_SOUNDS_DARK_MATTER,MICROCHIP_CIRCLE,0.003535257859472177,0.003535257859472177,Galaxy sounds,Microchips,False
PANEL_4X4,SLEEP_POD_COTTON,0.003509874922957322,0.003509874922957322,Panels,Sleep pods,False
ROBOT_VACUUMING,SLEEP_POD_LAMB_WOOL,0.0035014169655145596,0.0035014169655145596,Robots,Sleep pods,False
MICROCHIP_TRIANGLE,OXYGEN_SHAKE_MORNING_BREATH,-0.0034963473604485377,0.0034963473604485377,Microchips,Oxygen shakes,False
MICROCHIP_OVAL,PANEL_4X4,-0.003495916669316677,0.003495916669316677,Microchips,Panels,False
PANEL_2X4,TRANSLATOR_GRAPHITE_MIST,0.0034919077959599597,0.0034919077959599597,Panels,Translators,False
MICROCHIP_OVAL,PANEL_1X4,-0.0034829757919893657,0.0034829757919893657,Microchips,Panels,False
MICROCHIP_SQUARE,PANEL_1X4,-0.0034693291276112347,0.0034693291276112347,Microchips,Panels,False
GALAXY_SOUNDS_SOLAR_FLAMES,MICROCHIP_SQUARE,0.003458715799584654,0.003458715799584654,Galaxy sounds,Microchips,False
PANEL_4X4,PEBBLES_XS,-0.003457189010909516,0.003457189010909516,Panels,Pebbles,False
TRANSLATOR_GRAPHITE_MIST,UV_VISOR_YELLOW,0.0034539323816102133,0.0034539323816102133,Translators,UV visors,False
GALAXY_SOUNDS_SOLAR_FLAMES,MICROCHIP_CIRCLE,-0.003434092052540792,0.003434092052540792,Galaxy sounds,Microchips,False
MICROCHIP_RECTANGLE,PANEL_2X4,-0.003431182601124831,0.003431182601124831,Microchips,Panels,False
MICROCHIP_RECTANGLE,SNACKPACK_VANILLA,-0.003417249627352629,0.003417249627352629,Microchips,Snackpacks,False
OXYGEN_SHAKE_CHOCOLATE,PEBBLES_XS,0.0033856363768995845,0.0033856363768995845,Oxygen shakes,Pebbles,False
PANEL_4X4,PEBBLES_S,-0.0033846873950534916,0.0033846873950534916,Panels,Pebbles,False
PANEL_2X4,ROBOT_LAUNDRY,-0.00338408023853077,0.00338408023853077,Panels,Robots,False
PEBBLES_XS,SLEEP_POD_POLYESTER,0.0033781569036456867,0.0033781569036456867,Pebbles,Sleep pods,False
GALAXY_SOUNDS_SOLAR_FLAMES,TRANSLATOR_GRAPHITE_MIST,0.0033777542225888147,0.0033777542225888147,Galaxy sounds,Translators,False
PEBBLES_XS,TRANSLATOR_SPACE_GRAY,-0.0033776799694869666,0.0033776799694869666,Pebbles,Translators,False
OXYGEN_SHAKE_GARLIC,OXYGEN_SHAKE_MINT,0.0033673831654287504,0.0033673831654287504,Oxygen shakes,Oxygen shakes,True
MICROCHIP_RECTANGLE,UV_VISOR_YELLOW,-0.0033577707979051677,0.0033577707979051677,Microchips,UV visors,False
OXYGEN_SHAKE_GARLIC,PEBBLES_XL,-0.0033531080284772154,0.0033531080284772154,Oxygen shakes,Pebbles,False
OXYGEN_SHAKE_GARLIC,PEBBLES_M,0.003350176440477313,0.003350176440477313,Oxygen shakes,Pebbles,False
OXYGEN_SHAKE_EVENING_BREATH,PANEL_2X4,-0.003332630043897971,0.003332630043897971,Oxygen shakes,Panels,False
ROBOT_IRONING,SNACKPACK_STRAWBERRY,0.003331012338155318,0.003331012338155318,Robots,Snackpacks,False
OXYGEN_SHAKE_MINT,ROBOT_MOPPING,0.0033292275544200703,0.0033292275544200703,Oxygen shakes,Robots,False
MICROCHIP_SQUARE,TRANSLATOR_VOID_BLUE,-0.0033246607694625945,0.0033246607694625945,Microchips,Translators,False
MICROCHIP_RECTANGLE,TRANSLATOR_GRAPHITE_MIST,-0.003293774150299462,0.003293774150299462,Microchips,Translators,False
PEBBLES_XL,UV_VISOR_MAGENTA,-0.0032817087576089096,0.0032817087576089096,Pebbles,UV visors,False
GALAXY_SOUNDS_BLACK_HOLES,UV_VISOR_ORANGE,0.0032707989001488,0.0032707989001488,Galaxy sounds,UV visors,False
MICROCHIP_RECTANGLE,PEBBLES_XL,0.0032673080013477874,0.0032673080013477874,Microchips,Pebbles,False
MICROCHIP_OVAL,ROBOT_VACUUMING,-0.0032575008059725487,0.0032575008059725487,Microchips,Robots,False
GALAXY_SOUNDS_SOLAR_FLAMES,MICROCHIP_RECTANGLE,-0.0032473111401689525,0.0032473111401689525,Galaxy sounds,Microchips,False
MICROCHIP_SQUARE,PANEL_2X4,-0.0032453358678987327,0.0032453358678987327,Microchips,Panels,False
GALAXY_SOUNDS_SOLAR_WINDS,MICROCHIP_TRIANGLE,-0.0032184632825648027,0.0032184632825648027,Galaxy sounds,Microchips,False
GALAXY_SOUNDS_BLACK_HOLES,PANEL_1X4,0.0032006090176466225,0.0032006090176466225,Galaxy sounds,Panels,False
GALAXY_SOUNDS_SOLAR_FLAMES,PANEL_1X4,0.003171118274482149,0.003171118274482149,Galaxy sounds,Panels,False
TRANSLATOR_ASTRO_BLACK,UV_VISOR_RED,0.003168659829724564,0.003168659829724564,Translators,UV visors,False
SLEEP_POD_COTTON,TRANSLATOR_GRAPHITE_MIST,-0.0031523545813164295,0.0031523545813164295,Sleep pods,Translators,False
MICROCHIP_SQUARE,SLEEP_POD_LAMB_WOOL,-0.003151358007458803,0.003151358007458803,Microchips,Sleep pods,False
PANEL_2X2,ROBOT_IRONING,-0.0031237338747131397,0.0031237338747131397,Panels,Robots,False
OXYGEN_SHAKE_EVENING_BREATH,SLEEP_POD_SUEDE,-0.003116419422229064,0.003116419422229064,Oxygen shakes,Sleep pods,False
SLEEP_POD_SUEDE,TRANSLATOR_ASTRO_BLACK,0.0031162501832555133,0.0031162501832555133,Sleep pods,Translators,False
SLEEP_POD_COTTON,SLEEP_POD_LAMB_WOOL,-0.003114337451142669,0.003114337451142669,Sleep pods,Sleep pods,True
MICROCHIP_CIRCLE,PEBBLES_S,0.0031128936789624716,0.0031128936789624716,Microchips,Pebbles,False
MICROCHIP_TRIANGLE,ROBOT_LAUNDRY,-0.00310776217425793,0.00310776217425793,Microchips,Robots,False
GALAXY_SOUNDS_DARK_MATTER,MICROCHIP_OVAL,-0.0031037044610223493,0.0031037044610223493,Galaxy sounds,Microchips,False
ROBOT_MOPPING,SLEEP_POD_POLYESTER,0.0031027331744832728,0.0031027331744832728,Robots,Sleep pods,False
ROBOT_LAUNDRY,SLEEP_POD_NYLON,0.0030981619792846997,0.0030981619792846997,Robots,Sleep pods,False
GALAXY_SOUNDS_SOLAR_WINDS,MICROCHIP_SQUARE,-0.0030923367579900503,0.0030923367579900503,Galaxy sounds,Microchips,False
GALAXY_SOUNDS_SOLAR_WINDS,ROBOT_VACUUMING,0.0030898216865811266,0.0030898216865811266,Galaxy sounds,Robots,False
SLEEP_POD_SUEDE,SNACKPACK_PISTACHIO,0.003086817521314148,0.003086817521314148,Sleep pods,Snackpacks,False
MICROCHIP_CIRCLE,OXYGEN_SHAKE_MINT,0.0030656856231363718,0.0030656856231363718,Microchips,Oxygen shakes,False
TRANSLATOR_GRAPHITE_MIST,UV_VISOR_MAGENTA,0.0030567232116103997,0.0030567232116103997,Translators,UV visors,False
PANEL_1X4,ROBOT_DISHES,0.003056223076193878,0.003056223076193878,Panels,Robots,False
PEBBLES_M,UV_VISOR_RED,-0.003032305909434656,0.003032305909434656,Pebbles,UV visors,False
MICROCHIP_CIRCLE,PANEL_4X4,0.003027644562400036,0.003027644562400036,Microchips,Panels,False
GALAXY_SOUNDS_SOLAR_FLAMES,TRANSLATOR_SPACE_GRAY,0.0030273765398063117,0.0030273765398063117,Galaxy sounds,Translators,False
MICROCHIP_CIRCLE,MICROCHIP_TRIANGLE,0.003022331015267468,0.003022331015267468,Microchips,Microchips,True
PANEL_4X4,ROBOT_VACUUMING,0.0030215016365972187,0.0030215016365972187,Panels,Robots,False
OXYGEN_SHAKE_EVENING_BREATH,PEBBLES_S,0.003018701534538872,0.003018701534538872,Oxygen shakes,Pebbles,False
GALAXY_SOUNDS_PLANETARY_RINGS,PANEL_1X2,-0.003013734592095259,0.003013734592095259,Galaxy sounds,Panels,False
ROBOT_MOPPING,UV_VISOR_AMBER,0.0029950792324476678,0.0029950792324476678,Robots,UV visors,False
PEBBLES_XS,TRANSLATOR_ASTRO_BLACK,0.0029867918354891513,0.0029867918354891513,Pebbles,Translators,False
GALAXY_SOUNDS_SOLAR_FLAMES,ROBOT_LAUNDRY,0.0029857109675853425,0.0029857109675853425,Galaxy sounds,Robots,False
MICROCHIP_OVAL,PANEL_2X4,-0.0029798439515509685,0.0029798439515509685,Microchips,Panels,False
ROBOT_IRONING,UV_VISOR_ORANGE,0.0029646208558148975,0.0029646208558148975,Robots,UV visors,False
TRANSLATOR_SPACE_GRAY,TRANSLATOR_VOID_BLUE,0.002963242549220218,0.002963242549220218,Translators,Translators,True
PEBBLES_M,SLEEP_POD_NYLON,-0.0029599177544069916,0.0029599177544069916,Pebbles,Sleep pods,False
ROBOT_MOPPING,TRANSLATOR_ECLIPSE_CHARCOAL,0.0029521019138829614,0.0029521019138829614,Robots,Translators,False
PANEL_1X4,SLEEP_POD_SUEDE,-0.0029493797893126866,0.0029493797893126866,Panels,Sleep pods,False
PEBBLES_S,ROBOT_LAUNDRY,-0.0029493046705119743,0.0029493046705119743,Pebbles,Robots,False
OXYGEN_SHAKE_MINT,ROBOT_LAUNDRY,0.002939020921627498,0.002939020921627498,Oxygen shakes,Robots,False
SNACKPACK_STRAWBERRY,TRANSLATOR_GRAPHITE_MIST,0.0029379528497665377,0.0029379528497665377,Snackpacks,Translators,False
OXYGEN_SHAKE_MINT,PEBBLES_XL,-0.0029119767126872375,0.0029119767126872375,Oxygen shakes,Pebbles,False
PANEL_2X2,SLEEP_POD_LAMB_WOOL,0.0029054857899273243,0.0029054857899273243,Panels,Sleep pods,False
ROBOT_LAUNDRY,SLEEP_POD_SUEDE,-0.0028964558244896645,0.0028964558244896645,Robots,Sleep pods,False
OXYGEN_SHAKE_MORNING_BREATH,SLEEP_POD_SUEDE,0.0028927587830420037,0.0028927587830420037,Oxygen shakes,Sleep pods,False
MICROCHIP_CIRCLE,PANEL_1X2,-0.0028903509286635457,0.0028903509286635457,Microchips,Panels,False
ROBOT_DISHES,SNACKPACK_VANILLA,0.002889593932828049,0.002889593932828049,Robots,Snackpacks,False
SLEEP_POD_NYLON,SNACKPACK_VANILLA,0.002877750314395327,0.002877750314395327,Sleep pods,Snackpacks,False
MICROCHIP_TRIANGLE,ROBOT_IRONING,0.0028638250890696735,0.0028638250890696735,Microchips,Robots,False
PANEL_4X4,SLEEP_POD_POLYESTER,0.0028582213048456017,0.0028582213048456017,Panels,Sleep pods,False
OXYGEN_SHAKE_MINT,SLEEP_POD_POLYESTER,0.0028552400019364135,0.0028552400019364135,Oxygen shakes,Sleep pods,False
SLEEP_POD_SUEDE,TRANSLATOR_SPACE_GRAY,-0.002839420520015492,0.002839420520015492,Sleep pods,Translators,False
ROBOT_MOPPING,UV_VISOR_ORANGE,0.0028377028879285906,0.0028377028879285906,Robots,UV visors,False
GALAXY_SOUNDS_SOLAR_WINDS,UV_VISOR_ORANGE,-0.0028376647094306676,0.0028376647094306676,Galaxy sounds,UV visors,False
PEBBLES_XS,SNACKPACK_PISTACHIO,-0.0028304706390889557,0.0028304706390889557,Pebbles,Snackpacks,False
MICROCHIP_RECTANGLE,OXYGEN_SHAKE_CHOCOLATE,0.0028210548788371727,0.0028210548788371727,Microchips,Oxygen shakes,False
GALAXY_SOUNDS_PLANETARY_RINGS,PANEL_2X2,0.0028204353229025324,0.0028204353229025324,Galaxy sounds,Panels,False
PEBBLES_L,SNACKPACK_CHOCOLATE,0.0028138702721149816,0.0028138702721149816,Pebbles,Snackpacks,False
PEBBLES_L,SLEEP_POD_LAMB_WOOL,-0.002807187731011649,0.002807187731011649,Pebbles,Sleep pods,False
ROBOT_IRONING,SNACKPACK_VANILLA,0.0028031083077941165,0.0028031083077941165,Robots,Snackpacks,False
MICROCHIP_SQUARE,ROBOT_MOPPING,0.002802497749614797,0.002802497749614797,Microchips,Robots,False
OXYGEN_SHAKE_CHOCOLATE,OXYGEN_SHAKE_MORNING_BREATH,0.002799329575652178,0.002799329575652178,Oxygen shakes,Oxygen shakes,True
ROBOT_IRONING,UV_VISOR_RED,0.00279864672209465,0.00279864672209465,Robots,UV visors,False
PEBBLES_M,ROBOT_IRONING,-0.00276174723000974,0.00276174723000974,Pebbles,Robots,False
SLEEP_POD_COTTON,TRANSLATOR_ASTRO_BLACK,0.0027572200193572527,0.0027572200193572527,Sleep pods,Translators,False
MICROCHIP_SQUARE,PEBBLES_L,0.002754455011844891,0.002754455011844891,Microchips,Pebbles,False
GALAXY_SOUNDS_SOLAR_WINDS,PEBBLES_XS,-0.002752742837983096,0.002752742837983096,Galaxy sounds,Pebbles,False
MICROCHIP_SQUARE,ROBOT_DISHES,-0.002750810839333513,0.002750810839333513,Microchips,Robots,False
TRANSLATOR_SPACE_GRAY,UV_VISOR_ORANGE,-0.002746780367701618,0.002746780367701618,Translators,UV visors,False
GALAXY_SOUNDS_SOLAR_FLAMES,MICROCHIP_TRIANGLE,-0.002736530377790118,0.002736530377790118,Galaxy sounds,Microchips,False
PANEL_1X2,SLEEP_POD_POLYESTER,-0.0027154681893090445,0.0027154681893090445,Panels,Sleep pods,False
MICROCHIP_SQUARE,UV_VISOR_AMBER,0.0026980738100713234,0.0026980738100713234,Microchips,UV visors,False
GALAXY_SOUNDS_SOLAR_FLAMES,OXYGEN_SHAKE_GARLIC,-0.0026844734443967795,0.0026844734443967795,Galaxy sounds,Oxygen shakes,False
ROBOT_IRONING,UV_VISOR_YELLOW,0.0026767666463060405,0.0026767666463060405,Robots,UV visors,False
PANEL_1X2,TRANSLATOR_VOID_BLUE,0.0026683866766382697,0.0026683866766382697,Panels,Translators,False
PANEL_1X2,SLEEP_POD_SUEDE,0.0026457799549363587,0.0026457799549363587,Panels,Sleep pods,False
ROBOT_LAUNDRY,SLEEP_POD_LAMB_WOOL,-0.002631779687390535,0.002631779687390535,Robots,Sleep pods,False
MICROCHIP_OVAL,PEBBLES_XL,0.002615066876410557,0.002615066876410557,Microchips,Pebbles,False
ROBOT_MOPPING,TRANSLATOR_GRAPHITE_MIST,0.0025860844739310483,0.0025860844739310483,Robots,Translators,False
PANEL_4X4,ROBOT_IRONING,-0.0025736845880051616,0.0025736845880051616,Panels,Robots,False
OXYGEN_SHAKE_MORNING_BREATH,ROBOT_MOPPING,0.0025665558828413112,0.0025665558828413112,Oxygen shakes,Robots,False
GALAXY_SOUNDS_BLACK_HOLES,SLEEP_POD_LAMB_WOOL,0.0025583170794772985,0.0025583170794772985,Galaxy sounds,Sleep pods,False
SNACKPACK_RASPBERRY,TRANSLATOR_ASTRO_BLACK,-0.0025488347432760655,0.0025488347432760655,Snackpacks,Translators,False
GALAXY_SOUNDS_PLANETARY_RINGS,MICROCHIP_OVAL,-0.0025443017548045133,0.0025443017548045133,Galaxy sounds,Microchips,False
PANEL_1X2,ROBOT_VACUUMING,0.002539050607194332,0.002539050607194332,Panels,Robots,False
PEBBLES_XL,SNACKPACK_CHOCOLATE,-0.0025300207009601177,0.0025300207009601177,Pebbles,Snackpacks,False
MICROCHIP_OVAL,MICROCHIP_RECTANGLE,0.0025125217050377866,0.0025125217050377866,Microchips,Microchips,True
PEBBLES_L,TRANSLATOR_VOID_BLUE,-0.002511307584760083,0.002511307584760083,Pebbles,Translators,False
PEBBLES_M,UV_VISOR_AMBER,0.002510140349081734,0.002510140349081734,Pebbles,UV visors,False
GALAXY_SOUNDS_SOLAR_WINDS,UV_VISOR_MAGENTA,0.002510132795019889,0.002510132795019889,Galaxy sounds,UV visors,False
MICROCHIP_RECTANGLE,PEBBLES_XS,0.002496887653709345,0.002496887653709345,Microchips,Pebbles,False
SLEEP_POD_NYLON,UV_VISOR_YELLOW,-0.0024738087407739644,0.0024738087407739644,Sleep pods,UV visors,False
PANEL_1X2,ROBOT_DISHES,-0.002463097474936112,0.002463097474936112,Panels,Robots,False
MICROCHIP_SQUARE,OXYGEN_SHAKE_CHOCOLATE,0.002445047734115349,0.002445047734115349,Microchips,Oxygen shakes,False
OXYGEN_SHAKE_CHOCOLATE,TRANSLATOR_ECLIPSE_CHARCOAL,0.002430166855241323,0.002430166855241323,Oxygen shakes,Translators,False
GALAXY_SOUNDS_BLACK_HOLES,PEBBLES_S,0.002420344686059387,0.002420344686059387,Galaxy sounds,Pebbles,False
GALAXY_SOUNDS_BLACK_HOLES,ROBOT_VACUUMING,0.0024065476355393583,0.0024065476355393583,Galaxy sounds,Robots,False
GALAXY_SOUNDS_BLACK_HOLES,OXYGEN_SHAKE_MORNING_BREATH,0.0024029050158317394,0.0024029050158317394,Galaxy sounds,Oxygen shakes,False
PEBBLES_L,SLEEP_POD_POLYESTER,0.002400374526025585,0.002400374526025585,Pebbles,Sleep pods,False
GALAXY_SOUNDS_PLANETARY_RINGS,PEBBLES_M,0.0023900245192196054,0.0023900245192196054,Galaxy sounds,Pebbles,False
UV_VISOR_AMBER,UV_VISOR_YELLOW,-0.002373542007338356,0.002373542007338356,UV visors,UV visors,True
SNACKPACK_VANILLA,TRANSLATOR_GRAPHITE_MIST,0.0023570651930872157,0.0023570651930872157,Snackpacks,Translators,False
OXYGEN_SHAKE_GARLIC,TRANSLATOR_ECLIPSE_CHARCOAL,-0.002345191259700598,0.002345191259700598,Oxygen shakes,Translators,False
PANEL_2X2,PEBBLES_L,0.002341954359834449,0.002341954359834449,Panels,Pebbles,False
OXYGEN_SHAKE_MINT,PEBBLES_S,-0.002340694882809594,0.002340694882809594,Oxygen shakes,Pebbles,False
PEBBLES_S,UV_VISOR_MAGENTA,0.002339340627451295,0.002339340627451295,Pebbles,UV visors,False
GALAXY_SOUNDS_DARK_MATTER,PANEL_2X2,0.0023327383400000806,0.0023327383400000806,Galaxy sounds,Panels,False
ROBOT_MOPPING,TRANSLATOR_VOID_BLUE,-0.002326756028707719,0.002326756028707719,Robots,Translators,False
MICROCHIP_OVAL,SNACKPACK_VANILLA,-0.0023221455178202696,0.0023221455178202696,Microchips,Snackpacks,False
MICROCHIP_TRIANGLE,SNACKPACK_RASPBERRY,-0.002319786586934449,0.002319786586934449,Microchips,Snackpacks,False
GALAXY_SOUNDS_SOLAR_WINDS,PANEL_1X2,0.0023107748469861703,0.0023107748469861703,Galaxy sounds,Panels,False
GALAXY_SOUNDS_SOLAR_FLAMES,UV_VISOR_YELLOW,0.002308826060880092,0.002308826060880092,Galaxy sounds,UV visors,False
GALAXY_SOUNDS_SOLAR_FLAMES,OXYGEN_SHAKE_MINT,-0.0023083074491276794,0.0023083074491276794,Galaxy sounds,Oxygen shakes,False
PEBBLES_L,SLEEP_POD_COTTON,0.0023078882779865337,0.0023078882779865337,Pebbles,Sleep pods,False
GALAXY_SOUNDS_DARK_MATTER,MICROCHIP_RECTANGLE,0.002299657389796747,0.002299657389796747,Galaxy sounds,Microchips,False
GALAXY_SOUNDS_PLANETARY_RINGS,PEBBLES_L,0.0022940686497391906,0.0022940686497391906,Galaxy sounds,Pebbles,False
PANEL_1X4,ROBOT_LAUNDRY,-0.0022905723278460193,0.0022905723278460193,Panels,Robots,False
OXYGEN_SHAKE_GARLIC,SLEEP_POD_LAMB_WOOL,-0.002285415008360211,0.002285415008360211,Oxygen shakes,Sleep pods,False
PEBBLES_M,TRANSLATOR_ECLIPSE_CHARCOAL,0.0022701114269448814,0.0022701114269448814,Pebbles,Translators,False
ROBOT_VACUUMING,UV_VISOR_YELLOW,0.002262820435417119,0.002262820435417119,Robots,UV visors,False
GALAXY_SOUNDS_PLANETARY_RINGS,ROBOT_IRONING,-0.002252487842770134,0.002252487842770134,Galaxy sounds,Robots,False
PANEL_1X4,UV_VISOR_RED,0.0022386918333154922,0.0022386918333154922,Panels,UV visors,False
GALAXY_SOUNDS_DARK_MATTER,PEBBLES_M,0.002234530242152969,0.002234530242152969,Galaxy sounds,Pebbles,False
GALAXY_SOUNDS_DARK_MATTER,PANEL_4X4,-0.0021851512169439855,0.0021851512169439855,Galaxy sounds,Panels,False
PEBBLES_XL,SLEEP_POD_COTTON,-0.00216850036990376,0.00216850036990376,Pebbles,Sleep pods,False
GALAXY_SOUNDS_DARK_MATTER,ROBOT_IRONING,-0.0021478244780024154,0.0021478244780024154,Galaxy sounds,Robots,False
MICROCHIP_SQUARE,TRANSLATOR_GRAPHITE_MIST,0.002141571022979801,0.002141571022979801,Microchips,Translators,False
MICROCHIP_CIRCLE,UV_VISOR_ORANGE,-0.0021329040732163945,0.0021329040732163945,Microchips,UV visors,False
SNACKPACK_CHOCOLATE,TRANSLATOR_SPACE_GRAY,0.0021215181819227904,0.0021215181819227904,Snackpacks,Translators,False
PANEL_1X4,PEBBLES_XS,0.002117251107900676,0.002117251107900676,Panels,Pebbles,False
MICROCHIP_OVAL,SLEEP_POD_POLYESTER,0.0021154244500609714,0.0021154244500609714,Microchips,Sleep pods,False
PANEL_1X4,PEBBLES_XL,0.0021076435471950386,0.0021076435471950386,Panels,Pebbles,False
MICROCHIP_OVAL,SNACKPACK_RASPBERRY,-0.002098315542057863,0.002098315542057863,Microchips,Snackpacks,False
MICROCHIP_TRIANGLE,SNACKPACK_STRAWBERRY,0.0020981641794221664,0.0020981641794221664,Microchips,Snackpacks,False
MICROCHIP_SQUARE,SNACKPACK_RASPBERRY,-0.002073411252214713,0.002073411252214713,Microchips,Snackpacks,False
PANEL_4X4,TRANSLATOR_VOID_BLUE,0.0020695609924276034,0.0020695609924276034,Panels,Translators,False
MICROCHIP_CIRCLE,UV_VISOR_MAGENTA,0.002065380448209231,0.002065380448209231,Microchips,UV visors,False
MICROCHIP_SQUARE,PANEL_1X2,-0.0020616099245945626,0.0020616099245945626,Microchips,Panels,False
PANEL_1X4,SNACKPACK_VANILLA,0.002052103900196417,0.002052103900196417,Panels,Snackpacks,False
MICROCHIP_RECTANGLE,ROBOT_LAUNDRY,-0.002051620188541394,0.002051620188541394,Microchips,Robots,False
TRANSLATOR_GRAPHITE_MIST,UV_VISOR_RED,0.002032894730712875,0.002032894730712875,Translators,UV visors,False
MICROCHIP_TRIANGLE,UV_VISOR_ORANGE,-0.0020307584945819276,0.0020307584945819276,Microchips,UV visors,False
PEBBLES_S,SNACKPACK_VANILLA,-0.0020226282863982027,0.0020226282863982027,Pebbles,Snackpacks,False
PANEL_2X2,PEBBLES_M,0.0020111342268162237,0.0020111342268162237,Panels,Pebbles,False
OXYGEN_SHAKE_MINT,UV_VISOR_AMBER,0.0020001232616049503,0.0020001232616049503,Oxygen shakes,UV visors,False
MICROCHIP_SQUARE,SNACKPACK_PISTACHIO,0.001988283706896912,0.001988283706896912,Microchips,Snackpacks,False
MICROCHIP_TRIANGLE,SLEEP_POD_SUEDE,0.001984632145795039,0.001984632145795039,Microchips,Sleep pods,False
SLEEP_POD_POLYESTER,UV_VISOR_ORANGE,-0.001982315892641148,0.001982315892641148,Sleep pods,UV visors,False
OXYGEN_SHAKE_CHOCOLATE,PANEL_2X2,0.0019800847931823406,0.0019800847931823406,Oxygen shakes,Panels,False
GALAXY_SOUNDS_PLANETARY_RINGS,PEBBLES_XL,-0.001966982119659578,0.001966982119659578,Galaxy sounds,Pebbles,False
SLEEP_POD_LAMB_WOOL,TRANSLATOR_ASTRO_BLACK,0.0019645090676080634,0.0019645090676080634,Sleep pods,Translators,False
OXYGEN_SHAKE_CHOCOLATE,TRANSLATOR_ASTRO_BLACK,-0.0019639109056749315,0.0019639109056749315,Oxygen shakes,Translators,False
MICROCHIP_CIRCLE,TRANSLATOR_VOID_BLUE,-0.0019612167459450423,0.0019612167459450423,Microchips,Translators,False
MICROCHIP_TRIANGLE,PEBBLES_XL,0.0019519192473646909,0.0019519192473646909,Microchips,Pebbles,False
GALAXY_SOUNDS_DARK_MATTER,TRANSLATOR_ECLIPSE_CHARCOAL,0.0019391624526455436,0.0019391624526455436,Galaxy sounds,Translators,False
PANEL_4X4,UV_VISOR_RED,-0.0019374626033993952,0.0019374626033993952,Panels,UV visors,False
GALAXY_SOUNDS_BLACK_HOLES,GALAXY_SOUNDS_SOLAR_FLAMES,0.0019372559984221342,0.0019372559984221342,Galaxy sounds,Galaxy sounds,True
OXYGEN_SHAKE_GARLIC,ROBOT_VACUUMING,-0.0019265728277382296,0.0019265728277382296,Oxygen shakes,Robots,False
MICROCHIP_TRIANGLE,TRANSLATOR_GRAPHITE_MIST,0.0019159585971592085,0.0019159585971592085,Microchips,Translators,False
PANEL_1X2,ROBOT_IRONING,-0.001911645390172029,0.001911645390172029,Panels,Robots,False
GALAXY_SOUNDS_PLANETARY_RINGS,SNACKPACK_RASPBERRY,0.0018977835320018205,0.0018977835320018205,Galaxy sounds,Snackpacks,False
GALAXY_SOUNDS_DARK_MATTER,SLEEP_POD_POLYESTER,0.001879348815712731,0.001879348815712731,Galaxy sounds,Sleep pods,False
GALAXY_SOUNDS_BLACK_HOLES,PEBBLES_L,0.001870881170518482,0.001870881170518482,Galaxy sounds,Pebbles,False
MICROCHIP_TRIANGLE,OXYGEN_SHAKE_EVENING_BREATH,0.0018613771835530456,0.0018613771835530456,Microchips,Oxygen shakes,False
MICROCHIP_RECTANGLE,SNACKPACK_CHOCOLATE,0.0018488364027961584,0.0018488364027961584,Microchips,Snackpacks,False
TRANSLATOR_SPACE_GRAY,UV_VISOR_YELLOW,0.0018452945275308301,0.0018452945275308301,Translators,UV visors,False
PANEL_2X2,TRANSLATOR_GRAPHITE_MIST,0.0018417528229470461,0.0018417528229470461,Panels,Translators,False
PANEL_1X2,UV_VISOR_MAGENTA,0.0018410721789071526,0.0018410721789071526,Panels,UV visors,False
PEBBLES_XS,SNACKPACK_STRAWBERRY,-0.0018211909964863764,0.0018211909964863764,Pebbles,Snackpacks,False
MICROCHIP_OVAL,MICROCHIP_TRIANGLE,0.0018046384270667534,0.0018046384270667534,Microchips,Microchips,True
PANEL_4X4,PEBBLES_XL,0.0018012228306034635,0.0018012228306034635,Panels,Pebbles,False
MICROCHIP_TRIANGLE,OXYGEN_SHAKE_GARLIC,-0.0017820267658139233,0.0017820267658139233,Microchips,Oxygen shakes,False
MICROCHIP_OVAL,SLEEP_POD_SUEDE,0.0017789917527006598,0.0017789917527006598,Microchips,Sleep pods,False
ROBOT_IRONING,TRANSLATOR_GRAPHITE_MIST,-0.0017774721329677475,0.0017774721329677475,Robots,Translators,False
GALAXY_SOUNDS_SOLAR_WINDS,SLEEP_POD_COTTON,-0.0017522618954142974,0.0017522618954142974,Galaxy sounds,Sleep pods,False
GALAXY_SOUNDS_SOLAR_WINDS,OXYGEN_SHAKE_CHOCOLATE,0.001732674579143657,0.001732674579143657,Galaxy sounds,Oxygen shakes,False
ROBOT_VACUUMING,SLEEP_POD_NYLON,0.001732070893521554,0.001732070893521554,Robots,Sleep pods,False
MICROCHIP_OVAL,OXYGEN_SHAKE_MINT,0.0017286650998639204,0.0017286650998639204,Microchips,Oxygen shakes,False
MICROCHIP_RECTANGLE,PANEL_1X4,-0.0017004556307839873,0.0017004556307839873,Microchips,Panels,False
SLEEP_POD_POLYESTER,UV_VISOR_YELLOW,-0.001697728097526497,0.001697728097526497,Sleep pods,UV visors,False
GALAXY_SOUNDS_BLACK_HOLES,UV_VISOR_RED,0.0016949812820621288,0.0016949812820621288,Galaxy sounds,UV visors,False
MICROCHIP_SQUARE,TRANSLATOR_ASTRO_BLACK,0.0016841054006611798,0.0016841054006611798,Microchips,Translators,False
GALAXY_SOUNDS_BLACK_HOLES,PANEL_2X2,0.001672212309835031,0.001672212309835031,Galaxy sounds,Panels,False
ROBOT_LAUNDRY,SLEEP_POD_COTTON,0.0016639200384721302,0.0016639200384721302,Robots,Sleep pods,False
PEBBLES_XL,SLEEP_POD_LAMB_WOOL,0.0016631267469893803,0.0016631267469893803,Pebbles,Sleep pods,False
PANEL_2X4,ROBOT_VACUUMING,0.0016614491181127717,0.0016614491181127717,Panels,Robots,False
MICROCHIP_TRIANGLE,PEBBLES_S,0.001659190465634552,0.001659190465634552,Microchips,Pebbles,False
ROBOT_LAUNDRY,TRANSLATOR_ECLIPSE_CHARCOAL,0.0016590077274741964,0.0016590077274741964,Robots,Translators,False
MICROCHIP_CIRCLE,UV_VISOR_YELLOW,-0.0016342336729592395,0.0016342336729592395,Microchips,UV visors,False
GALAXY_SOUNDS_SOLAR_FLAMES,SLEEP_POD_COTTON,0.001624438648465977,0.001624438648465977,Galaxy sounds,Sleep pods,False
OXYGEN_SHAKE_EVENING_BREATH,PEBBLES_XS,-0.001620122506428078,0.001620122506428078,Oxygen shakes,Pebbles,False
MICROCHIP_OVAL,UV_VISOR_RED,-0.0016193936563070363,0.0016193936563070363,Microchips,UV visors,False
SLEEP_POD_NYLON,UV_VISOR_RED,0.001606431511561158,0.001606431511561158,Sleep pods,UV visors,False
TRANSLATOR_VOID_BLUE,UV_VISOR_AMBER,-0.0016037149663030172,0.0016037149663030172,Translators,UV visors,False
PEBBLES_L,SNACKPACK_VANILLA,-0.0015925349043887595,0.0015925349043887595,Pebbles,Snackpacks,False
PEBBLES_XL,SNACKPACK_STRAWBERRY,0.0015914563869908031,0.0015914563869908031,Pebbles,Snackpacks,False
ROBOT_VACUUMING,TRANSLATOR_VOID_BLUE,-0.0015812149261093613,0.0015812149261093613,Robots,Translators,False
GALAXY_SOUNDS_BLACK_HOLES,ROBOT_IRONING,0.0015715848483473375,0.0015715848483473375,Galaxy sounds,Robots,False
OXYGEN_SHAKE_MORNING_BREATH,TRANSLATOR_VOID_BLUE,-0.0015680326729912769,0.0015680326729912769,Oxygen shakes,Translators,False
ROBOT_DISHES,UV_VISOR_ORANGE,0.0015552701729803417,0.0015552701729803417,Robots,UV visors,False
TRANSLATOR_GRAPHITE_MIST,TRANSLATOR_SPACE_GRAY,-0.001547985880725246,0.001547985880725246,Translators,Translators,True
PEBBLES_L,UV_VISOR_YELLOW,-0.0015413273048527187,0.0015413273048527187,Pebbles,UV visors,False
MICROCHIP_CIRCLE,OXYGEN_SHAKE_GARLIC,0.0015387635716533382,0.0015387635716533382,Microchips,Oxygen shakes,False
MICROCHIP_TRIANGLE,OXYGEN_SHAKE_MINT,0.001537741098388341,0.001537741098388341,Microchips,Oxygen shakes,False
GALAXY_SOUNDS_DARK_MATTER,MICROCHIP_SQUARE,0.0015359595593461442,0.0015359595593461442,Galaxy sounds,Microchips,False
MICROCHIP_OVAL,SNACKPACK_CHOCOLATE,0.001527223438584369,0.001527223438584369,Microchips,Snackpacks,False
PANEL_2X4,SLEEP_POD_COTTON,-0.0015141071447714637,0.0015141071447714637,Panels,Sleep pods,False
PANEL_2X2,TRANSLATOR_ASTRO_BLACK,-0.0014984013175144723,0.0014984013175144723,Panels,Translators,False
OXYGEN_SHAKE_EVENING_BREATH,UV_VISOR_RED,-0.0014846728000945649,0.0014846728000945649,Oxygen shakes,UV visors,False
ROBOT_LAUNDRY,SNACKPACK_PISTACHIO,0.00147302887670263,0.00147302887670263,Robots,Snackpacks,False
GALAXY_SOUNDS_DARK_MATTER,UV_VISOR_MAGENTA,0.001461148208505171,0.001461148208505171,Galaxy sounds,UV visors,False
PEBBLES_XL,SNACKPACK_RASPBERRY,-0.0014495049033904112,0.0014495049033904112,Pebbles,Snackpacks,False
GALAXY_SOUNDS_BLACK_HOLES,TRANSLATOR_ECLIPSE_CHARCOAL,0.0014494051757315035,0.0014494051757315035,Galaxy sounds,Translators,False
MICROCHIP_OVAL,PEBBLES_L,-0.0014418552028624683,0.0014418552028624683,Microchips,Pebbles,False
MICROCHIP_OVAL,TRANSLATOR_ECLIPSE_CHARCOAL,-0.0014400975365412708,0.0014400975365412708,Microchips,Translators,False
OXYGEN_SHAKE_MINT,PANEL_1X4,0.0014389059458833023,0.0014389059458833023,Oxygen shakes,Panels,False
ROBOT_LAUNDRY,ROBOT_VACUUMING,-0.0014338070620628285,0.0014338070620628285,Robots,Robots,True
ROBOT_IRONING,SLEEP_POD_COTTON,-0.0014299912021438076,0.0014299912021438076,Robots,Sleep pods,False
GALAXY_SOUNDS_PLANETARY_RINGS,ROBOT_MOPPING,-0.0014287737617380586,0.0014287737617380586,Galaxy sounds,Robots,False
OXYGEN_SHAKE_GARLIC,PEBBLES_S,0.00141343700869989,0.00141343700869989,Oxygen shakes,Pebbles,False
OXYGEN_SHAKE_EVENING_BREATH,SLEEP_POD_LAMB_WOOL,-0.0013909958085707003,0.0013909958085707003,Oxygen shakes,Sleep pods,False
SLEEP_POD_NYLON,SLEEP_POD_POLYESTER,0.0013893055438259979,0.0013893055438259979,Sleep pods,Sleep pods,True
PANEL_2X2,UV_VISOR_YELLOW,-0.0013822307921844714,0.0013822307921844714,Panels,UV visors,False
MICROCHIP_CIRCLE,PEBBLES_L,0.0013741774015522475,0.0013741774015522475,Microchips,Pebbles,False
TRANSLATOR_VOID_BLUE,UV_VISOR_RED,0.001373794998169275,0.001373794998169275,Translators,UV visors,False
GALAXY_SOUNDS_PLANETARY_RINGS,UV_VISOR_ORANGE,-0.001364419143284778,0.001364419143284778,Galaxy sounds,UV visors,False
PEBBLES_S,SNACKPACK_RASPBERRY,0.0013582627084881536,0.0013582627084881536,Pebbles,Snackpacks,False
MICROCHIP_CIRCLE,SNACKPACK_VANILLA,0.0013570441159911544,0.0013570441159911544,Microchips,Snackpacks,False
MICROCHIP_SQUARE,OXYGEN_SHAKE_MORNING_BREATH,-0.0013476469799238487,0.0013476469799238487,Microchips,Oxygen shakes,False
GALAXY_SOUNDS_DARK_MATTER,PEBBLES_XS,0.0013447099614395928,0.0013447099614395928,Galaxy sounds,Pebbles,False
PEBBLES_XL,TRANSLATOR_ASTRO_BLACK,0.0013389080263859047,0.0013389080263859047,Pebbles,Translators,False
PANEL_2X2,SLEEP_POD_SUEDE,-0.0013320186069174988,0.0013320186069174988,Panels,Sleep pods,False
MICROCHIP_RECTANGLE,UV_VISOR_MAGENTA,-0.001331202972463699,0.001331202972463699,Microchips,UV visors,False
PEBBLES_L,SLEEP_POD_NYLON,-0.0013296939941696046,0.0013296939941696046,Pebbles,Sleep pods,False
ROBOT_DISHES,ROBOT_LAUNDRY,0.0013027653879087461,0.0013027653879087461,Robots,Robots,True
ROBOT_VACUUMING,TRANSLATOR_ECLIPSE_CHARCOAL,0.00129902973507818,0.00129902973507818,Robots,Translators,False
PANEL_1X4,UV_VISOR_ORANGE,-0.0012927599755039778,0.0012927599755039778,Panels,UV visors,False
OXYGEN_SHAKE_MINT,TRANSLATOR_ASTRO_BLACK,0.0012875102031038059,0.0012875102031038059,Oxygen shakes,Translators,False
MICROCHIP_CIRCLE,OXYGEN_SHAKE_MORNING_BREATH,-0.0012849083683379432,0.0012849083683379432,Microchips,Oxygen shakes,False
GALAXY_SOUNDS_DARK_MATTER,GALAXY_SOUNDS_SOLAR_WINDS,-0.0012797463822740794,0.0012797463822740794,Galaxy sounds,Galaxy sounds,True
GALAXY_SOUNDS_PLANETARY_RINGS,PANEL_1X4,0.0012761930265602769,0.0012761930265602769,Galaxy sounds,Panels,False
PANEL_2X4,PEBBLES_XS,-0.0012738483016143261,0.0012738483016143261,Panels,Pebbles,False
ROBOT_DISHES,SNACKPACK_STRAWBERRY,-0.0012292539111431592,0.0012292539111431592,Robots,Snackpacks,False
GALAXY_SOUNDS_BLACK_HOLES,GALAXY_SOUNDS_PLANETARY_RINGS,0.0012020852702475011,0.0012020852702475011,Galaxy sounds,Galaxy sounds,True
PANEL_2X2,PANEL_4X4,0.0011990890398177628,0.0011990890398177628,Panels,Panels,True
GALAXY_SOUNDS_BLACK_HOLES,ROBOT_DISHES,0.0011990112216646509,0.0011990112216646509,Galaxy sounds,Robots,False
ROBOT_VACUUMING,UV_VISOR_ORANGE,0.0011951918174760389,0.0011951918174760389,Robots,UV visors,False
PEBBLES_XL,ROBOT_LAUNDRY,-0.0011888083759896606,0.0011888083759896606,Pebbles,Robots,False
GALAXY_SOUNDS_PLANETARY_RINGS,ROBOT_DISHES,-0.0011870833534673095,0.0011870833534673095,Galaxy sounds,Robots,False
OXYGEN_SHAKE_MINT,TRANSLATOR_VOID_BLUE,0.0011777823318321868,0.0011777823318321868,Oxygen shakes,Translators,False
OXYGEN_SHAKE_CHOCOLATE,PEBBLES_XL,0.0011729436817219938,0.0011729436817219938,Oxygen shakes,Pebbles,False
MICROCHIP_TRIANGLE,SLEEP_POD_POLYESTER,0.0011722035143962959,0.0011722035143962959,Microchips,Sleep pods,False
PEBBLES_S,TRANSLATOR_SPACE_GRAY,0.0011717251144249558,0.0011717251144249558,Pebbles,Translators,False
GALAXY_SOUNDS_DARK_MATTER,SLEEP_POD_LAMB_WOOL,-0.0011692778342266604,0.0011692778342266604,Galaxy sounds,Sleep pods,False
GALAXY_SOUNDS_SOLAR_FLAMES,UV_VISOR_AMBER,-0.0011603895171564923,0.0011603895171564923,Galaxy sounds,UV visors,False
UV_VISOR_AMBER,UV_VISOR_RED,-0.0011598589121357915,0.0011598589121357915,UV visors,UV visors,True
MICROCHIP_SQUARE,SLEEP_POD_SUEDE,-0.0011546791836191685,0.0011546791836191685,Microchips,Sleep pods,False
PANEL_1X4,TRANSLATOR_ASTRO_BLACK,-0.0011342723181647927,0.0011342723181647927,Panels,Translators,False
PEBBLES_XS,SNACKPACK_RASPBERRY,0.00112885196966855,0.00112885196966855,Pebbles,Snackpacks,False
MICROCHIP_SQUARE,UV_VISOR_MAGENTA,0.0011205126219533577,0.0011205126219533577,Microchips,UV visors,False
OXYGEN_SHAKE_CHOCOLATE,PANEL_1X4,-0.001114820893714704,0.001114820893714704,Oxygen shakes,Panels,False
PEBBLES_S,ROBOT_VACUUMING,-0.001106853301260847,0.001106853301260847,Pebbles,Robots,False
PEBBLES_L,TRANSLATOR_SPACE_GRAY,0.0010964661451938233,0.0010964661451938233,Pebbles,Translators,False
PEBBLES_L,TRANSLATOR_ASTRO_BLACK,-0.0010919335330304924,0.0010919335330304924,Pebbles,Translators,False
MICROCHIP_RECTANGLE,SLEEP_POD_LAMB_WOOL,0.0010870547789967552,0.0010870547789967552,Microchips,Sleep pods,False
SLEEP_POD_NYLON,UV_VISOR_ORANGE,0.001075375288719901,0.001075375288719901,Sleep pods,UV visors,False
PANEL_4X4,TRANSLATOR_GRAPHITE_MIST,-0.0010671736522706444,0.0010671736522706444,Panels,Translators,False
MICROCHIP_TRIANGLE,UV_VISOR_MAGENTA,-0.0010666587355082583,0.0010666587355082583,Microchips,UV visors,False
OXYGEN_SHAKE_CHOCOLATE,PANEL_1X2,0.001043930723854964,0.001043930723854964,Oxygen shakes,Panels,False
GALAXY_SOUNDS_BLACK_HOLES,PEBBLES_XL,-0.0010273643362117045,0.0010273643362117045,Galaxy sounds,Pebbles,False
OXYGEN_SHAKE_EVENING_BREATH,ROBOT_IRONING,-0.001012602379080182,0.001012602379080182,Oxygen shakes,Robots,False
MICROCHIP_TRIANGLE,TRANSLATOR_ASTRO_BLACK,-0.0009956362958014886,0.0009956362958014886,Microchips,Translators,False
GALAXY_SOUNDS_SOLAR_WINDS,ROBOT_DISHES,0.0009887457685997217,0.0009887457685997217,Galaxy sounds,Robots,False
ROBOT_LAUNDRY,SNACKPACK_STRAWBERRY,0.0009837500826438016,0.0009837500826438016,Robots,Snackpacks,False
GALAXY_SOUNDS_BLACK_HOLES,ROBOT_LAUNDRY,0.0009773403859631399,0.0009773403859631399,Galaxy sounds,Robots,False
PANEL_2X4,ROBOT_IRONING,-0.0009738205819862137,0.0009738205819862137,Panels,Robots,False
PANEL_1X4,SLEEP_POD_COTTON,0.0009520056498177671,0.0009520056498177671,Panels,Sleep pods,False
SNACKPACK_RASPBERRY,UV_VISOR_RED,0.0009201469755159595,0.0009201469755159595,Snackpacks,UV visors,False
OXYGEN_SHAKE_EVENING_BREATH,TRANSLATOR_VOID_BLUE,0.000916179440782078,0.000916179440782078,Oxygen shakes,Translators,False
ROBOT_LAUNDRY,TRANSLATOR_ASTRO_BLACK,0.0008940262781495512,0.0008940262781495512,Robots,Translators,False
OXYGEN_SHAKE_EVENING_BREATH,SLEEP_POD_POLYESTER,-0.0008907087893908122,0.0008907087893908122,Oxygen shakes,Sleep pods,False
OXYGEN_SHAKE_GARLIC,SNACKPACK_STRAWBERRY,0.0008899288946927521,0.0008899288946927521,Oxygen shakes,Snackpacks,False
GALAXY_SOUNDS_SOLAR_WINDS,ROBOT_IRONING,0.0008816599679958812,0.0008816599679958812,Galaxy sounds,Robots,False
PANEL_2X2,TRANSLATOR_VOID_BLUE,-0.0008760529222603281,0.0008760529222603281,Panels,Translators,False
MICROCHIP_SQUARE,TRANSLATOR_ECLIPSE_CHARCOAL,0.0008614433331397263,0.0008614433331397263,Microchips,Translators,False
GALAXY_SOUNDS_DARK_MATTER,TRANSLATOR_SPACE_GRAY,0.0008604681148002051,0.0008604681148002051,Galaxy sounds,Translators,False
MICROCHIP_SQUARE,OXYGEN_SHAKE_MINT,-0.0008394261851774031,0.0008394261851774031,Microchips,Oxygen shakes,False
ROBOT_IRONING,SLEEP_POD_LAMB_WOOL,0.0008377671554141452,0.0008377671554141452,Robots,Sleep pods,False
GALAXY_SOUNDS_SOLAR_FLAMES,PEBBLES_L,0.0008204213231828583,0.0008204213231828583,Galaxy sounds,Pebbles,False
SLEEP_POD_COTTON,TRANSLATOR_VOID_BLUE,-0.0008091120573640952,0.0008091120573640952,Sleep pods,Translators,False
OXYGEN_SHAKE_MORNING_BREATH,ROBOT_IRONING,0.0008087856454416488,0.0008087856454416488,Oxygen shakes,Robots,False
PEBBLES_S,UV_VISOR_AMBER,0.0008082179791997989,0.0008082179791997989,Pebbles,UV visors,False
OXYGEN_SHAKE_CHOCOLATE,SLEEP_POD_SUEDE,-0.0008054897675127074,0.0008054897675127074,Oxygen shakes,Sleep pods,False
PANEL_2X2,ROBOT_VACUUMING,-0.0008039920445400547,0.0008039920445400547,Panels,Robots,False
ROBOT_DISHES,TRANSLATOR_VOID_BLUE,-0.0008037533067293351,0.0008037533067293351,Robots,Translators,False
OXYGEN_SHAKE_MORNING_BREATH,UV_VISOR_RED,0.0007956918395765004,0.0007956918395765004,Oxygen shakes,UV visors,False
SLEEP_POD_LAMB_WOOL,TRANSLATOR_GRAPHITE_MIST,0.0007860090056094453,0.0007860090056094453,Sleep pods,Translators,False
SLEEP_POD_NYLON,TRANSLATOR_GRAPHITE_MIST,0.0007835868163125401,0.0007835868163125401,Sleep pods,Translators,False
MICROCHIP_TRIANGLE,PANEL_1X4,-0.000763930714427008,0.000763930714427008,Microchips,Panels,False
GALAXY_SOUNDS_SOLAR_FLAMES,MICROCHIP_OVAL,-0.000759682026166038,0.000759682026166038,Galaxy sounds,Microchips,False
GALAXY_SOUNDS_SOLAR_FLAMES,PEBBLES_XL,-0.0007513074801726494,0.0007513074801726494,Galaxy sounds,Pebbles,False
ROBOT_DISHES,ROBOT_IRONING,0.0007479580894770655,0.0007479580894770655,Robots,Robots,True
MICROCHIP_TRIANGLE,SLEEP_POD_NYLON,-0.0007321313448252278,0.0007321313448252278,Microchips,Sleep pods,False
MICROCHIP_TRIANGLE,SNACKPACK_PISTACHIO,0.0007095932927674415,0.0007095932927674415,Microchips,Snackpacks,False
MICROCHIP_CIRCLE,SLEEP_POD_NYLON,0.0006981299372235118,0.0006981299372235118,Microchips,Sleep pods,False
MICROCHIP_CIRCLE,OXYGEN_SHAKE_EVENING_BREATH,0.0006946341005698511,0.0006946341005698511,Microchips,Oxygen shakes,False
TRANSLATOR_SPACE_GRAY,UV_VISOR_MAGENTA,-0.0006868666626004006,0.0006868666626004006,Translators,UV visors,False
MICROCHIP_TRIANGLE,PANEL_4X4,-0.0006867063343037919,0.0006867063343037919,Microchips,Panels,False
MICROCHIP_OVAL,TRANSLATOR_VOID_BLUE,-0.000684630572570113,0.000684630572570113,Microchips,Translators,False
PEBBLES_S,SNACKPACK_CHOCOLATE,0.0006824317852433556,0.0006824317852433556,Pebbles,Snackpacks,False
MICROCHIP_TRIANGLE,ROBOT_MOPPING,-0.0006778187802817709,0.0006778187802817709,Microchips,Robots,False
GALAXY_SOUNDS_PLANETARY_RINGS,TRANSLATOR_ASTRO_BLACK,0.0006672511491051818,0.0006672511491051818,Galaxy sounds,Translators,False
MICROCHIP_CIRCLE,ROBOT_MOPPING,0.000665574305503064,0.000665574305503064,Microchips,Robots,False
MICROCHIP_RECTANGLE,UV_VISOR_ORANGE,-0.0006640908042285572,0.0006640908042285572,Microchips,UV visors,False
MICROCHIP_RECTANGLE,SLEEP_POD_SUEDE,-0.000658022896805557,0.000658022896805557,Microchips,Sleep pods,False
PEBBLES_S,UV_VISOR_YELLOW,-0.0006549365858604388,0.0006549365858604388,Pebbles,UV visors,False
PANEL_1X4,TRANSLATOR_VOID_BLUE,0.00065471712347508,0.00065471712347508,Panels,Translators,False
OXYGEN_SHAKE_GARLIC,PANEL_1X4,-0.0006503459253767687,0.0006503459253767687,Oxygen shakes,Panels,False
MICROCHIP_TRIANGLE,SLEEP_POD_LAMB_WOOL,0.0006319243836623333,0.0006319243836623333,Microchips,Sleep pods,False
MICROCHIP_RECTANGLE,OXYGEN_SHAKE_GARLIC,0.000631133542059863,0.000631133542059863,Microchips,Oxygen shakes,False
MICROCHIP_OVAL,PEBBLES_XS,0.0006305245135255583,0.0006305245135255583,Microchips,Pebbles,False
OXYGEN_SHAKE_MINT,PANEL_1X2,0.000618426138536103,0.000618426138536103,Oxygen shakes,Panels,False
OXYGEN_SHAKE_EVENING_BREATH,PEBBLES_M,0.0006098466212693779,0.0006098466212693779,Oxygen shakes,Pebbles,False
OXYGEN_SHAKE_MORNING_BREATH,UV_VISOR_AMBER,-0.0006052137484315265,0.0006052137484315265,Oxygen shakes,UV visors,False
ROBOT_DISHES,UV_VISOR_AMBER,-0.000603654040237648,0.000603654040237648,Robots,UV visors,False
GALAXY_SOUNDS_BLACK_HOLES,MICROCHIP_CIRCLE,0.0006028775181277303,0.0006028775181277303,Galaxy sounds,Microchips,False
SLEEP_POD_COTTON,UV_VISOR_ORANGE,0.0006008438225281107,0.0006008438225281107,Sleep pods,UV visors,False
MICROCHIP_SQUARE,ROBOT_LAUNDRY,0.000583356573931212,0.000583356573931212,Microchips,Robots,False
MICROCHIP_SQUARE,PANEL_2X2,-0.0005803002909662623,0.0005803002909662623,Microchips,Panels,False
MICROCHIP_CIRCLE,OXYGEN_SHAKE_CHOCOLATE,-0.0005802935177847137,0.0005802935177847137,Microchips,Oxygen shakes,False
OXYGEN_SHAKE_MINT,ROBOT_IRONING,-0.0005771800253928691,0.0005771800253928691,Oxygen shakes,Robots,False
MICROCHIP_CIRCLE,ROBOT_DISHES,0.0005753777990435574,0.0005753777990435574,Microchips,Robots,False
PEBBLES_L,TRANSLATOR_ECLIPSE_CHARCOAL,0.0005741422592290142,0.0005741422592290142,Pebbles,Translators,False
OXYGEN_SHAKE_CHOCOLATE,SLEEP_POD_LAMB_WOOL,-0.0005714217930889993,0.0005714217930889993,Oxygen shakes,Sleep pods,False
MICROCHIP_CIRCLE,SNACKPACK_CHOCOLATE,0.0005644389214186844,0.0005644389214186844,Microchips,Snackpacks,False
PANEL_1X4,TRANSLATOR_GRAPHITE_MIST,0.0005583745097668283,0.0005583745097668283,Panels,Translators,False
ROBOT_LAUNDRY,SLEEP_POD_POLYESTER,0.0005433839925207618,0.0005433839925207618,Robots,Sleep pods,False
PEBBLES_M,SLEEP_POD_LAMB_WOOL,0.0005395873617689154,0.0005395873617689154,Pebbles,Sleep pods,False
PEBBLES_L,ROBOT_IRONING,-0.000538933646079837,0.000538933646079837,Pebbles,Robots,False
ROBOT_MOPPING,UV_VISOR_MAGENTA,-0.0005206247470785721,0.0005206247470785721,Robots,UV visors,False
OXYGEN_SHAKE_MINT,SNACKPACK_CHOCOLATE,-0.0005127893329895086,0.0005127893329895086,Oxygen shakes,Snackpacks,False
SLEEP_POD_LAMB_WOOL,UV_VISOR_AMBER,-0.0005066190089427642,0.0005066190089427642,Sleep pods,UV visors,False
PEBBLES_M,TRANSLATOR_GRAPHITE_MIST,0.0005066045579725869,0.0005066045579725869,Pebbles,Translators,False
PANEL_2X2,UV_VISOR_MAGENTA,0.0004964486379594403,0.0004964486379594403,Panels,UV visors,False
PEBBLES_XL,SNACKPACK_PISTACHIO,-0.000489730122424214,0.000489730122424214,Pebbles,Snackpacks,False
GALAXY_SOUNDS_BLACK_HOLES,UV_VISOR_YELLOW,-0.00047149511014441756,0.00047149511014441756,Galaxy sounds,UV visors,False
GALAXY_SOUNDS_SOLAR_WINDS,TRANSLATOR_SPACE_GRAY,-0.00046565021159482506,0.00046565021159482506,Galaxy sounds,Translators,False
PEBBLES_XS,ROBOT_MOPPING,0.0004638385751647354,0.0004638385751647354,Pebbles,Robots,False
MICROCHIP_SQUARE,PEBBLES_M,0.00044963075374204563,0.00044963075374204563,Microchips,Pebbles,False
MICROCHIP_CIRCLE,ROBOT_VACUUMING,-0.00044599426198419683,0.00044599426198419683,Microchips,Robots,False
PEBBLES_S,SNACKPACK_STRAWBERRY,-0.0004301484185995262,0.0004301484185995262,Pebbles,Snackpacks,False
PANEL_2X2,ROBOT_MOPPING,0.0004284858226089957,0.0004284858226089957,Panels,Robots,False
PEBBLES_XS,SLEEP_POD_COTTON,-0.0004273036049120175,0.0004273036049120175,Pebbles,Sleep pods,False
ROBOT_VACUUMING,TRANSLATOR_ASTRO_BLACK,0.0004214346839490048,0.0004214346839490048,Robots,Translators,False
PEBBLES_XS,SLEEP_POD_SUEDE,0.00038586714134221953,0.00038586714134221953,Pebbles,Sleep pods,False
SNACKPACK_RASPBERRY,TRANSLATOR_ECLIPSE_CHARCOAL,0.000385156918966671,0.000385156918966671,Snackpacks,Translators,False
TRANSLATOR_GRAPHITE_MIST,UV_VISOR_AMBER,0.00038359939030573493,0.00038359939030573493,Translators,UV visors,False
PANEL_1X2,TRANSLATOR_GRAPHITE_MIST,-0.0003744070813431541,0.0003744070813431541,Panels,Translators,False
PANEL_1X4,PANEL_4X4,0.00036640896231806815,0.00036640896231806815,Panels,Panels,True
GALAXY_SOUNDS_SOLAR_WINDS,PANEL_1X4,-0.0003629050962738665,0.0003629050962738665,Galaxy sounds,Panels,False
PEBBLES_XS,ROBOT_DISHES,-0.0003488334658399457,0.0003488334658399457,Pebbles,Robots,False
PEBBLES_XS,SLEEP_POD_NYLON,0.00033139030829524175,0.00033139030829524175,Pebbles,Sleep pods,False
GALAXY_SOUNDS_PLANETARY_RINGS,UV_VISOR_AMBER,0.0003209259375453444,0.0003209259375453444,Galaxy sounds,UV visors,False
ROBOT_IRONING,ROBOT_MOPPING,-0.0003197952788483399,0.0003197952788483399,Robots,Robots,True
MICROCHIP_OVAL,TRANSLATOR_GRAPHITE_MIST,-0.0003182432932526558,0.0003182432932526558,Microchips,Translators,False
PANEL_4X4,TRANSLATOR_ASTRO_BLACK,0.00031295069514100275,0.00031295069514100275,Panels,Translators,False
OXYGEN_SHAKE_MORNING_BREATH,SLEEP_POD_POLYESTER,-0.0003090491011110209,0.0003090491011110209,Oxygen shakes,Sleep pods,False
PANEL_4X4,UV_VISOR_YELLOW,0.00029848612969606486,0.00029848612969606486,Panels,UV visors,False
PEBBLES_S,SLEEP_POD_SUEDE,-0.0002965326679583167,0.0002965326679583167,Pebbles,Sleep pods,False
PEBBLES_XS,SLEEP_POD_LAMB_WOOL,0.0002755433025695774,0.0002755433025695774,Pebbles,Sleep pods,False
PANEL_4X4,ROBOT_DISHES,0.0002719641491619402,0.0002719641491619402,Panels,Robots,False
SLEEP_POD_SUEDE,UV_VISOR_MAGENTA,0.0002703721335232351,0.0002703721335232351,Sleep pods,UV visors,False
GALAXY_SOUNDS_DARK_MATTER,SLEEP_POD_NYLON,-0.0002630157926279149,0.0002630157926279149,Galaxy sounds,Sleep pods,False
MICROCHIP_RECTANGLE,SLEEP_POD_NYLON,0.0002541706532767355,0.0002541706532767355,Microchips,Sleep pods,False
PEBBLES_XL,ROBOT_MOPPING,-0.0002519172045954792,0.0002519172045954792,Pebbles,Robots,False
MICROCHIP_TRIANGLE,UV_VISOR_AMBER,-0.0002444309942695504,0.0002444309942695504,Microchips,UV visors,False
MICROCHIP_OVAL,SNACKPACK_PISTACHIO,0.00024340155823111056,0.00024340155823111056,Microchips,Snackpacks,False
ROBOT_VACUUMING,UV_VISOR_AMBER,-0.00023629774991588973,0.00023629774991588973,Robots,UV visors,False
PEBBLES_S,ROBOT_IRONING,-0.00022524615173669972,0.00022524615173669972,Pebbles,Robots,False
PEBBLES_XL,ROBOT_IRONING,-0.0002194680310171872,0.0002194680310171872,Pebbles,Robots,False
GALAXY_SOUNDS_SOLAR_FLAMES,ROBOT_DISHES,0.00021507690504474536,0.00021507690504474536,Galaxy sounds,Robots,False
OXYGEN_SHAKE_GARLIC,TRANSLATOR_SPACE_GRAY,0.0002107450962282656,0.0002107450962282656,Oxygen shakes,Translators,False
PANEL_2X2,TRANSLATOR_SPACE_GRAY,0.0002088955007656824,0.0002088955007656824,Panels,Translators,False
GALAXY_SOUNDS_DARK_MATTER,MICROCHIP_TRIANGLE,0.00020351835903991528,0.00020351835903991528,Galaxy sounds,Microchips,False
GALAXY_SOUNDS_SOLAR_FLAMES,PANEL_4X4,-0.00019606116152708943,0.00019606116152708943,Galaxy sounds,Panels,False
SLEEP_POD_LAMB_WOOL,UV_VISOR_YELLOW,0.00019364139236668397,0.00019364139236668397,Sleep pods,UV visors,False
OXYGEN_SHAKE_EVENING_BREATH,PEBBLES_L,-0.000192052647726268,0.000192052647726268,Oxygen shakes,Pebbles,False
SLEEP_POD_COTTON,SLEEP_POD_SUEDE,-0.00018230618505010146,0.00018230618505010146,Sleep pods,Sleep pods,True
GALAXY_SOUNDS_PLANETARY_RINGS,GALAXY_SOUNDS_SOLAR_WINDS,0.00017962260869420067,0.00017962260869420067,Galaxy sounds,Galaxy sounds,True
OXYGEN_SHAKE_GARLIC,PEBBLES_L,0.00017582681777889229,0.00017582681777889229,Oxygen shakes,Pebbles,False
OXYGEN_SHAKE_GARLIC,ROBOT_DISHES,-0.0001757137261384576,0.0001757137261384576,Oxygen shakes,Robots,False
GALAXY_SOUNDS_BLACK_HOLES,TRANSLATOR_SPACE_GRAY,0.00016966527919266144,0.00016966527919266144,Galaxy sounds,Translators,False
SLEEP_POD_NYLON,SNACKPACK_STRAWBERRY,0.00013015265776367696,0.00013015265776367696,Sleep pods,Snackpacks,False
GALAXY_SOUNDS_BLACK_HOLES,PEBBLES_M,-0.00011202110644646066,0.00011202110644646066,Galaxy sounds,Pebbles,False
GALAXY_SOUNDS_BLACK_HOLES,GALAXY_SOUNDS_DARK_MATTER,0.00010893424446686614,0.00010893424446686614,Galaxy sounds,Galaxy sounds,True
OXYGEN_SHAKE_CHOCOLATE,ROBOT_DISHES,0.0001042301122487834,0.0001042301122487834,Oxygen shakes,Robots,False
ROBOT_MOPPING,TRANSLATOR_ASTRO_BLACK,8.824355375405322e-05,8.824355375405322e-05,Robots,Translators,False
ROBOT_IRONING,SLEEP_POD_POLYESTER,7.640339018730888e-05,7.640339018730888e-05,Robots,Sleep pods,False
OXYGEN_SHAKE_MORNING_BREATH,PEBBLES_S,6.655539218978362e-05,6.655539218978362e-05,Oxygen shakes,Pebbles,False
PEBBLES_S,SNACKPACK_PISTACHIO,6.46520635232828e-05,6.46520635232828e-05,Pebbles,Snackpacks,False
PANEL_1X2,PEBBLES_M,4.788189917781035e-05,4.788189917781035e-05,Panels,Pebbles,False
PEBBLES_L,ROBOT_MOPPING,4.240103836011601e-05,4.240103836011601e-05,Pebbles,Robots,False
GALAXY_SOUNDS_PLANETARY_RINGS,MICROCHIP_RECTANGLE,1.0954808116931801e-05,1.0954808116931801e-05,Galaxy sounds,Microchips,False
MICROCHIP_OVAL,TRANSLATOR_ASTRO_BLACK,8.356281393297887e-06,8.356281393297887e-06,Microchips,Translators,False
OXYGEN_SHAKE_EVENING_BREATH,ROBOT_LAUNDRY,-8.152126460973205e-06,8.152126460973205e-06,Oxygen shakes,Robots,False
PANEL_1X2,PEBBLES_S,5.919789442532461e-06,5.919789442532461e-06,Panels,Pebbles,False
MICROCHIP_OVAL,SNACKPACK_STRAWBERRY,5.100640135624469e-06,5.100640135624469e-06,Microchips,Snackpacks,False
