product_a,product_b,correlation,abs_correlation,category_a,category_b,same_category
PEBBLES_XS,UV_VISOR_AMBER,0.9582978958301704,0.9582978958301704,Pebbles,UV visors,False
SLEEP_POD_POLYESTER,UV_VISOR_AMBER,-0.940922047238229,0.940922047238229,Sleep pods,UV visors,False
SNACKPACK_CHOCOLATE,SNACKPACK_VANILLA,-0.9258729584924743,0.9258729584924743,Snackpacks,Snackpacks,True
MICROCHIP_SQUARE,SLEEP_POD_SUEDE,0.9184890103606063,0.9184890103606063,Microchips,Sleep pods,False
MICROCHIP_SQUARE,UV_VISOR_AMBER,-0.9141512704655098,0.9141512704655098,Microchips,UV visors,False
MICROCHIP_SQUARE,PEBBLES_XS,-0.9137680533902138,0.9137680533902138,Microchips,Pebbles,False
SNACKPACK_STRAWBERRY,UV_VISOR_AMBER,-0.8936286230056407,0.8936286230056407,Snackpacks,UV visors,False
PEBBLES_XS,SLEEP_POD_POLYESTER,-0.8932897560346159,0.8932897560346159,Pebbles,Sleep pods,False
SLEEP_POD_SUEDE,UV_VISOR_AMBER,-0.8909262809414851,0.8909262809414851,Sleep pods,UV visors,False
GALAXY_SOUNDS_BLACK_HOLES,OXYGEN_SHAKE_GARLIC,0.8853271795478015,0.8853271795478015,Galaxy sounds,Oxygen shakes,False
GALAXY_SOUNDS_BLACK_HOLES,PEBBLES_S,-0.8850039410192105,0.8850039410192105,Galaxy sounds,Pebbles,False
OXYGEN_SHAKE_GARLIC,PEBBLES_S,-0.8840357726465093,0.8840357726465093,Oxygen shakes,Pebbles,False
MICROCHIP_OVAL,ROBOT_IRONING,0.8823250697613839,0.8823250697613839,Microchips,Robots,False
MICROCHIP_RECTANGLE,MICROCHIP_SQUARE,-0.8822983028170499,0.8822983028170499,Microchips,Microchips,True
MICROCHIP_SQUARE,SLEEP_POD_POLYESTER,0.8793993760667139,0.8793993760667139,Microchips,Sleep pods,False
PEBBLES_XS,SLEEP_POD_SUEDE,-0.879139456549453,0.879139456549453,Pebbles,Sleep pods,False
MICROCHIP_OVAL,PEBBLES_S,0.8780761677026365,0.8780761677026365,Microchips,Pebbles,False
PANEL_2X4,PEBBLES_XL,0.8762561570063178,0.8762561570063178,Panels,Pebbles,False
SLEEP_POD_COTTON,SLEEP_POD_POLYESTER,0.8752369904279045,0.8752369904279045,Sleep pods,Sleep pods,True
PANEL_1X4,ROBOT_MOPPING,-0.8751482757175731,0.8751482757175731,Panels,Robots,False
SLEEP_POD_POLYESTER,SNACKPACK_STRAWBERRY,0.8751293286642039,0.8751293286642039,Sleep pods,Snackpacks,False
MICROCHIP_OVAL,UV_VISOR_AMBER,0.8712661769666958,0.8712661769666958,Microchips,UV visors,False
MICROCHIP_OVAL,ROBOT_VACUUMING,0.8709724095252637,0.8709724095252637,Microchips,Robots,False
MICROCHIP_OVAL,MICROCHIP_TRIANGLE,0.8704587961153705,0.8704587961153705,Microchips,Microchips,True
MICROCHIP_OVAL,PEBBLES_XS,0.8704321037497369,0.8704321037497369,Microchips,Pebbles,False
UV_VISOR_AMBER,UV_VISOR_MAGENTA,-0.867276220686244,0.867276220686244,UV visors,UV visors,True
MICROCHIP_OVAL,ROBOT_LAUNDRY,0.8618805243307176,0.8618805243307176,Microchips,Robots,False
PANEL_2X4,PEBBLES_XS,-0.8596683206195257,0.8596683206195257,Panels,Pebbles,False
SLEEP_POD_POLYESTER,SLEEP_POD_SUEDE,0.859616647598686,0.859616647598686,Sleep pods,Sleep pods,True
GALAXY_SOUNDS_BLACK_HOLES,MICROCHIP_OVAL,-0.8586018644290404,0.8586018644290404,Galaxy sounds,Microchips,False
SLEEP_POD_POLYESTER,UV_VISOR_MAGENTA,0.8582018081201666,0.8582018081201666,Sleep pods,UV visors,False
OXYGEN_SHAKE_MORNING_BREATH,PEBBLES_M,-0.8576457785535174,0.8576457785535174,Oxygen shakes,Pebbles,False
MICROCHIP_TRIANGLE,ROBOT_LAUNDRY,0.856255321075568,0.856255321075568,Microchips,Robots,False
OXYGEN_SHAKE_GARLIC,PEBBLES_XL,0.8531837227851208,0.8531837227851208,Oxygen shakes,Pebbles,False
MICROCHIP_TRIANGLE,UV_VISOR_RED,-0.8523548245067996,0.8523548245067996,Microchips,UV visors,False
PEBBLES_XS,ROBOT_VACUUMING,0.8519409506156891,0.8519409506156891,Pebbles,Robots,False
PEBBLES_XS,SNACKPACK_STRAWBERRY,-0.8504540181304768,0.8504540181304768,Pebbles,Snackpacks,False
PANEL_1X4,ROBOT_IRONING,0.848613214869583,0.848613214869583,Panels,Robots,False
SLEEP_POD_SUEDE,UV_VISOR_MAGENTA,0.8479262583205713,0.8479262583205713,Sleep pods,UV visors,False
MICROCHIP_OVAL,OXYGEN_SHAKE_GARLIC,-0.8468219501354766,0.8468219501354766,Microchips,Oxygen shakes,False
PEBBLES_XS,UV_VISOR_MAGENTA,-0.8456362211136017,0.8456362211136017,Pebbles,UV visors,False
PANEL_2X2,ROBOT_LAUNDRY,0.8438259735102406,0.8438259735102406,Panels,Robots,False
MICROCHIP_RECTANGLE,PEBBLES_XS,0.8430428409745448,0.8430428409745448,Microchips,Pebbles,False
OXYGEN_SHAKE_GARLIC,PANEL_2X4,0.8428359272688238,0.8428359272688238,Oxygen shakes,Panels,False
GALAXY_SOUNDS_BLACK_HOLES,MICROCHIP_TRIANGLE,-0.8418525444606354,0.8418525444606354,Galaxy sounds,Microchips,False
GALAXY_SOUNDS_BLACK_HOLES,ROBOT_DISHES,0.8391011310368544,0.8391011310368544,Galaxy sounds,Robots,False
ROBOT_VACUUMING,UV_VISOR_AMBER,0.8374542581515411,0.8374542581515411,Robots,UV visors,False
PEBBLES_S,PEBBLES_XL,-0.8343570524569902,0.8343570524569902,Pebbles,Pebbles,True
MICROCHIP_TRIANGLE,PEBBLES_S,0.8336147596497361,0.8336147596497361,Microchips,Pebbles,False
PEBBLES_XS,TRANSLATOR_VOID_BLUE,-0.8315898594636075,0.8315898594636075,Pebbles,Translators,False
OXYGEN_SHAKE_GARLIC,PEBBLES_XS,-0.8305130023651318,0.8305130023651318,Oxygen shakes,Pebbles,False
SLEEP_POD_COTTON,UV_VISOR_AMBER,-0.8303442504606434,0.8303442504606434,Sleep pods,UV visors,False
TRANSLATOR_VOID_BLUE,UV_VISOR_AMBER,-0.829784978200612,0.829784978200612,Translators,UV visors,False
MICROCHIP_CIRCLE,OXYGEN_SHAKE_CHOCOLATE,0.829620618428056,0.829620618428056,Microchips,Oxygen shakes,False
PANEL_2X4,PEBBLES_S,-0.8293050407569393,0.8293050407569393,Panels,Pebbles,False
GALAXY_SOUNDS_SOLAR_WINDS,PANEL_1X4,-0.8286971105314049,0.8286971105314049,Galaxy sounds,Panels,False
PEBBLES_S,ROBOT_DISHES,-0.8286543429403209,0.8286543429403209,Pebbles,Robots,False
MICROCHIP_OVAL,ROBOT_DISHES,-0.8284567818569836,0.8284567818569836,Microchips,Robots,False
PEBBLES_XL,PEBBLES_XS,-0.8275696574563158,0.8275696574563158,Pebbles,Pebbles,True
MICROCHIP_SQUARE,UV_VISOR_MAGENTA,0.8274619003372925,0.8274619003372925,Microchips,UV visors,False
SLEEP_POD_SUEDE,TRANSLATOR_ASTRO_BLACK,-0.8231538093263282,0.8231538093263282,Sleep pods,Translators,False
OXYGEN_SHAKE_GARLIC,UV_VISOR_AMBER,-0.8222009772221798,0.8222009772221798,Oxygen shakes,UV visors,False
TRANSLATOR_VOID_BLUE,UV_VISOR_MAGENTA,0.8216761167539443,0.8216761167539443,Translators,UV visors,False
SLEEP_POD_SUEDE,TRANSLATOR_VOID_BLUE,0.8184613674229054,0.8184613674229054,Sleep pods,Translators,False
MICROCHIP_OVAL,PANEL_2X4,-0.8183961951068052,0.8183961951068052,Microchips,Panels,False
PANEL_2X2,UV_VISOR_RED,-0.8174364371646687,0.8174364371646687,Panels,UV visors,False
MICROCHIP_SQUARE,TRANSLATOR_ASTRO_BLACK,-0.817330991435823,0.817330991435823,Microchips,Translators,False
OXYGEN_SHAKE_MORNING_BREATH,ROBOT_MOPPING,-0.817303816285805,0.817303816285805,Oxygen shakes,Robots,False
MICROCHIP_OVAL,PANEL_1X4,0.8166443442110974,0.8166443442110974,Microchips,Panels,False
PEBBLES_M,ROBOT_IRONING,-0.8165655606171345,0.8165655606171345,Pebbles,Robots,False
ROBOT_DISHES,UV_VISOR_AMBER,-0.8164104852697858,0.8164104852697858,Robots,UV visors,False
OXYGEN_SHAKE_GARLIC,ROBOT_IRONING,-0.8160682789960129,0.8160682789960129,Oxygen shakes,Robots,False
MICROCHIP_RECTANGLE,TRANSLATOR_ASTRO_BLACK,0.8159876203984737,0.8159876203984737,Microchips,Translators,False
ROBOT_IRONING,ROBOT_MOPPING,-0.8151808624074377,0.8151808624074377,Robots,Robots,True
MICROCHIP_RECTANGLE,UV_VISOR_AMBER,0.815167015574911,0.815167015574911,Microchips,UV visors,False
MICROCHIP_RECTANGLE,SLEEP_POD_SUEDE,-0.8149470449702226,0.8149470449702226,Microchips,Sleep pods,False
PEBBLES_S,UV_VISOR_AMBER,0.8133455924672123,0.8133455924672123,Pebbles,UV visors,False
GALAXY_SOUNDS_BLACK_HOLES,PANEL_2X4,0.8121814965157859,0.8121814965157859,Galaxy sounds,Panels,False
MICROCHIP_OVAL,SLEEP_POD_POLYESTER,-0.8116943192533354,0.8116943192533354,Microchips,Sleep pods,False
PANEL_2X4,UV_VISOR_AMBER,-0.8106920449084077,0.8106920449084077,Panels,UV visors,False
OXYGEN_SHAKE_MORNING_BREATH,PANEL_1X4,0.8105477188395908,0.8105477188395908,Oxygen shakes,Panels,False
PEBBLES_XL,TRANSLATOR_VOID_BLUE,0.80936933351071,0.80936933351071,Pebbles,Translators,False
PEBBLES_S,UV_VISOR_RED,-0.8055990789602336,0.8055990789602336,Pebbles,UV visors,False
PEBBLES_XS,ROBOT_IRONING,0.8048960333956806,0.8048960333956806,Pebbles,Robots,False
MICROCHIP_SQUARE,ROBOT_VACUUMING,-0.8045050636580683,0.8045050636580683,Microchips,Robots,False
ROBOT_VACUUMING,SLEEP_POD_SUEDE,-0.80397569890635,0.80397569890635,Robots,Sleep pods,False
SNACKPACK_STRAWBERRY,TRANSLATOR_VOID_BLUE,0.8037969997139928,0.8037969997139928,Snackpacks,Translators,False
MICROCHIP_SQUARE,SNACKPACK_STRAWBERRY,0.8027321331292617,0.8027321331292617,Microchips,Snackpacks,False
PEBBLES_XL,ROBOT_DISHES,0.8022741865997045,0.8022741865997045,Pebbles,Robots,False
PANEL_1X4,ROBOT_VACUUMING,0.8011146224505525,0.8011146224505525,Panels,Robots,False
MICROCHIP_TRIANGLE,PANEL_2X2,0.8010630552645792,0.8010630552645792,Microchips,Panels,False
ROBOT_LAUNDRY,UV_VISOR_RED,-0.8008478558209796,0.8008478558209796,Robots,UV visors,False
OXYGEN_SHAKE_MORNING_BREATH,ROBOT_IRONING,0.8007975254302824,0.8007975254302824,Oxygen shakes,Robots,False
PANEL_1X4,PEBBLES_M,-0.7998101447914866,0.7998101447914866,Panels,Pebbles,False
PEBBLES_S,PEBBLES_XS,0.7982724958895949,0.7982724958895949,Pebbles,Pebbles,True
OXYGEN_SHAKE_GARLIC,ROBOT_DISHES,0.7980981421412504,0.7980981421412504,Oxygen shakes,Robots,False
ROBOT_IRONING,UV_VISOR_AMBER,0.7978815397948072,0.7978815397948072,Robots,UV visors,False
ROBOT_VACUUMING,SLEEP_POD_POLYESTER,-0.7969745943374782,0.7969745943374782,Robots,Sleep pods,False
PEBBLES_S,ROBOT_IRONING,0.7963168670601876,0.7963168670601876,Pebbles,Robots,False
MICROCHIP_TRIANGLE,ROBOT_DISHES,-0.7938637038695279,0.7938637038695279,Microchips,Robots,False
PEBBLES_XL,UV_VISOR_AMBER,-0.7928797234142737,0.7928797234142737,Pebbles,UV visors,False
GALAXY_SOUNDS_BLACK_HOLES,UV_VISOR_AMBER,-0.7920437047999511,0.7920437047999511,Galaxy sounds,UV visors,False
OXYGEN_SHAKE_MORNING_BREATH,ROBOT_VACUUMING,0.7917630882997029,0.7917630882997029,Oxygen shakes,Robots,False
MICROCHIP_TRIANGLE,SLEEP_POD_NYLON,-0.7911452316152932,0.7911452316152932,Microchips,Sleep pods,False
PEBBLES_XS,TRANSLATOR_ASTRO_BLACK,0.7907393109784717,0.7907393109784717,Pebbles,Translators,False
PANEL_2X4,ROBOT_DISHES,0.7902080569616969,0.7902080569616969,Panels,Robots,False
ROBOT_MOPPING,SLEEP_POD_COTTON,0.7889264241204287,0.7889264241204287,Robots,Sleep pods,False
ROBOT_LAUNDRY,ROBOT_VACUUMING,0.7874170941198099,0.7874170941198099,Robots,Robots,True
MICROCHIP_OVAL,UV_VISOR_RED,-0.7868407372622785,0.7868407372622785,Microchips,UV visors,False
ROBOT_LAUNDRY,SLEEP_POD_COTTON,-0.7868144726779778,0.7868144726779778,Robots,Sleep pods,False
ROBOT_MOPPING,ROBOT_VACUUMING,-0.7859963971773692,0.7859963971773692,Robots,Robots,True
PEBBLES_XS,SLEEP_POD_COTTON,-0.7848666507600435,0.7848666507600435,Pebbles,Sleep pods,False
ROBOT_IRONING,ROBOT_VACUUMING,0.7842396148598797,0.7842396148598797,Robots,Robots,True
MICROCHIP_OVAL,SLEEP_POD_COTTON,-0.7841495777114258,0.7841495777114258,Microchips,Sleep pods,False
GALAXY_SOUNDS_SOLAR_WINDS,PEBBLES_M,0.7822481934929199,0.7822481934929199,Galaxy sounds,Pebbles,False
MICROCHIP_RECTANGLE,UV_VISOR_MAGENTA,-0.7819632403709399,0.7819632403709399,Microchips,UV visors,False
PEBBLES_S,ROBOT_LAUNDRY,0.7808902663347627,0.7808902663347627,Pebbles,Robots,False
PEBBLES_XS,ROBOT_DISHES,-0.7792198930216516,0.7792198930216516,Pebbles,Robots,False
GALAXY_SOUNDS_BLACK_HOLES,PEBBLES_XL,0.7768906266069342,0.7768906266069342,Galaxy sounds,Pebbles,False
PEBBLES_M,ROBOT_MOPPING,0.7765468054075452,0.7765468054075452,Pebbles,Robots,False
ROBOT_IRONING,SNACKPACK_PISTACHIO,0.7751254961271404,0.7751254961271404,Robots,Snackpacks,False
OXYGEN_SHAKE_MORNING_BREATH,PEBBLES_XS,0.7743458237149412,0.7743458237149412,Oxygen shakes,Pebbles,False
OXYGEN_SHAKE_GARLIC,TRANSLATOR_SPACE_GRAY,-0.773218586300963,0.773218586300963,Oxygen shakes,Translators,False
GALAXY_SOUNDS_SOLAR_WINDS,ROBOT_VACUUMING,-0.7709681712645168,0.7709681712645168,Galaxy sounds,Robots,False
SLEEP_POD_SUEDE,SNACKPACK_STRAWBERRY,0.7705282254494048,0.7705282254494048,Sleep pods,Snackpacks,False
OXYGEN_SHAKE_GARLIC,SNACKPACK_STRAWBERRY,0.7694822499086116,0.7694822499086116,Oxygen shakes,Snackpacks,False
ROBOT_IRONING,SLEEP_POD_COTTON,-0.7689231680639341,0.7689231680639341,Robots,Sleep pods,False
GALAXY_SOUNDS_BLACK_HOLES,SLEEP_POD_POLYESTER,0.7683136709905268,0.7683136709905268,Galaxy sounds,Sleep pods,False
GALAXY_SOUNDS_DARK_MATTER,UV_VISOR_YELLOW,0.7680734649521075,0.7680734649521075,Galaxy sounds,UV visors,False
PANEL_1X4,SLEEP_POD_COTTON,-0.7678556161943899,0.7678556161943899,Panels,Sleep pods,False
GALAXY_SOUNDS_BLACK_HOLES,ROBOT_IRONING,-0.7676372169189644,0.7676372169189644,Galaxy sounds,Robots,False
GALAXY_SOUNDS_SOLAR_WINDS,OXYGEN_SHAKE_MORNING_BREATH,-0.7674202365289065,0.7674202365289065,Galaxy sounds,Oxygen shakes,False
PEBBLES_XS,SNACKPACK_PISTACHIO,0.7671828844239461,0.7671828844239461,Pebbles,Snackpacks,False
OXYGEN_SHAKE_MINT,PANEL_2X2,0.7666576403261088,0.7666576403261088,Oxygen shakes,Panels,False
GALAXY_SOUNDS_BLACK_HOLES,ROBOT_LAUNDRY,-0.7658528120874581,0.7658528120874581,Galaxy sounds,Robots,False
SLEEP_POD_POLYESTER,TRANSLATOR_VOID_BLUE,0.7638003650840166,0.7638003650840166,Sleep pods,Translators,False
MICROCHIP_SQUARE,SLEEP_POD_COTTON,0.7609212166578944,0.7609212166578944,Microchips,Sleep pods,False
PANEL_1X4,ROBOT_LAUNDRY,0.7608911842782806,0.7608911842782806,Panels,Robots,False
SNACKPACK_STRAWBERRY,UV_VISOR_MAGENTA,0.7608468838501626,0.7608468838501626,Snackpacks,UV visors,False
MICROCHIP_SQUARE,TRANSLATOR_VOID_BLUE,0.7593042493187506,0.7593042493187506,Microchips,Translators,False
PEBBLES_XL,TRANSLATOR_SPACE_GRAY,-0.7589601652770369,0.7589601652770369,Pebbles,Translators,False
PEBBLES_S,SLEEP_POD_POLYESTER,-0.758772806818883,0.758772806818883,Pebbles,Sleep pods,False
MICROCHIP_RECTANGLE,SLEEP_POD_POLYESTER,-0.7587253658740248,0.7587253658740248,Microchips,Sleep pods,False
PANEL_2X4,ROBOT_IRONING,-0.7583356675571199,0.7583356675571199,Panels,Robots,False
PANEL_2X4,ROBOT_VACUUMING,-0.7571509148185327,0.7571509148185327,Panels,Robots,False
SLEEP_POD_NYLON,UV_VISOR_RED,0.7571102490031208,0.7571102490031208,Sleep pods,UV visors,False
PANEL_2X4,SNACKPACK_STRAWBERRY,0.7566473112899228,0.7566473112899228,Panels,Snackpacks,False
OXYGEN_SHAKE_GARLIC,SNACKPACK_PISTACHIO,-0.756486504378544,0.756486504378544,Oxygen shakes,Snackpacks,False
MICROCHIP_RECTANGLE,OXYGEN_SHAKE_MORNING_BREATH,0.7559148528822012,0.7559148528822012,Microchips,Oxygen shakes,False
MICROCHIP_TRIANGLE,OXYGEN_SHAKE_CHOCOLATE,-0.7546239606054784,0.7546239606054784,Microchips,Oxygen shakes,False
MICROCHIP_OVAL,PEBBLES_M,-0.754592312779536,0.754592312779536,Microchips,Pebbles,False
MICROCHIP_SQUARE,OXYGEN_SHAKE_MORNING_BREATH,-0.7544694625233167,0.7544694625233167,Microchips,Oxygen shakes,False
ROBOT_IRONING,SLEEP_POD_POLYESTER,-0.7538145475205693,0.7538145475205693,Robots,Sleep pods,False
PEBBLES_M,ROBOT_VACUUMING,-0.7526183267467405,0.7526183267467405,Pebbles,Robots,False
GALAXY_SOUNDS_SOLAR_WINDS,MICROCHIP_OVAL,-0.7515254980346224,0.7515254980346224,Galaxy sounds,Microchips,False
PANEL_2X4,SLEEP_POD_POLYESTER,0.7512373719567124,0.7512373719567124,Panels,Sleep pods,False
MICROCHIP_OVAL,SNACKPACK_PISTACHIO,0.7508979601180317,0.7508979601180317,Microchips,Snackpacks,False
OXYGEN_SHAKE_CHOCOLATE,SLEEP_POD_NYLON,0.7507323629390209,0.7507323629390209,Oxygen shakes,Sleep pods,False
MICROCHIP_OVAL,OXYGEN_SHAKE_MORNING_BREATH,0.750566079639295,0.750566079639295,Microchips,Oxygen shakes,False
SLEEP_POD_COTTON,UV_VISOR_MAGENTA,0.7500784992287248,0.7500784992287248,Sleep pods,UV visors,False
GALAXY_SOUNDS_BLACK_HOLES,UV_VISOR_RED,0.7489310512142338,0.7489310512142338,Galaxy sounds,UV visors,False
SLEEP_POD_COTTON,SNACKPACK_STRAWBERRY,0.7470334409680185,0.7470334409680185,Sleep pods,Snackpacks,False
GALAXY_SOUNDS_SOLAR_WINDS,ROBOT_MOPPING,0.7469166225171857,0.7469166225171857,Galaxy sounds,Robots,False
ROBOT_DISHES,SNACKPACK_STRAWBERRY,0.7466893406132018,0.7466893406132018,Robots,Snackpacks,False
GALAXY_SOUNDS_BLACK_HOLES,PEBBLES_XS,-0.7440635400272865,0.7440635400272865,Galaxy sounds,Pebbles,False
PANEL_2X4,UV_VISOR_MAGENTA,0.7437802350724567,0.7437802350724567,Panels,UV visors,False
MICROCHIP_TRIANGLE,OXYGEN_SHAKE_GARLIC,-0.7434323449795281,0.7434323449795281,Microchips,Oxygen shakes,False
MICROCHIP_OVAL,SNACKPACK_STRAWBERRY,-0.7417315651443858,0.7417315651443858,Microchips,Snackpacks,False
ROBOT_DISHES,SLEEP_POD_POLYESTER,0.7411806333488463,0.7411806333488463,Robots,Sleep pods,False
PEBBLES_XL,SNACKPACK_STRAWBERRY,0.7403991118977369,0.7403991118977369,Pebbles,Snackpacks,False
OXYGEN_SHAKE_GARLIC,SLEEP_POD_POLYESTER,0.739930341746005,0.739930341746005,Oxygen shakes,Sleep pods,False
MICROCHIP_TRIANGLE,ROBOT_IRONING,0.7375740804241284,0.7375740804241284,Microchips,Robots,False
ROBOT_IRONING,ROBOT_LAUNDRY,0.7371413320197806,0.7371413320197806,Robots,Robots,True
PANEL_1X2,SLEEP_POD_NYLON,0.7359738344971591,0.7359738344971591,Panels,Sleep pods,False
GALAXY_SOUNDS_BLACK_HOLES,SNACKPACK_STRAWBERRY,0.735595927646439,0.735595927646439,Galaxy sounds,Snackpacks,False
GALAXY_SOUNDS_BLACK_HOLES,TRANSLATOR_SPACE_GRAY,-0.7336443851333806,0.7336443851333806,Galaxy sounds,Translators,False
MICROCHIP_TRIANGLE,PANEL_2X4,-0.7331709369722702,0.7331709369722702,Microchips,Panels,False
GALAXY_SOUNDS_SOLAR_WINDS,ROBOT_IRONING,-0.733074981797294,0.733074981797294,Galaxy sounds,Robots,False
GALAXY_SOUNDS_PLANETARY_RINGS,SLEEP_POD_SUEDE,0.7329852288350363,0.7329852288350363,Galaxy sounds,Sleep pods,False
ROBOT_LAUNDRY,SLEEP_POD_NYLON,-0.7329137843849263,0.7329137843849263,Robots,Sleep pods,False
GALAXY_SOUNDS_SOLAR_WINDS,ROBOT_LAUNDRY,-0.7328525450809075,0.7328525450809075,Galaxy sounds,Robots,False
MICROCHIP_CIRCLE,UV_VISOR_YELLOW,-0.7318105013621938,0.7318105013621938,Microchips,UV visors,False
MICROCHIP_OVAL,MICROCHIP_SQUARE,-0.7316565719941786,0.7316565719941786,Microchips,Microchips,True
ROBOT_VACUUMING,SLEEP_POD_COTTON,-0.7315912039082808,0.7315912039082808,Robots,Sleep pods,False
ROBOT_LAUNDRY,SLEEP_POD_POLYESTER,-0.7306611096340264,0.7306611096340264,Robots,Sleep pods,False
PANEL_1X2,UV_VISOR_YELLOW,-0.730391270167031,0.730391270167031,Panels,UV visors,False
MICROCHIP_OVAL,ROBOT_MOPPING,-0.7268144889318708,0.7268144889318708,Microchips,Robots,False
ROBOT_DISHES,UV_VISOR_MAGENTA,0.7249926213971217,0.7249926213971217,Robots,UV visors,False
TRANSLATOR_ASTRO_BLACK,UV_VISOR_AMBER,0.7246124513233517,0.7246124513233517,Translators,UV visors,False
PANEL_2X4,TRANSLATOR_VOID_BLUE,0.7240081545072378,0.7240081545072378,Panels,Translators,False
ROBOT_LAUNDRY,UV_VISOR_AMBER,0.7238418528468515,0.7238418528468515,Robots,UV visors,False
PEBBLES_XS,ROBOT_MOPPING,-0.7237321293577769,0.7237321293577769,Pebbles,Robots,False
MICROCHIP_SQUARE,ROBOT_MOPPING,0.7235104051965515,0.7235104051965515,Microchips,Robots,False
ROBOT_DISHES,ROBOT_LAUNDRY,-0.7233149281619007,0.7233149281619007,Robots,Robots,True
SNACKPACK_PISTACHIO,UV_VISOR_AMBER,0.7220985659445502,0.7220985659445502,Snackpacks,UV visors,False
PEBBLES_S,TRANSLATOR_SPACE_GRAY,0.7215549376728799,0.7215549376728799,Pebbles,Translators,False
MICROCHIP_SQUARE,ROBOT_IRONING,-0.7215434138494452,0.7215434138494452,Microchips,Robots,False
PEBBLES_S,ROBOT_VACUUMING,0.7214661116482691,0.7214661116482691,Pebbles,Robots,False
ROBOT_VACUUMING,TRANSLATOR_ASTRO_BLACK,0.7195751169241742,0.7195751169241742,Robots,Translators,False
MICROCHIP_RECTANGLE,ROBOT_VACUUMING,0.7185810708095899,0.7185810708095899,Microchips,Robots,False
PEBBLES_S,SNACKPACK_STRAWBERRY,-0.7178705734942249,0.7178705734942249,Pebbles,Snackpacks,False
MICROCHIP_OVAL,SLEEP_POD_NYLON,-0.7178312103249623,0.7178312103249623,Microchips,Sleep pods,False
PEBBLES_XL,UV_VISOR_MAGENTA,0.7177369221249693,0.7177369221249693,Pebbles,UV visors,False
ROBOT_DISHES,TRANSLATOR_VOID_BLUE,0.7176453897956163,0.7176453897956163,Robots,Translators,False
MICROCHIP_RECTANGLE,SNACKPACK_PISTACHIO,0.7172433417794504,0.7172433417794504,Microchips,Snackpacks,False
ROBOT_VACUUMING,UV_VISOR_MAGENTA,-0.7170275419431948,0.7170275419431948,Robots,UV visors,False
MICROCHIP_OVAL,PEBBLES_XL,-0.7169011805718221,0.7169011805718221,Microchips,Pebbles,False
TRANSLATOR_ASTRO_BLACK,UV_VISOR_MAGENTA,-0.713796495551614,0.713796495551614,Translators,UV visors,False
ROBOT_LAUNDRY,ROBOT_MOPPING,-0.7134754328661786,0.7134754328661786,Robots,Robots,True
GALAXY_SOUNDS_SOLAR_WINDS,SLEEP_POD_NYLON,0.712543261769218,0.712543261769218,Galaxy sounds,Sleep pods,False
UV_VISOR_AMBER,UV_VISOR_ORANGE,-0.710638553726838,0.710638553726838,UV visors,UV visors,True
MICROCHIP_OVAL,UV_VISOR_MAGENTA,-0.7100554060959594,0.7100554060959594,Microchips,UV visors,False
OXYGEN_SHAKE_MORNING_BREATH,UV_VISOR_AMBER,0.7088291741240972,0.7088291741240972,Oxygen shakes,UV visors,False
GALAXY_SOUNDS_BLACK_HOLES,SLEEP_POD_COTTON,0.7077332233704652,0.7077332233704652,Galaxy sounds,Sleep pods,False
ROBOT_MOPPING,SLEEP_POD_POLYESTER,0.7052109619096703,0.7052109619096703,Robots,Sleep pods,False
OXYGEN_SHAKE_GARLIC,TRANSLATOR_VOID_BLUE,0.7050423300281807,0.7050423300281807,Oxygen shakes,Translators,False
MICROCHIP_OVAL,SLEEP_POD_SUEDE,-0.7025628478280208,0.7025628478280208,Microchips,Sleep pods,False
MICROCHIP_OVAL,PANEL_2X2,0.7016296186114359,0.7016296186114359,Microchips,Panels,False
PANEL_2X4,SLEEP_POD_COTTON,0.7014263654592583,0.7014263654592583,Panels,Sleep pods,False
ROBOT_IRONING,UV_VISOR_RED,-0.7009890916597687,0.7009890916597687,Robots,UV visors,False
SLEEP_POD_COTTON,SLEEP_POD_SUEDE,0.7009587499325113,0.7009587499325113,Sleep pods,Sleep pods,True
PEBBLES_S,SNACKPACK_PISTACHIO,0.7009399332810337,0.7009399332810337,Pebbles,Snackpacks,False
PANEL_1X4,TRANSLATOR_GRAPHITE_MIST,-0.6997718173690437,0.6997718173690437,Panels,Translators,False
GALAXY_SOUNDS_BLACK_HOLES,PANEL_2X2,-0.6989503453423391,0.6989503453423391,Galaxy sounds,Panels,False
ROBOT_DISHES,SLEEP_POD_SUEDE,0.6986698107939923,0.6986698107939923,Robots,Sleep pods,False
GALAXY_SOUNDS_BLACK_HOLES,ROBOT_VACUUMING,-0.6984488821628887,0.6984488821628887,Galaxy sounds,Robots,False
PEBBLES_M,SNACKPACK_PISTACHIO,-0.6975637505551366,0.6975637505551366,Pebbles,Snackpacks,False
ROBOT_VACUUMING,SNACKPACK_STRAWBERRY,-0.697408071654924,0.697408071654924,Robots,Snackpacks,False
OXYGEN_SHAKE_GARLIC,UV_VISOR_RED,0.6973643194431145,0.6973643194431145,Oxygen shakes,UV visors,False
MICROCHIP_TRIANGLE,ROBOT_VACUUMING,0.696867230335967,0.696867230335967,Microchips,Robots,False
PEBBLES_S,SLEEP_POD_COTTON,-0.6954984011900407,0.6954984011900407,Pebbles,Sleep pods,False
MICROCHIP_SQUARE,UV_VISOR_ORANGE,0.6940795654555346,0.6940795654555346,Microchips,UV visors,False
PEBBLES_M,PEBBLES_XS,-0.6940755442783505,0.6940755442783505,Pebbles,Pebbles,True
SLEEP_POD_SUEDE,UV_VISOR_ORANGE,0.6940198313131809,0.6940198313131809,Sleep pods,UV visors,False
ROBOT_DISHES,TRANSLATOR_SPACE_GRAY,-0.6922152197820208,0.6922152197820208,Robots,Translators,False
PANEL_2X2,PEBBLES_S,0.691808264153221,0.691808264153221,Panels,Pebbles,False
PEBBLES_XL,SLEEP_POD_POLYESTER,0.6911899541440127,0.6911899541440127,Pebbles,Sleep pods,False
OXYGEN_SHAKE_MORNING_BREATH,SLEEP_POD_SUEDE,-0.689441654449941,0.689441654449941,Oxygen shakes,Sleep pods,False
MICROCHIP_CIRCLE,TRANSLATOR_SPACE_GRAY,-0.68879012008622,0.68879012008622,Microchips,Translators,False
MICROCHIP_SQUARE,PANEL_2X4,0.6879812496916945,0.6879812496916945,Microchips,Panels,False
SLEEP_POD_POLYESTER,UV_VISOR_ORANGE,0.6877028723916547,0.6877028723916547,Sleep pods,UV visors,False
ROBOT_IRONING,SNACKPACK_CHOCOLATE,0.6873647500075223,0.6873647500075223,Robots,Snackpacks,False
ROBOT_MOPPING,UV_VISOR_AMBER,-0.6873137417672717,0.6873137417672717,Robots,UV visors,False
MICROCHIP_RECTANGLE,ROBOT_MOPPING,-0.6866808574685908,0.6866808574685908,Microchips,Robots,False
ROBOT_DISHES,ROBOT_VACUUMING,-0.6864892643087758,0.6864892643087758,Robots,Robots,True
OXYGEN_SHAKE_CHOCOLATE,PEBBLES_S,-0.6864509525368316,0.6864509525368316,Oxygen shakes,Pebbles,False
MICROCHIP_SQUARE,SNACKPACK_PISTACHIO,-0.6858811697065532,0.6858811697065532,Microchips,Snackpacks,False
PANEL_1X4,PEBBLES_XS,0.6851858302812908,0.6851858302812908,Panels,Pebbles,False
GALAXY_SOUNDS_BLACK_HOLES,UV_VISOR_MAGENTA,0.6850266846042063,0.6850266846042063,Galaxy sounds,UV visors,False
PEBBLES_XS,UV_VISOR_ORANGE,-0.6845877198011522,0.6845877198011522,Pebbles,UV visors,False
MICROCHIP_OVAL,SNACKPACK_CHOCOLATE,0.6837472095508984,0.6837472095508984,Microchips,Snackpacks,False
ROBOT_VACUUMING,SNACKPACK_PISTACHIO,0.6831601639798695,0.6831601639798695,Robots,Snackpacks,False
GALAXY_SOUNDS_BLACK_HOLES,SNACKPACK_PISTACHIO,-0.6817514757558701,0.6817514757558701,Galaxy sounds,Snackpacks,False
MICROCHIP_RECTANGLE,ROBOT_IRONING,0.6810737787821894,0.6810737787821894,Microchips,Robots,False
PANEL_1X4,UV_VISOR_AMBER,0.6797267382225143,0.6797267382225143,Panels,UV visors,False
OXYGEN_SHAKE_CHOCOLATE,TRANSLATOR_SPACE_GRAY,-0.6795945898241469,0.6795945898241469,Oxygen shakes,Translators,False
PANEL_2X2,SLEEP_POD_COTTON,-0.6789441278646492,0.6789441278646492,Panels,Sleep pods,False
PANEL_2X4,SNACKPACK_CHOCOLATE,-0.6784240671162728,0.6784240671162728,Panels,Snackpacks,False
SNACKPACK_STRAWBERRY,UV_VISOR_ORANGE,0.678072678614176,0.678072678614176,Snackpacks,UV visors,False
PANEL_2X4,SNACKPACK_PISTACHIO,-0.6777490463094413,0.6777490463094413,Panels,Snackpacks,False
MICROCHIP_RECTANGLE,PEBBLES_M,-0.6774985280095858,0.6774985280095858,Microchips,Pebbles,False
PANEL_2X2,SLEEP_POD_NYLON,-0.6770285790951688,0.6770285790951688,Panels,Sleep pods,False
PEBBLES_M,ROBOT_LAUNDRY,-0.6747047455158931,0.6747047455158931,Pebbles,Robots,False
SLEEP_POD_COTTON,UV_VISOR_ORANGE,0.6737274669169311,0.6737274669169311,Sleep pods,UV visors,False
PANEL_1X4,SNACKPACK_CHOCOLATE,0.6731431227242346,0.6731431227242346,Panels,Snackpacks,False
PANEL_2X4,SLEEP_POD_SUEDE,0.6730860940636708,0.6730860940636708,Panels,Sleep pods,False
ROBOT_MOPPING,SNACKPACK_CHOCOLATE,-0.6730044370582198,0.6730044370582198,Robots,Snackpacks,False
PANEL_2X4,TRANSLATOR_SPACE_GRAY,-0.6722532442089407,0.6722532442089407,Panels,Translators,False
PEBBLES_XS,ROBOT_LAUNDRY,0.6709621924348723,0.6709621924348723,Pebbles,Robots,False
PANEL_2X4,ROBOT_MOPPING,0.670293953469384,0.670293953469384,Panels,Robots,False
MICROCHIP_RECTANGLE,SNACKPACK_STRAWBERRY,-0.6689684176253522,0.6689684176253522,Microchips,Snackpacks,False
OXYGEN_SHAKE_MORNING_BREATH,TRANSLATOR_ASTRO_BLACK,0.6684417850238082,0.6684417850238082,Oxygen shakes,Translators,False
GALAXY_SOUNDS_PLANETARY_RINGS,TRANSLATOR_ASTRO_BLACK,-0.6682850310638222,0.6682850310638222,Galaxy sounds,Translators,False
MICROCHIP_SQUARE,PEBBLES_M,0.6681182252544351,0.6681182252544351,Microchips,Pebbles,False
OXYGEN_SHAKE_MORNING_BREATH,SNACKPACK_PISTACHIO,0.667832190659334,0.667832190659334,Oxygen shakes,Snackpacks,False
GALAXY_SOUNDS_BLACK_HOLES,TRANSLATOR_VOID_BLUE,0.6677933397908409,0.6677933397908409,Galaxy sounds,Translators,False
PANEL_2X4,ROBOT_LAUNDRY,-0.6670713771384079,0.6670713771384079,Panels,Robots,False
MICROCHIP_SQUARE,PANEL_1X4,-0.6669352492250347,0.6669352492250347,Microchips,Panels,False
PANEL_2X2,ROBOT_IRONING,0.6666809803849852,0.6666809803849852,Panels,Robots,False
MICROCHIP_TRIANGLE,TRANSLATOR_SPACE_GRAY,0.6660144933963354,0.6660144933963354,Microchips,Translators,False
ROBOT_IRONING,SNACKPACK_STRAWBERRY,-0.6659931418125596,0.6659931418125596,Robots,Snackpacks,False
TRANSLATOR_ASTRO_BLACK,TRANSLATOR_VOID_BLUE,-0.6654088797856403,0.6654088797856403,Translators,Translators,True
OXYGEN_SHAKE_MORNING_BREATH,SLEEP_POD_COTTON,-0.6643423947762874,0.6643423947762874,Oxygen shakes,Sleep pods,False
MICROCHIP_TRIANGLE,UV_VISOR_AMBER,0.6637247082035695,0.6637247082035695,Microchips,UV visors,False
TRANSLATOR_SPACE_GRAY,UV_VISOR_RED,-0.662831061883421,0.662831061883421,Translators,UV visors,False
SLEEP_POD_COTTON,TRANSLATOR_GRAPHITE_MIST,0.6626257985595676,0.6626257985595676,Sleep pods,Translators,False
GALAXY_SOUNDS_PLANETARY_RINGS,MICROCHIP_SQUARE,0.6624678595885645,0.6624678595885645,Galaxy sounds,Microchips,False
SLEEP_POD_NYLON,UV_VISOR_YELLOW,-0.6621852796112331,0.6621852796112331,Sleep pods,UV visors,False
GALAXY_SOUNDS_BLACK_HOLES,SNACKPACK_CHOCOLATE,-0.6615888248930127,0.6615888248930127,Galaxy sounds,Snackpacks,False
MICROCHIP_OVAL,OXYGEN_SHAKE_CHOCOLATE,-0.6599461202887772,0.6599461202887772,Microchips,Oxygen shakes,False
OXYGEN_SHAKE_MORNING_BREATH,SLEEP_POD_POLYESTER,-0.6590747831697632,0.6590747831697632,Oxygen shakes,Sleep pods,False
OXYGEN_SHAKE_GARLIC,SLEEP_POD_COTTON,0.6583911260699333,0.6583911260699333,Oxygen shakes,Sleep pods,False
SNACKPACK_PISTACHIO,UV_VISOR_MAGENTA,-0.6582503160497828,0.6582503160497828,Snackpacks,UV visors,False
OXYGEN_SHAKE_CHOCOLATE,UV_VISOR_RED,0.6568840653171747,0.6568840653171747,Oxygen shakes,UV visors,False
MICROCHIP_SQUARE,OXYGEN_SHAKE_GARLIC,0.6566469150181604,0.6566469150181604,Microchips,Oxygen shakes,False
PEBBLES_XL,SNACKPACK_PISTACHIO,-0.6556509222494986,0.6556509222494986,Pebbles,Snackpacks,False
TRANSLATOR_VOID_BLUE,UV_VISOR_ORANGE,0.6540067160246283,0.6540067160246283,Translators,UV visors,False
MICROCHIP_OVAL,TRANSLATOR_VOID_BLUE,-0.6535206788745734,0.6535206788745734,Microchips,Translators,False
MICROCHIP_OVAL,MICROCHIP_RECTANGLE,0.6524004777670764,0.6524004777670764,Microchips,Microchips,True
PEBBLES_M,UV_VISOR_AMBER,-0.6517134690765549,0.6517134690765549,Pebbles,UV visors,False
OXYGEN_SHAKE_GARLIC,UV_VISOR_MAGENTA,0.650895179769982,0.650895179769982,Oxygen shakes,UV visors,False
PEBBLES_L,TRANSLATOR_GRAPHITE_MIST,0.6500507491880758,0.6500507491880758,Pebbles,Translators,False
MICROCHIP_TRIANGLE,SLEEP_POD_COTTON,-0.6498999838111098,0.6498999838111098,Microchips,Sleep pods,False
ROBOT_LAUNDRY,TRANSLATOR_GRAPHITE_MIST,-0.6497874279907769,0.6497874279907769,Robots,Translators,False
ROBOT_DISHES,SLEEP_POD_COTTON,0.6495279062463287,0.6495279062463287,Robots,Sleep pods,False
OXYGEN_SHAKE_GARLIC,ROBOT_VACUUMING,-0.6494047231065799,0.6494047231065799,Oxygen shakes,Robots,False
ROBOT_DISHES,ROBOT_IRONING,-0.6483980580218928,0.6483980580218928,Robots,Robots,True
PEBBLES_XL,SLEEP_POD_SUEDE,0.6482442944987948,0.6482442944987948,Pebbles,Sleep pods,False
MICROCHIP_CIRCLE,SLEEP_POD_NYLON,0.6467563901807802,0.6467563901807802,Microchips,Sleep pods,False
ROBOT_DISHES,UV_VISOR_RED,0.6465926795824485,0.6465926795824485,Robots,UV visors,False
MICROCHIP_TRIANGLE,PANEL_1X4,0.6458797066594416,0.6458797066594416,Microchips,Panels,False
OXYGEN_SHAKE_CHOCOLATE,OXYGEN_SHAKE_GARLIC,0.645802493731801,0.645802493731801,Oxygen shakes,Oxygen shakes,True
ROBOT_MOPPING,UV_VISOR_MAGENTA,0.6456272161369881,0.6456272161369881,Robots,UV visors,False
ROBOT_MOPPING,SNACKPACK_PISTACHIO,-0.6449372866685933,0.6449372866685933,Robots,Snackpacks,False
PANEL_1X4,PANEL_2X2,0.6442909494543237,0.6442909494543237,Panels,Panels,True
GALAXY_SOUNDS_BLACK_HOLES,OXYGEN_SHAKE_CHOCOLATE,0.6439553101819423,0.6439553101819423,Galaxy sounds,Oxygen shakes,False
PANEL_1X4,SLEEP_POD_POLYESTER,-0.6415833023089579,0.6415833023089579,Panels,Sleep pods,False
PANEL_1X4,SLEEP_POD_NYLON,-0.6410399710623734,0.6410399710623734,Panels,Sleep pods,False
ROBOT_VACUUMING,UV_VISOR_ORANGE,-0.6405230502367244,0.6405230502367244,Robots,UV visors,False
GALAXY_SOUNDS_SOLAR_WINDS,UV_VISOR_RED,0.6403474184382116,0.6403474184382116,Galaxy sounds,UV visors,False
GALAXY_SOUNDS_PLANETARY_RINGS,TRANSLATOR_VOID_BLUE,0.6382754330592869,0.6382754330592869,Galaxy sounds,Translators,False
ROBOT_LAUNDRY,SNACKPACK_CHOCOLATE,0.6375994327560195,0.6375994327560195,Robots,Snackpacks,False
OXYGEN_SHAKE_MINT,ROBOT_LAUNDRY,0.6375493716290963,0.6375493716290963,Oxygen shakes,Robots,False
ROBOT_MOPPING,TRANSLATOR_GRAPHITE_MIST,0.6369635577299911,0.6369635577299911,Robots,Translators,False
ROBOT_IRONING,SLEEP_POD_NYLON,-0.6368451310905653,0.6368451310905653,Robots,Sleep pods,False
MICROCHIP_TRIANGLE,PEBBLES_XS,0.6357998260781674,0.6357998260781674,Microchips,Pebbles,False
MICROCHIP_SQUARE,ROBOT_DISHES,0.6354345181809151,0.6354345181809151,Microchips,Robots,False
SLEEP_POD_SUEDE,SNACKPACK_PISTACHIO,-0.6350341198535975,0.6350341198535975,Sleep pods,Snackpacks,False
MICROCHIP_SQUARE,PEBBLES_XL,0.634259846079283,0.634259846079283,Microchips,Pebbles,False
PEBBLES_M,SLEEP_POD_COTTON,0.6338313885345388,0.6338313885345388,Pebbles,Sleep pods,False
GALAXY_SOUNDS_SOLAR_WINDS,TRANSLATOR_GRAPHITE_MIST,0.6335618307138061,0.6335618307138061,Galaxy sounds,Translators,False
SLEEP_POD_POLYESTER,SNACKPACK_PISTACHIO,-0.6333535433979957,0.6333535433979957,Sleep pods,Snackpacks,False
OXYGEN_SHAKE_CHOCOLATE,ROBOT_DISHES,0.6332064081844441,0.6332064081844441,Oxygen shakes,Robots,False
MICROCHIP_RECTANGLE,TRANSLATOR_VOID_BLUE,-0.6331974122430437,0.6331974122430437,Microchips,Translators,False
OXYGEN_SHAKE_CHOCOLATE,UV_VISOR_YELLOW,-0.6328967793293231,0.6328967793293231,Oxygen shakes,UV visors,False
PEBBLES_S,TRANSLATOR_VOID_BLUE,-0.632589753260836,0.632589753260836,Pebbles,Translators,False
MICROCHIP_RECTANGLE,SLEEP_POD_COTTON,-0.6317101610553061,0.6317101610553061,Microchips,Sleep pods,False
PANEL_1X4,SNACKPACK_PISTACHIO,0.6305102639045342,0.6305102639045342,Panels,Snackpacks,False
GALAXY_SOUNDS_SOLAR_WINDS,SLEEP_POD_COTTON,0.6297719971926998,0.6297719971926998,Galaxy sounds,Sleep pods,False
OXYGEN_SHAKE_MORNING_BREATH,ROBOT_LAUNDRY,0.6283248353302356,0.6283248353302356,Oxygen shakes,Robots,False
SNACKPACK_PISTACHIO,TRANSLATOR_ASTRO_BLACK,0.6282416158854283,0.6282416158854283,Snackpacks,Translators,False
MICROCHIP_TRIANGLE,SLEEP_POD_POLYESTER,-0.6278612418664795,0.6278612418664795,Microchips,Sleep pods,False
MICROCHIP_TRIANGLE,PEBBLES_XL,-0.6273580559170178,0.6273580559170178,Microchips,Pebbles,False
GALAXY_SOUNDS_SOLAR_WINDS,PEBBLES_XS,-0.6267411256815605,0.6267411256815605,Galaxy sounds,Pebbles,False
PEBBLES_M,SLEEP_POD_POLYESTER,0.6260893172562423,0.6260893172562423,Pebbles,Sleep pods,False
PEBBLES_S,UV_VISOR_MAGENTA,-0.6245772891821324,0.6245772891821324,Pebbles,UV visors,False
PEBBLES_M,SLEEP_POD_NYLON,0.6245681556747826,0.6245681556747826,Pebbles,Sleep pods,False
SLEEP_POD_POLYESTER,TRANSLATOR_ASTRO_BLACK,-0.6229418284346487,0.6229418284346487,Sleep pods,Translators,False
OXYGEN_SHAKE_MORNING_BREATH,PANEL_2X4,-0.6228188749832154,0.6228188749832154,Oxygen shakes,Panels,False
SLEEP_POD_COTTON,SNACKPACK_CHOCOLATE,-0.6219241448422766,0.6219241448422766,Sleep pods,Snackpacks,False
PANEL_2X2,TRANSLATOR_GRAPHITE_MIST,-0.6212826666756144,0.6212826666756144,Panels,Translators,False
PEBBLES_M,TRANSLATOR_GRAPHITE_MIST,0.620338032114285,0.620338032114285,Pebbles,Translators,False
PANEL_4X4,TRANSLATOR_GRAPHITE_MIST,0.620048002400844,0.620048002400844,Panels,Translators,False
ROBOT_MOPPING,SLEEP_POD_SUEDE,0.6196249978088926,0.6196249978088926,Robots,Sleep pods,False
MICROCHIP_RECTANGLE,PANEL_2X4,-0.6189499593224792,0.6189499593224792,Microchips,Panels,False
PEBBLES_S,SLEEP_POD_NYLON,-0.6176079126336494,0.6176079126336494,Pebbles,Sleep pods,False
OXYGEN_SHAKE_GARLIC,ROBOT_LAUNDRY,-0.6165159581529106,0.6165159581529106,Oxygen shakes,Robots,False
SLEEP_POD_LAMB_WOOL,TRANSLATOR_ECLIPSE_CHARCOAL,-0.6164609055258147,0.6164609055258147,Sleep pods,Translators,False
ROBOT_VACUUMING,TRANSLATOR_VOID_BLUE,-0.6163942744318711,0.6163942744318711,Robots,Translators,False
OXYGEN_SHAKE_CHOCOLATE,PANEL_2X4,0.6160682050555437,0.6160682050555437,Oxygen shakes,Panels,False
MICROCHIP_SQUARE,PEBBLES_S,-0.6160579103923443,0.6160579103923443,Microchips,Pebbles,False
PEBBLES_M,PEBBLES_S,-0.6157137748934277,0.6157137748934277,Pebbles,Pebbles,True
MICROCHIP_OVAL,TRANSLATOR_SPACE_GRAY,0.6155672138643608,0.6155672138643608,Microchips,Translators,False
GALAXY_SOUNDS_DARK_MATTER,MICROCHIP_CIRCLE,-0.6154828143888691,0.6154828143888691,Galaxy sounds,Microchips,False
OXYGEN_SHAKE_MINT,SLEEP_POD_COTTON,-0.6151447751912703,0.6151447751912703,Oxygen shakes,Sleep pods,False
SLEEP_POD_COTTON,TRANSLATOR_VOID_BLUE,0.6148853591998987,0.6148853591998987,Sleep pods,Translators,False
OXYGEN_SHAKE_GARLIC,SNACKPACK_CHOCOLATE,-0.6135158804653897,0.6135158804653897,Oxygen shakes,Snackpacks,False
PEBBLES_XS,SNACKPACK_CHOCOLATE,0.613280700144467,0.613280700144467,Pebbles,Snackpacks,False
GALAXY_SOUNDS_PLANETARY_RINGS,PANEL_1X2,-0.6126934423369398,0.6126934423369398,Galaxy sounds,Panels,False
GALAXY_SOUNDS_SOLAR_WINDS,PANEL_2X2,-0.6125901759425452,0.6125901759425452,Galaxy sounds,Panels,False
ROBOT_DISHES,SNACKPACK_PISTACHIO,-0.6121712726069211,0.6121712726069211,Robots,Snackpacks,False
PEBBLES_S,SLEEP_POD_SUEDE,-0.6118397782611643,0.6118397782611643,Pebbles,Sleep pods,False
OXYGEN_SHAKE_CHOCOLATE,PANEL_2X2,-0.6113731285849168,0.6113731285849168,Oxygen shakes,Panels,False
PANEL_2X4,TRANSLATOR_ASTRO_BLACK,-0.6093744096289988,0.6093744096289988,Panels,Translators,False
PEBBLES_XL,ROBOT_VACUUMING,-0.6089055635018339,0.6089055635018339,Pebbles,Robots,False
SNACKPACK_STRAWBERRY,TRANSLATOR_ASTRO_BLACK,-0.6077266345587226,0.6077266345587226,Snackpacks,Translators,False
OXYGEN_SHAKE_GARLIC,SLEEP_POD_SUEDE,0.607491862178318,0.607491862178318,Oxygen shakes,Sleep pods,False
PEBBLES_XL,TRANSLATOR_ASTRO_BLACK,-0.607243789278709,0.607243789278709,Pebbles,Translators,False
ROBOT_VACUUMING,SNACKPACK_CHOCOLATE,0.606927050079008,0.606927050079008,Robots,Snackpacks,False
GALAXY_SOUNDS_SOLAR_WINDS,UV_VISOR_AMBER,-0.6067922977113237,0.6067922977113237,Galaxy sounds,UV visors,False
OXYGEN_SHAKE_CHOCOLATE,ROBOT_LAUNDRY,-0.6062556610683695,0.6062556610683695,Oxygen shakes,Robots,False
GALAXY_SOUNDS_BLACK_HOLES,SLEEP_POD_SUEDE,0.6055256961355675,0.6055256961355675,Galaxy sounds,Sleep pods,False
ROBOT_IRONING,SLEEP_POD_SUEDE,-0.6052192803464956,0.6052192803464956,Robots,Sleep pods,False
SNACKPACK_CHOCOLATE,UV_VISOR_AMBER,0.604908296559402,0.604908296559402,Snackpacks,UV visors,False
GALAXY_SOUNDS_SOLAR_WINDS,MICROCHIP_TRIANGLE,-0.604872579533726,0.604872579533726,Galaxy sounds,Microchips,False
PEBBLES_XL,ROBOT_IRONING,-0.6047532919367644,0.6047532919367644,Pebbles,Robots,False
PANEL_1X4,PANEL_2X4,-0.6041255195487586,0.6041255195487586,Panels,Panels,True
ROBOT_LAUNDRY,SNACKPACK_STRAWBERRY,-0.6034666322775244,0.6034666322775244,Robots,Snackpacks,False
ROBOT_VACUUMING,UV_VISOR_RED,-0.6022919813891148,0.6022919813891148,Robots,UV visors,False
MICROCHIP_TRIANGLE,PEBBLES_M,-0.6019655238857996,0.6019655238857996,Microchips,Pebbles,False
SLEEP_POD_COTTON,UV_VISOR_RED,0.600867101964529,0.600867101964529,Sleep pods,UV visors,False
OXYGEN_SHAKE_CHOCOLATE,PEBBLES_XL,0.6005110834712024,0.6005110834712024,Oxygen shakes,Pebbles,False
MICROCHIP_CIRCLE,PANEL_1X2,0.6002402630949057,0.6002402630949057,Microchips,Panels,False
PANEL_1X4,UV_VISOR_RED,-0.5997679384186182,0.5997679384186182,Panels,UV visors,False
MICROCHIP_RECTANGLE,PANEL_1X4,0.5997038330089919,0.5997038330089919,Microchips,Panels,False
MICROCHIP_TRIANGLE,SNACKPACK_CHOCOLATE,0.5987006268928515,0.5987006268928515,Microchips,Snackpacks,False
PEBBLES_M,UV_VISOR_RED,0.5968329428505393,0.5968329428505393,Pebbles,UV visors,False
ROBOT_IRONING,UV_VISOR_MAGENTA,-0.5965843719347395,0.5965843719347395,Robots,UV visors,False
SLEEP_POD_POLYESTER,TRANSLATOR_GRAPHITE_MIST,0.5958803294100058,0.5958803294100058,Sleep pods,Translators,False
OXYGEN_SHAKE_CHOCOLATE,SNACKPACK_CHOCOLATE,-0.5955985272503139,0.5955985272503139,Oxygen shakes,Snackpacks,False
MICROCHIP_OVAL,UV_VISOR_ORANGE,-0.5945709973859188,0.5945709973859188,Microchips,UV visors,False
ROBOT_VACUUMING,SLEEP_POD_NYLON,-0.5940663275013903,0.5940663275013903,Robots,Sleep pods,False
PEBBLES_M,SLEEP_POD_SUEDE,0.5937695659942198,0.5937695659942198,Pebbles,Sleep pods,False
MICROCHIP_CIRCLE,MICROCHIP_TRIANGLE,-0.5933514510346928,0.5933514510346928,Microchips,Microchips,True
PANEL_1X2,SLEEP_POD_LAMB_WOOL,0.5929596200957505,0.5929596200957505,Panels,Sleep pods,False
PEBBLES_S,SNACKPACK_CHOCOLATE,0.5925831113002097,0.5925831113002097,Pebbles,Snackpacks,False
PANEL_2X4,UV_VISOR_RED,0.5911770744731141,0.5911770744731141,Panels,UV visors,False
PANEL_1X4,PEBBLES_S,0.5906300236438145,0.5906300236438145,Panels,Pebbles,False
GALAXY_SOUNDS_BLACK_HOLES,MICROCHIP_SQUARE,0.5903446937271737,0.5903446937271737,Galaxy sounds,Microchips,False
UV_VISOR_AMBER,UV_VISOR_RED,-0.5885627440575723,0.5885627440575723,UV visors,UV visors,True
ROBOT_LAUNDRY,UV_VISOR_ORANGE,-0.5877500554241754,0.5877500554241754,Robots,UV visors,False
OXYGEN_SHAKE_MINT,UV_VISOR_RED,-0.5877276884690814,0.5877276884690814,Oxygen shakes,UV visors,False
PANEL_1X2,TRANSLATOR_ECLIPSE_CHARCOAL,-0.5874994597724446,0.5874994597724446,Panels,Translators,False
OXYGEN_SHAKE_MINT,PANEL_1X4,0.5867659763691854,0.5867659763691854,Oxygen shakes,Panels,False
SLEEP_POD_LAMB_WOOL,UV_VISOR_YELLOW,-0.5866581687778244,0.5866581687778244,Sleep pods,UV visors,False
SNACKPACK_STRAWBERRY,TRANSLATOR_SPACE_GRAY,-0.586628129552211,0.586628129552211,Snackpacks,Translators,False
OXYGEN_SHAKE_CHOCOLATE,SNACKPACK_VANILLA,0.5862366834243166,0.5862366834243166,Oxygen shakes,Snackpacks,False
OXYGEN_SHAKE_MORNING_BREATH,UV_VISOR_MAGENTA,-0.5858005926882155,0.5858005926882155,Oxygen shakes,UV visors,False
MICROCHIP_RECTANGLE,PEBBLES_XL,-0.5854743800081056,0.5854743800081056,Microchips,Pebbles,False
UV_VISOR_MAGENTA,UV_VISOR_ORANGE,0.5843864740255512,0.5843864740255512,UV visors,UV visors,True
ROBOT_LAUNDRY,SLEEP_POD_SUEDE,-0.5835300657339769,0.5835300657339769,Robots,Sleep pods,False
GALAXY_SOUNDS_PLANETARY_RINGS,MICROCHIP_RECTANGLE,-0.5834741240778739,0.5834741240778739,Galaxy sounds,Microchips,False
GALAXY_SOUNDS_SOLAR_WINDS,PEBBLES_S,-0.5828080537023711,0.5828080537023711,Galaxy sounds,Pebbles,False
MICROCHIP_TRIANGLE,SNACKPACK_STRAWBERRY,-0.5826981989922269,0.5826981989922269,Microchips,Snackpacks,False
GALAXY_SOUNDS_SOLAR_WINDS,SLEEP_POD_POLYESTER,0.5805702981507223,0.5805702981507223,Galaxy sounds,Sleep pods,False
SLEEP_POD_COTTON,SNACKPACK_PISTACHIO,-0.5805632257408154,0.5805632257408154,Sleep pods,Snackpacks,False
OXYGEN_SHAKE_CHOCOLATE,PANEL_1X2,0.5776076394368149,0.5776076394368149,Oxygen shakes,Panels,False
GALAXY_SOUNDS_SOLAR_WINDS,SNACKPACK_PISTACHIO,-0.5774981170883788,0.5774981170883788,Galaxy sounds,Snackpacks,False
SNACKPACK_CHOCOLATE,TRANSLATOR_VOID_BLUE,-0.5758210549989753,0.5758210549989753,Snackpacks,Translators,False
ROBOT_LAUNDRY,UV_VISOR_MAGENTA,-0.575218429260003,0.575218429260003,Robots,UV visors,False
PEBBLES_S,ROBOT_MOPPING,-0.5730194479089166,0.5730194479089166,Pebbles,Robots,False
MICROCHIP_OVAL,TRANSLATOR_ASTRO_BLACK,0.5725717939580881,0.5725717939580881,Microchips,Translators,False
ROBOT_VACUUMING,TRANSLATOR_GRAPHITE_MIST,-0.5704553265475176,0.5704553265475176,Robots,Translators,False
GALAXY_SOUNDS_BLACK_HOLES,PANEL_1X4,-0.5696008648126232,0.5696008648126232,Galaxy sounds,Panels,False
MICROCHIP_SQUARE,ROBOT_LAUNDRY,-0.5693943295700248,0.5693943295700248,Microchips,Robots,False
PANEL_2X2,SLEEP_POD_POLYESTER,-0.5684086752480113,0.5684086752480113,Panels,Sleep pods,False
GALAXY_SOUNDS_BLACK_HOLES,SLEEP_POD_NYLON,0.5658786712449742,0.5658786712449742,Galaxy sounds,Sleep pods,False
PEBBLES_M,TRANSLATOR_ASTRO_BLACK,-0.5641054777730858,0.5641054777730858,Pebbles,Translators,False
MICROCHIP_RECTANGLE,OXYGEN_SHAKE_GARLIC,-0.5627932901836609,0.5627932901836609,Microchips,Oxygen shakes,False
OXYGEN_SHAKE_MORNING_BREATH,PEBBLES_S,0.5626269401662694,0.5626269401662694,Oxygen shakes,Pebbles,False
MICROCHIP_TRIANGLE,OXYGEN_SHAKE_MINT,0.56050214462194,0.56050214462194,Microchips,Oxygen shakes,False
ROBOT_IRONING,TRANSLATOR_GRAPHITE_MIST,-0.5586619533839848,0.5586619533839848,Robots,Translators,False
GALAXY_SOUNDS_SOLAR_WINDS,MICROCHIP_SQUARE,0.5586606001889065,0.5586606001889065,Galaxy sounds,Microchips,False
OXYGEN_SHAKE_GARLIC,OXYGEN_SHAKE_MORNING_BREATH,-0.5579056571779268,0.5579056571779268,Oxygen shakes,Oxygen shakes,True
MICROCHIP_TRIANGLE,SNACKPACK_PISTACHIO,0.5552658216036345,0.5552658216036345,Microchips,Snackpacks,False
MICROCHIP_RECTANGLE,ROBOT_DISHES,-0.5551371895926037,0.5551371895926037,Microchips,Robots,False
OXYGEN_SHAKE_MINT,TRANSLATOR_GRAPHITE_MIST,-0.5549318234982009,0.5549318234982009,Oxygen shakes,Translators,False
OXYGEN_SHAKE_MORNING_BREATH,SNACKPACK_STRAWBERRY,-0.553883574733642,0.553883574733642,Oxygen shakes,Snackpacks,False
OXYGEN_SHAKE_GARLIC,PEBBLES_M,0.5535986469498135,0.5535986469498135,Oxygen shakes,Pebbles,False
SLEEP_POD_POLYESTER,SNACKPACK_CHOCOLATE,-0.5534882422453228,0.5534882422453228,Sleep pods,Snackpacks,False
OXYGEN_SHAKE_GARLIC,PANEL_2X2,-0.5522568711827058,0.5522568711827058,Oxygen shakes,Panels,False
PANEL_2X2,SNACKPACK_CHOCOLATE,0.5521312856931802,0.5521312856931802,Panels,Snackpacks,False
PANEL_2X4,PEBBLES_M,0.5516894419412904,0.5516894419412904,Panels,Pebbles,False
OXYGEN_SHAKE_MORNING_BREATH,TRANSLATOR_GRAPHITE_MIST,-0.550804018098736,0.550804018098736,Oxygen shakes,Translators,False
TRANSLATOR_SPACE_GRAY,UV_VISOR_AMBER,0.548788408790749,0.548788408790749,Translators,UV visors,False
PANEL_2X2,ROBOT_MOPPING,-0.5482855430152924,0.5482855430152924,Panels,Robots,False
MICROCHIP_TRIANGLE,ROBOT_MOPPING,-0.5477426711038764,0.5477426711038764,Microchips,Robots,False
GALAXY_SOUNDS_BLACK_HOLES,ROBOT_MOPPING,0.5475149458351453,0.5475149458351453,Galaxy sounds,Robots,False
OXYGEN_SHAKE_GARLIC,PANEL_1X4,-0.5465635538554767,0.5465635538554767,Oxygen shakes,Panels,False
ROBOT_DISHES,TRANSLATOR_ASTRO_BLACK,-0.5458023268047606,0.5458023268047606,Robots,Translators,False
OXYGEN_SHAKE_MORNING_BREATH,SLEEP_POD_NYLON,-0.5453807566459907,0.5453807566459907,Oxygen shakes,Sleep pods,False
ROBOT_DISHES,SLEEP_POD_NYLON,0.5449555759635293,0.5449555759635293,Robots,Sleep pods,False
PANEL_2X4,SLEEP_POD_NYLON,0.5438282682472643,0.5438282682472643,Panels,Sleep pods,False
SLEEP_POD_POLYESTER,UV_VISOR_RED,0.543418884170119,0.543418884170119,Sleep pods,UV visors,False
GALAXY_SOUNDS_PLANETARY_RINGS,UV_VISOR_MAGENTA,0.5432726785543576,0.5432726785543576,Galaxy sounds,UV visors,False
PEBBLES_XL,SLEEP_POD_COTTON,0.5414658748223088,0.5414658748223088,Pebbles,Sleep pods,False
SNACKPACK_CHOCOLATE,SNACKPACK_STRAWBERRY,-0.5410357062744585,0.5410357062744585,Snackpacks,Snackpacks,True
OXYGEN_SHAKE_MINT,PANEL_4X4,-0.5405552728678457,0.5405552728678457,Oxygen shakes,Panels,False
PANEL_1X4,UV_VISOR_MAGENTA,-0.54042750166527,0.54042750166527,Panels,UV visors,False
PANEL_1X4,SLEEP_POD_SUEDE,-0.53935835540471,0.53935835540471,Panels,Sleep pods,False
OXYGEN_SHAKE_MORNING_BREATH,SNACKPACK_CHOCOLATE,0.5392513496207816,0.5392513496207816,Oxygen shakes,Snackpacks,False
GALAXY_SOUNDS_SOLAR_WINDS,MICROCHIP_RECTANGLE,-0.5387599531882328,0.5387599531882328,Galaxy sounds,Microchips,False
PANEL_2X2,ROBOT_DISHES,-0.5383559484217526,0.5383559484217526,Panels,Robots,False
PANEL_1X2,PANEL_2X2,-0.5373740488496437,0.5373740488496437,Panels,Panels,True
PEBBLES_XL,SNACKPACK_CHOCOLATE,-0.5362717350393216,0.5362717350393216,Pebbles,Snackpacks,False
GALAXY_SOUNDS_PLANETARY_RINGS,PEBBLES_XS,-0.5353919366090656,0.5353919366090656,Galaxy sounds,Pebbles,False
PEBBLES_XS,UV_VISOR_RED,-0.533802573563304,0.533802573563304,Pebbles,UV visors,False
OXYGEN_SHAKE_CHOCOLATE,ROBOT_IRONING,-0.5332941841193156,0.5332941841193156,Oxygen shakes,Robots,False
PANEL_1X4,UV_VISOR_ORANGE,-0.532911625639528,0.532911625639528,Panels,UV visors,False
MICROCHIP_RECTANGLE,PEBBLES_S,0.5306321121396179,0.5306321121396179,Microchips,Pebbles,False
MICROCHIP_CIRCLE,PEBBLES_S,-0.5292861236393926,0.5292861236393926,Microchips,Pebbles,False
SNACKPACK_PISTACHIO,TRANSLATOR_VOID_BLUE,-0.5292683446133812,0.5292683446133812,Snackpacks,Translators,False
OXYGEN_SHAKE_MORNING_BREATH,ROBOT_DISHES,-0.5283679264508716,0.5283679264508716,Oxygen shakes,Robots,False
ROBOT_MOPPING,SNACKPACK_STRAWBERRY,0.526118564760586,0.526118564760586,Robots,Snackpacks,False
GALAXY_SOUNDS_SOLAR_WINDS,PANEL_2X4,0.525363920672642,0.525363920672642,Galaxy sounds,Panels,False
ROBOT_MOPPING,TRANSLATOR_ASTRO_BLACK,-0.5244562007057025,0.5244562007057025,Robots,Translators,False
PANEL_2X4,SNACKPACK_VANILLA,0.5234191547310615,0.5234191547310615,Panels,Snackpacks,False
MICROCHIP_CIRCLE,PEBBLES_XL,0.5228684145858031,0.5228684145858031,Microchips,Pebbles,False
OXYGEN_SHAKE_GARLIC,ROBOT_MOPPING,0.5227037454215195,0.5227037454215195,Oxygen shakes,Robots,False
SNACKPACK_STRAWBERRY,UV_VISOR_RED,0.5222957663678518,0.5222957663678518,Snackpacks,UV visors,False
SNACKPACK_CHOCOLATE,UV_VISOR_MAGENTA,-0.5203968498215857,0.5203968498215857,Snackpacks,UV visors,False
MICROCHIP_OVAL,TRANSLATOR_GRAPHITE_MIST,-0.51996501387226,0.51996501387226,Microchips,Translators,False
MICROCHIP_RECTANGLE,UV_VISOR_ORANGE,-0.5180297921888052,0.5180297921888052,Microchips,UV visors,False
PEBBLES_XS,TRANSLATOR_SPACE_GRAY,0.5176155985939627,0.5176155985939627,Pebbles,Translators,False
ROBOT_DISHES,UV_VISOR_ORANGE,0.5169217148349498,0.5169217148349498,Robots,UV visors,False
ROBOT_MOPPING,SNACKPACK_VANILLA,0.5168378111752014,0.5168378111752014,Robots,Snackpacks,False
PANEL_2X2,PEBBLES_M,-0.5167545460272495,0.5167545460272495,Panels,Pebbles,False
PANEL_2X2,ROBOT_VACUUMING,0.5153976807672127,0.5153976807672127,Panels,Robots,False
TRANSLATOR_ASTRO_BLACK,UV_VISOR_ORANGE,-0.513979785441426,0.513979785441426,Translators,UV visors,False
ROBOT_DISHES,SNACKPACK_CHOCOLATE,-0.5136952285062244,0.5136952285062244,Robots,Snackpacks,False
ROBOT_LAUNDRY,SNACKPACK_PISTACHIO,0.5134375511254603,0.5134375511254603,Robots,Snackpacks,False
PEBBLES_L,SLEEP_POD_COTTON,0.5131430477604477,0.5131430477604477,Pebbles,Sleep pods,False
SLEEP_POD_NYLON,SNACKPACK_CHOCOLATE,-0.5127773613859224,0.5127773613859224,Sleep pods,Snackpacks,False
PANEL_2X2,UV_VISOR_AMBER,0.5123963803800647,0.5123963803800647,Panels,UV visors,False
PEBBLES_XL,ROBOT_LAUNDRY,-0.5093869431252706,0.5093869431252706,Pebbles,Robots,False
OXYGEN_SHAKE_GARLIC,TRANSLATOR_ASTRO_BLACK,-0.5088629340996171,0.5088629340996171,Oxygen shakes,Translators,False
TRANSLATOR_SPACE_GRAY,TRANSLATOR_VOID_BLUE,-0.5081334986424777,0.5081334986424777,Translators,Translators,True
OXYGEN_SHAKE_GARLIC,SLEEP_POD_NYLON,0.5080045657653304,0.5080045657653304,Oxygen shakes,Sleep pods,False
OXYGEN_SHAKE_MINT,PEBBLES_L,-0.5069761833273845,0.5069761833273845,Oxygen shakes,Pebbles,False
GALAXY_SOUNDS_SOLAR_WINDS,UV_VISOR_ORANGE,0.5063794554913551,0.5063794554913551,Galaxy sounds,UV visors,False
ROBOT_MOPPING,SLEEP_POD_NYLON,0.5061192806692618,0.5061192806692618,Robots,Sleep pods,False
GALAXY_SOUNDS_PLANETARY_RINGS,UV_VISOR_ORANGE,0.5052572005851524,0.5052572005851524,Galaxy sounds,UV visors,False
PEBBLES_XL,UV_VISOR_RED,0.5048108873579591,0.5048108873579591,Pebbles,UV visors,False
PEBBLES_L,UV_VISOR_ORANGE,0.5042162929325826,0.5042162929325826,Pebbles,UV visors,False
GALAXY_SOUNDS_BLACK_HOLES,PEBBLES_M,0.5040039964044154,0.5040039964044154,Galaxy sounds,Pebbles,False
MICROCHIP_SQUARE,TRANSLATOR_GRAPHITE_MIST,0.5035056261017521,0.5035056261017521,Microchips,Translators,False
GALAXY_SOUNDS_DARK_MATTER,PANEL_1X2,-0.5032298985698553,0.5032298985698553,Galaxy sounds,Panels,False
GALAXY_SOUNDS_SOLAR_WINDS,OXYGEN_SHAKE_EVENING_BREATH,0.5032024422038681,0.5032024422038681,Galaxy sounds,Oxygen shakes,False
PANEL_1X4,SNACKPACK_STRAWBERRY,-0.5028085110130729,0.5028085110130729,Panels,Snackpacks,False
MICROCHIP_SQUARE,SNACKPACK_CHOCOLATE,-0.5025740497795333,0.5025740497795333,Microchips,Snackpacks,False
ROBOT_IRONING,SNACKPACK_VANILLA,-0.500637957860083,0.500637957860083,Robots,Snackpacks,False
PANEL_2X4,UV_VISOR_ORANGE,0.500531217660962,0.500531217660962,Panels,UV visors,False
MICROCHIP_CIRCLE,UV_VISOR_RED,0.5004299062220968,0.5004299062220968,Microchips,UV visors,False
PEBBLES_S,UV_VISOR_ORANGE,-0.5003734643311127,0.5003734643311127,Pebbles,UV visors,False
PEBBLES_M,ROBOT_DISHES,0.4981237349410464,0.4981237349410464,Pebbles,Robots,False
ROBOT_IRONING,TRANSLATOR_VOID_BLUE,-0.4978772881041966,0.4978772881041966,Robots,Translators,False
SNACKPACK_PISTACHIO,SNACKPACK_RASPBERRY,-0.49736120952103047,0.49736120952103047,Snackpacks,Snackpacks,True
TRANSLATOR_GRAPHITE_MIST,UV_VISOR_AMBER,-0.49731082036474317,0.49731082036474317,Translators,UV visors,False
MICROCHIP_CIRCLE,OXYGEN_SHAKE_GARLIC,0.4965738769109836,0.4965738769109836,Microchips,Oxygen shakes,False
PANEL_2X2,TRANSLATOR_SPACE_GRAY,0.49550070264789053,0.49550070264789053,Panels,Translators,False
MICROCHIP_TRIANGLE,OXYGEN_SHAKE_MORNING_BREATH,0.49514332017315377,0.49514332017315377,Microchips,Oxygen shakes,False
SNACKPACK_PISTACHIO,UV_VISOR_RED,-0.49505854461781124,0.49505854461781124,Snackpacks,UV visors,False
GALAXY_SOUNDS_PLANETARY_RINGS,SLEEP_POD_POLYESTER,0.49496486504827986,0.49496486504827986,Galaxy sounds,Sleep pods,False
PANEL_2X2,PANEL_4X4,-0.4940698948572025,0.4940698948572025,Panels,Panels,True
SLEEP_POD_LAMB_WOOL,SLEEP_POD_NYLON,0.49317301761675175,0.49317301761675175,Sleep pods,Sleep pods,True
MICROCHIP_TRIANGLE,UV_VISOR_MAGENTA,-0.4918938165633528,0.4918938165633528,Microchips,UV visors,False
GALAXY_SOUNDS_PLANETARY_RINGS,UV_VISOR_AMBER,-0.49143259552762447,0.49143259552762447,Galaxy sounds,UV visors,False
MICROCHIP_CIRCLE,ROBOT_DISHES,0.4908868949280482,0.4908868949280482,Microchips,Robots,False
PANEL_1X4,PEBBLES_L,-0.48907677714434966,0.48907677714434966,Panels,Pebbles,False
GALAXY_SOUNDS_SOLAR_FLAMES,OXYGEN_SHAKE_EVENING_BREATH,-0.48880634078879476,0.48880634078879476,Galaxy sounds,Oxygen shakes,False
ROBOT_IRONING,TRANSLATOR_ASTRO_BLACK,0.48460209692203776,0.48460209692203776,Robots,Translators,False
ROBOT_IRONING,TRANSLATOR_SPACE_GRAY,0.48310622925459945,0.48310622925459945,Robots,Translators,False
PANEL_1X2,SNACKPACK_VANILLA,0.4827027368967489,0.4827027368967489,Panels,Snackpacks,False
OXYGEN_SHAKE_MORNING_BREATH,UV_VISOR_ORANGE,-0.4826620357575012,0.4826620357575012,Oxygen shakes,UV visors,False
GALAXY_SOUNDS_BLACK_HOLES,OXYGEN_SHAKE_MINT,-0.48194353574967735,0.48194353574967735,Galaxy sounds,Oxygen shakes,False
PANEL_2X2,PANEL_2X4,-0.48194237826994496,0.48194237826994496,Panels,Panels,True
SLEEP_POD_SUEDE,SNACKPACK_CHOCOLATE,-0.48074624260574783,0.48074624260574783,Sleep pods,Snackpacks,False
MICROCHIP_TRIANGLE,PANEL_1X2,-0.480696815941134,0.480696815941134,Microchips,Panels,False
PANEL_1X4,SNACKPACK_VANILLA,-0.47903412954834795,0.47903412954834795,Panels,Snackpacks,False
GALAXY_SOUNDS_BLACK_HOLES,MICROCHIP_CIRCLE,0.47893776448870795,0.47893776448870795,Galaxy sounds,Microchips,False
GALAXY_SOUNDS_BLACK_HOLES,SNACKPACK_VANILLA,0.47833350526126583,0.47833350526126583,Galaxy sounds,Snackpacks,False
MICROCHIP_RECTANGLE,TRANSLATOR_GRAPHITE_MIST,-0.4777560853961915,0.4777560853961915,Microchips,Translators,False
PANEL_1X4,ROBOT_DISHES,-0.4776175180775308,0.4776175180775308,Panels,Robots,False
SLEEP_POD_NYLON,TRANSLATOR_SPACE_GRAY,-0.47592822236277155,0.47592822236277155,Sleep pods,Translators,False
MICROCHIP_OVAL,OXYGEN_SHAKE_MINT,0.47577824020880605,0.47577824020880605,Microchips,Oxygen shakes,False
PEBBLES_M,SNACKPACK_CHOCOLATE,-0.47516580850410084,0.47516580850410084,Pebbles,Snackpacks,False
GALAXY_SOUNDS_SOLAR_WINDS,OXYGEN_SHAKE_GARLIC,0.47458453564957437,0.47458453564957437,Galaxy sounds,Oxygen shakes,False
GALAXY_SOUNDS_BLACK_HOLES,OXYGEN_SHAKE_MORNING_BREATH,-0.47361204146036673,0.47361204146036673,Galaxy sounds,Oxygen shakes,False
PEBBLES_M,UV_VISOR_MAGENTA,0.4725425518116959,0.4725425518116959,Pebbles,UV visors,False
PEBBLES_M,SNACKPACK_STRAWBERRY,0.47063015550638626,0.47063015550638626,Pebbles,Snackpacks,False
SNACKPACK_CHOCOLATE,SNACKPACK_PISTACHIO,0.47043771895490305,0.47043771895490305,Snackpacks,Snackpacks,True
GALAXY_SOUNDS_SOLAR_WINDS,TRANSLATOR_ASTRO_BLACK,-0.46788568104757133,0.46788568104757133,Galaxy sounds,Translators,False
TRANSLATOR_ECLIPSE_CHARCOAL,TRANSLATOR_VOID_BLUE,0.46729210007469674,0.46729210007469674,Translators,Translators,True
OXYGEN_SHAKE_CHOCOLATE,ROBOT_VACUUMING,-0.4654472425562724,0.4654472425562724,Oxygen shakes,Robots,False
GALAXY_SOUNDS_BLACK_HOLES,GALAXY_SOUNDS_SOLAR_WINDS,0.46534589194941317,0.46534589194941317,Galaxy sounds,Galaxy sounds,True
GALAXY_SOUNDS_BLACK_HOLES,MICROCHIP_RECTANGLE,-0.465160736903869,0.465160736903869,Galaxy sounds,Microchips,False
PANEL_1X2,UV_VISOR_RED,0.46494809537434095,0.46494809537434095,Panels,UV visors,False
MICROCHIP_CIRCLE,PANEL_2X4,0.4643293763042405,0.4643293763042405,Microchips,Panels,False
SNACKPACK_CHOCOLATE,UV_VISOR_RED,-0.4617914412800996,0.4617914412800996,Snackpacks,UV visors,False
PEBBLES_S,TRANSLATOR_ASTRO_BLACK,0.46154284786521027,0.46154284786521027,Pebbles,Translators,False
GALAXY_SOUNDS_SOLAR_WINDS,SLEEP_POD_SUEDE,0.45885346234693275,0.45885346234693275,Galaxy sounds,Sleep pods,False
TRANSLATOR_ECLIPSE_CHARCOAL,UV_VISOR_YELLOW,0.45852723574304466,0.45852723574304466,Translators,UV visors,False
GALAXY_SOUNDS_PLANETARY_RINGS,TRANSLATOR_ECLIPSE_CHARCOAL,0.45811528464757206,0.45811528464757206,Galaxy sounds,Translators,False
SLEEP_POD_NYLON,SNACKPACK_VANILLA,0.4575841811389511,0.4575841811389511,Sleep pods,Snackpacks,False
MICROCHIP_TRIANGLE,SLEEP_POD_SUEDE,-0.45753993200486087,0.45753993200486087,Microchips,Sleep pods,False
GALAXY_SOUNDS_SOLAR_WINDS,SNACKPACK_CHOCOLATE,-0.45709850184953077,0.45709850184953077,Galaxy sounds,Snackpacks,False
ROBOT_MOPPING,UV_VISOR_ORANGE,0.456173620560298,0.456173620560298,Robots,UV visors,False
GALAXY_SOUNDS_SOLAR_WINDS,ROBOT_DISHES,0.4559299942552607,0.4559299942552607,Galaxy sounds,Robots,False
OXYGEN_SHAKE_MINT,ROBOT_MOPPING,-0.4550082372223148,0.4550082372223148,Oxygen shakes,Robots,False
ROBOT_LAUNDRY,TRANSLATOR_SPACE_GRAY,0.45430972780523116,0.45430972780523116,Robots,Translators,False
GALAXY_SOUNDS_SOLAR_WINDS,UV_VISOR_MAGENTA,0.4525012545985307,0.4525012545985307,Galaxy sounds,UV visors,False
SLEEP_POD_LAMB_WOOL,UV_VISOR_RED,0.45165701029798555,0.45165701029798555,Sleep pods,UV visors,False
MICROCHIP_SQUARE,MICROCHIP_TRIANGLE,-0.450494764019827,0.450494764019827,Microchips,Microchips,True
GALAXY_SOUNDS_SOLAR_FLAMES,PANEL_4X4,-0.44983635288613344,0.44983635288613344,Galaxy sounds,Panels,False
MICROCHIP_CIRCLE,PEBBLES_L,-0.4496102843489679,0.4496102843489679,Microchips,Pebbles,False
OXYGEN_SHAKE_EVENING_BREATH,TRANSLATOR_GRAPHITE_MIST,0.4487462860959258,0.4487462860959258,Oxygen shakes,Translators,False
TRANSLATOR_GRAPHITE_MIST,UV_VISOR_RED,0.44849660939314434,0.44849660939314434,Translators,UV visors,False
OXYGEN_SHAKE_MINT,ROBOT_IRONING,0.44750391790563093,0.44750391790563093,Oxygen shakes,Robots,False
MICROCHIP_OVAL,SNACKPACK_VANILLA,-0.4474382151457186,0.4474382151457186,Microchips,Snackpacks,False
ROBOT_LAUNDRY,TRANSLATOR_VOID_BLUE,-0.4463341421178061,0.4463341421178061,Robots,Translators,False
OXYGEN_SHAKE_CHOCOLATE,PEBBLES_XS,-0.44560719342805444,0.44560719342805444,Oxygen shakes,Pebbles,False
PEBBLES_XL,UV_VISOR_ORANGE,0.44555156542107854,0.44555156542107854,Pebbles,UV visors,False
MICROCHIP_TRIANGLE,SNACKPACK_VANILLA,-0.44532630577553556,0.44532630577553556,Microchips,Snackpacks,False
PANEL_1X4,TRANSLATOR_ASTRO_BLACK,0.44410844397937765,0.44410844397937765,Panels,Translators,False
MICROCHIP_TRIANGLE,TRANSLATOR_VOID_BLUE,-0.4438972648053506,0.4438972648053506,Microchips,Translators,False
UV_VISOR_RED,UV_VISOR_YELLOW,-0.44256946933526664,0.44256946933526664,UV visors,UV visors,True
GALAXY_SOUNDS_DARK_MATTER,MICROCHIP_RECTANGLE,-0.44192551956497217,0.44192551956497217,Galaxy sounds,Microchips,False
PEBBLES_M,UV_VISOR_ORANGE,0.4419247033071257,0.4419247033071257,Pebbles,UV visors,False
PANEL_2X2,SNACKPACK_STRAWBERRY,-0.4419196132330329,0.4419196132330329,Panels,Snackpacks,False
MICROCHIP_CIRCLE,SNACKPACK_VANILLA,0.4413782075191938,0.4413782075191938,Microchips,Snackpacks,False
OXYGEN_SHAKE_MORNING_BREATH,TRANSLATOR_VOID_BLUE,-0.44127830817971797,0.44127830817971797,Oxygen shakes,Translators,False
SNACKPACK_PISTACHIO,SNACKPACK_STRAWBERRY,-0.4412373627927814,0.4412373627927814,Snackpacks,Snackpacks,True
ROBOT_LAUNDRY,SNACKPACK_VANILLA,-0.4411416107368136,0.4411416107368136,Robots,Snackpacks,False
OXYGEN_SHAKE_EVENING_BREATH,SLEEP_POD_NYLON,0.4405702062227184,0.4405702062227184,Oxygen shakes,Sleep pods,False
SLEEP_POD_NYLON,TRANSLATOR_ECLIPSE_CHARCOAL,-0.4405037162349172,0.4405037162349172,Sleep pods,Translators,False
ROBOT_DISHES,ROBOT_MOPPING,0.4391419773728793,0.4391419773728793,Robots,Robots,True
ROBOT_MOPPING,UV_VISOR_RED,0.43756220026976594,0.43756220026976594,Robots,UV visors,False
SLEEP_POD_POLYESTER,TRANSLATOR_SPACE_GRAY,-0.4372767443780879,0.4372767443780879,Sleep pods,Translators,False
OXYGEN_SHAKE_MORNING_BREATH,UV_VISOR_RED,-0.43650563364175593,0.43650563364175593,Oxygen shakes,UV visors,False
SLEEP_POD_NYLON,SNACKPACK_PISTACHIO,-0.4359469759823671,0.4359469759823671,Sleep pods,Snackpacks,False
MICROCHIP_RECTANGLE,ROBOT_LAUNDRY,0.4358333666293511,0.4358333666293511,Microchips,Robots,False
GALAXY_SOUNDS_PLANETARY_RINGS,SNACKPACK_STRAWBERRY,0.435552907531343,0.435552907531343,Galaxy sounds,Snackpacks,False
GALAXY_SOUNDS_SOLAR_WINDS,SNACKPACK_STRAWBERRY,0.4346973046322138,0.4346973046322138,Galaxy sounds,Snackpacks,False
GALAXY_SOUNDS_DARK_MATTER,GALAXY_SOUNDS_PLANETARY_RINGS,0.43421141924060136,0.43421141924060136,Galaxy sounds,Galaxy sounds,True
MICROCHIP_TRIANGLE,UV_VISOR_ORANGE,-0.4323787755276153,0.4323787755276153,Microchips,UV visors,False
GALAXY_SOUNDS_SOLAR_FLAMES,ROBOT_LAUNDRY,0.4321874318701214,0.4321874318701214,Galaxy sounds,Robots,False
PEBBLES_L,SLEEP_POD_POLYESTER,0.4315665980560392,0.4315665980560392,Pebbles,Sleep pods,False
OXYGEN_SHAKE_MINT,SLEEP_POD_NYLON,-0.4309136828064527,0.4309136828064527,Oxygen shakes,Sleep pods,False
SLEEP_POD_SUEDE,TRANSLATOR_GRAPHITE_MIST,0.42870320357115754,0.42870320357115754,Sleep pods,Translators,False
TRANSLATOR_GRAPHITE_MIST,UV_VISOR_ORANGE,0.42739509329050773,0.42739509329050773,Translators,UV visors,False
GALAXY_SOUNDS_SOLAR_WINDS,OXYGEN_SHAKE_CHOCOLATE,0.42624622356738207,0.42624622356738207,Galaxy sounds,Oxygen shakes,False
OXYGEN_SHAKE_MORNING_BREATH,PEBBLES_XL,-0.4260476735898736,0.4260476735898736,Oxygen shakes,Pebbles,False
MICROCHIP_TRIANGLE,TRANSLATOR_GRAPHITE_MIST,-0.42448721569184983,0.42448721569184983,Microchips,Translators,False
OXYGEN_SHAKE_CHOCOLATE,UV_VISOR_AMBER,-0.42439360547732613,0.42439360547732613,Oxygen shakes,UV visors,False
PANEL_2X2,SNACKPACK_VANILLA,-0.42192040272519626,0.42192040272519626,Panels,Snackpacks,False
SNACKPACK_CHOCOLATE,TRANSLATOR_SPACE_GRAY,0.4213210085551053,0.4213210085551053,Snackpacks,Translators,False
OXYGEN_SHAKE_GARLIC,SNACKPACK_VANILLA,0.42079457667442943,0.42079457667442943,Oxygen shakes,Snackpacks,False
OXYGEN_SHAKE_MINT,SNACKPACK_CHOCOLATE,0.42035392829688734,0.42035392829688734,Oxygen shakes,Snackpacks,False
GALAXY_SOUNDS_PLANETARY_RINGS,ROBOT_VACUUMING,-0.41992045545645645,0.41992045545645645,Galaxy sounds,Robots,False
PEBBLES_XL,ROBOT_MOPPING,0.41942362921046483,0.41942362921046483,Pebbles,Robots,False
OXYGEN_SHAKE_EVENING_BREATH,PEBBLES_L,0.4194010869952695,0.4194010869952695,Oxygen shakes,Pebbles,False
OXYGEN_SHAKE_EVENING_BREATH,PANEL_1X4,-0.4182637377150223,0.4182637377150223,Oxygen shakes,Panels,False
OXYGEN_SHAKE_EVENING_BREATH,UV_VISOR_YELLOW,-0.4170362249700666,0.4170362249700666,Oxygen shakes,UV visors,False
SLEEP_POD_COTTON,TRANSLATOR_ASTRO_BLACK,-0.41638079178676685,0.41638079178676685,Sleep pods,Translators,False
UV_VISOR_ORANGE,UV_VISOR_RED,0.41600878367271216,0.41600878367271216,UV visors,UV visors,True
PANEL_2X2,PEBBLES_XS,0.4156697874558915,0.4156697874558915,Panels,Pebbles,False
MICROCHIP_CIRCLE,MICROCHIP_OVAL,-0.41550078822888925,0.41550078822888925,Microchips,Microchips,True
MICROCHIP_TRIANGLE,UV_VISOR_YELLOW,0.4145445174832666,0.4145445174832666,Microchips,UV visors,False
PEBBLES_XS,SLEEP_POD_NYLON,-0.414446471609241,0.414446471609241,Pebbles,Sleep pods,False
GALAXY_SOUNDS_SOLAR_FLAMES,TRANSLATOR_GRAPHITE_MIST,-0.4140893374687269,0.4140893374687269,Galaxy sounds,Translators,False
SNACKPACK_CHOCOLATE,UV_VISOR_ORANGE,-0.413739827851198,0.413739827851198,Snackpacks,UV visors,False
SNACKPACK_RASPBERRY,SNACKPACK_STRAWBERRY,-0.41361094370422663,0.41361094370422663,Snackpacks,Snackpacks,True
SNACKPACK_PISTACHIO,TRANSLATOR_SPACE_GRAY,0.4132306222683898,0.4132306222683898,Snackpacks,Translators,False
TRANSLATOR_ECLIPSE_CHARCOAL,UV_VISOR_MAGENTA,0.41297781983468956,0.41297781983468956,Translators,UV visors,False
TRANSLATOR_GRAPHITE_MIST,UV_VISOR_MAGENTA,0.4128924956617585,0.4128924956617585,Translators,UV visors,False
ROBOT_MOPPING,TRANSLATOR_VOID_BLUE,0.41275594261346643,0.41275594261346643,Robots,Translators,False
PANEL_1X2,ROBOT_LAUNDRY,-0.41238172828252284,0.41238172828252284,Panels,Robots,False
TRANSLATOR_SPACE_GRAY,UV_VISOR_MAGENTA,-0.41152494997303246,0.41152494997303246,Translators,UV visors,False
GALAXY_SOUNDS_BLACK_HOLES,TRANSLATOR_ASTRO_BLACK,-0.4108126478285981,0.4108126478285981,Galaxy sounds,Translators,False
OXYGEN_SHAKE_EVENING_BREATH,PANEL_1X2,0.4094037358040939,0.4094037358040939,Oxygen shakes,Panels,False
PEBBLES_L,ROBOT_LAUNDRY,-0.4085958925974877,0.4085958925974877,Pebbles,Robots,False
OXYGEN_SHAKE_MINT,PEBBLES_S,0.40704937541008146,0.40704937541008146,Oxygen shakes,Pebbles,False
MICROCHIP_SQUARE,PEBBLES_L,0.4042539017423348,0.4042539017423348,Microchips,Pebbles,False
ROBOT_IRONING,UV_VISOR_ORANGE,-0.40297790656746163,0.40297790656746163,Robots,UV visors,False
PANEL_4X4,PEBBLES_L,0.40203037287189164,0.40203037287189164,Panels,Pebbles,False
GALAXY_SOUNDS_PLANETARY_RINGS,UV_VISOR_YELLOW,0.4005426803221414,0.4005426803221414,Galaxy sounds,UV visors,False
PEBBLES_S,SNACKPACK_VANILLA,-0.3992246911635738,0.3992246911635738,Pebbles,Snackpacks,False
GALAXY_SOUNDS_BLACK_HOLES,UV_VISOR_ORANGE,0.3988301736627909,0.3988301736627909,Galaxy sounds,UV visors,False
SLEEP_POD_COTTON,SLEEP_POD_NYLON,0.3974435453972764,0.3974435453972764,Sleep pods,Sleep pods,True
PEBBLES_L,ROBOT_MOPPING,0.39742903755195397,0.39742903755195397,Pebbles,Robots,False
OXYGEN_SHAKE_GARLIC,UV_VISOR_ORANGE,0.3956968512128435,0.3956968512128435,Oxygen shakes,UV visors,False
OXYGEN_SHAKE_MORNING_BREATH,PANEL_2X2,0.39539598290459704,0.39539598290459704,Oxygen shakes,Panels,False
SLEEP_POD_SUEDE,TRANSLATOR_ECLIPSE_CHARCOAL,0.3953031537162295,0.3953031537162295,Sleep pods,Translators,False
GALAXY_SOUNDS_SOLAR_WINDS,SLEEP_POD_LAMB_WOOL,0.39415511707852147,0.39415511707852147,Galaxy sounds,Sleep pods,False
GALAXY_SOUNDS_SOLAR_WINDS,OXYGEN_SHAKE_MINT,-0.39339421283359566,0.39339421283359566,Galaxy sounds,Oxygen shakes,False
PANEL_2X2,PEBBLES_L,-0.3933198455480028,0.3933198455480028,Panels,Pebbles,False
OXYGEN_SHAKE_MORNING_BREATH,PEBBLES_L,-0.3928703412565299,0.3928703412565299,Oxygen shakes,Pebbles,False
PEBBLES_XL,SNACKPACK_VANILLA,0.39007098267511753,0.39007098267511753,Pebbles,Snackpacks,False
GALAXY_SOUNDS_DARK_MATTER,OXYGEN_SHAKE_CHOCOLATE,-0.3889653429422411,0.3889653429422411,Galaxy sounds,Oxygen shakes,False
OXYGEN_SHAKE_EVENING_BREATH,ROBOT_LAUNDRY,-0.3889260068194828,0.3889260068194828,Oxygen shakes,Robots,False
OXYGEN_SHAKE_CHOCOLATE,PANEL_1X4,-0.38872461899035693,0.38872461899035693,Oxygen shakes,Panels,False
ROBOT_VACUUMING,SNACKPACK_VANILLA,-0.38797163121163686,0.38797163121163686,Robots,Snackpacks,False
GALAXY_SOUNDS_DARK_MATTER,MICROCHIP_SQUARE,0.38733296154440927,0.38733296154440927,Galaxy sounds,Microchips,False
MICROCHIP_CIRCLE,SNACKPACK_CHOCOLATE,-0.38595539638185805,0.38595539638185805,Microchips,Snackpacks,False
PEBBLES_XS,TRANSLATOR_GRAPHITE_MIST,-0.38578377441032613,0.38578377441032613,Pebbles,Translators,False
OXYGEN_SHAKE_CHOCOLATE,SNACKPACK_PISTACHIO,-0.38325444023633876,0.38325444023633876,Oxygen shakes,Snackpacks,False
OXYGEN_SHAKE_MINT,PANEL_1X2,-0.3831631262963501,0.3831631262963501,Oxygen shakes,Panels,False
GALAXY_SOUNDS_SOLAR_FLAMES,PANEL_1X4,0.38309732551102127,0.38309732551102127,Galaxy sounds,Panels,False
GALAXY_SOUNDS_SOLAR_FLAMES,SLEEP_POD_NYLON,-0.3818007620103027,0.3818007620103027,Galaxy sounds,Sleep pods,False
PEBBLES_L,ROBOT_VACUUMING,-0.3803771370766607,0.3803771370766607,Pebbles,Robots,False
SLEEP_POD_NYLON,UV_VISOR_AMBER,-0.37959498421762455,0.37959498421762455,Sleep pods,UV visors,False
SLEEP_POD_COTTON,TRANSLATOR_SPACE_GRAY,-0.37935248205210337,0.37935248205210337,Sleep pods,Translators,False
SLEEP_POD_COTTON,SNACKPACK_VANILLA,0.3786425886987903,0.3786425886987903,Sleep pods,Snackpacks,False
OXYGEN_SHAKE_CHOCOLATE,TRANSLATOR_VOID_BLUE,0.3785653436115511,0.3785653436115511,Oxygen shakes,Translators,False
PANEL_1X4,TRANSLATOR_VOID_BLUE,-0.3779046975945967,0.3779046975945967,Panels,Translators,False
PEBBLES_XL,SLEEP_POD_NYLON,0.37665205270575763,0.37665205270575763,Pebbles,Sleep pods,False
OXYGEN_SHAKE_MINT,SLEEP_POD_POLYESTER,-0.37531901375821514,0.37531901375821514,Oxygen shakes,Sleep pods,False
GALAXY_SOUNDS_SOLAR_WINDS,PEBBLES_L,0.3748360566437859,0.3748360566437859,Galaxy sounds,Pebbles,False
GALAXY_SOUNDS_PLANETARY_RINGS,OXYGEN_SHAKE_MORNING_BREATH,-0.37360837143538245,0.37360837143538245,Galaxy sounds,Oxygen shakes,False
GALAXY_SOUNDS_SOLAR_FLAMES,PANEL_1X2,-0.3734650968207947,0.3734650968207947,Galaxy sounds,Panels,False
ROBOT_VACUUMING,TRANSLATOR_SPACE_GRAY,0.3727688079959184,0.3727688079959184,Robots,Translators,False
PANEL_4X4,PEBBLES_XL,-0.37182745331534756,0.37182745331534756,Panels,Pebbles,False
MICROCHIP_TRIANGLE,SLEEP_POD_LAMB_WOOL,-0.3713728687327119,0.3713728687327119,Microchips,Sleep pods,False
GALAXY_SOUNDS_SOLAR_WINDS,PANEL_1X2,0.37127114435415914,0.37127114435415914,Galaxy sounds,Panels,False
PANEL_4X4,TRANSLATOR_VOID_BLUE,-0.3710349727103426,0.3710349727103426,Panels,Translators,False
MICROCHIP_CIRCLE,PANEL_2X2,-0.3698873974081087,0.3698873974081087,Microchips,Panels,False
ROBOT_LAUNDRY,TRANSLATOR_ASTRO_BLACK,0.3661321764077498,0.3661321764077498,Robots,Translators,False
GALAXY_SOUNDS_SOLAR_FLAMES,ROBOT_MOPPING,-0.36554517584675333,0.36554517584675333,Galaxy sounds,Robots,False
SNACKPACK_VANILLA,TRANSLATOR_VOID_BLUE,0.3648984799089014,0.3648984799089014,Snackpacks,Translators,False
OXYGEN_SHAKE_EVENING_BREATH,PEBBLES_M,0.36059742567966446,0.36059742567966446,Oxygen shakes,Pebbles,False
PEBBLES_XS,SNACKPACK_VANILLA,-0.36038010262279474,0.36038010262279474,Pebbles,Snackpacks,False
PEBBLES_L,SLEEP_POD_SUEDE,0.36020462033177775,0.36020462033177775,Pebbles,Sleep pods,False
PANEL_1X2,SNACKPACK_CHOCOLATE,-0.3584875149599909,0.3584875149599909,Panels,Snackpacks,False
OXYGEN_SHAKE_MORNING_BREATH,SNACKPACK_VANILLA,-0.35627254422188814,0.35627254422188814,Oxygen shakes,Snackpacks,False
MICROCHIP_RECTANGLE,SNACKPACK_CHOCOLATE,0.3553960012221123,0.3553960012221123,Microchips,Snackpacks,False
MICROCHIP_SQUARE,UV_VISOR_RED,0.3552353935716107,0.3552353935716107,Microchips,UV visors,False
PANEL_1X4,PEBBLES_XL,-0.35511592333104863,0.35511592333104863,Panels,Pebbles,False
PEBBLES_M,SLEEP_POD_LAMB_WOOL,0.3543953389928128,0.3543953389928128,Pebbles,Sleep pods,False
OXYGEN_SHAKE_CHOCOLATE,SNACKPACK_STRAWBERRY,0.3535260209640151,0.3535260209640151,Oxygen shakes,Snackpacks,False
PANEL_4X4,ROBOT_LAUNDRY,-0.3524001980106407,0.3524001980106407,Panels,Robots,False
PANEL_2X2,SNACKPACK_PISTACHIO,0.35219395945251797,0.35219395945251797,Panels,Snackpacks,False
SNACKPACK_STRAWBERRY,TRANSLATOR_GRAPHITE_MIST,0.3521710549598764,0.3521710549598764,Snackpacks,Translators,False
PEBBLES_S,TRANSLATOR_GRAPHITE_MIST,-0.35146282088354047,0.35146282088354047,Pebbles,Translators,False
GALAXY_SOUNDS_SOLAR_WINDS,PEBBLES_XL,0.3505875578208337,0.3505875578208337,Galaxy sounds,Pebbles,False
PEBBLES_M,PEBBLES_XL,0.3504702680300068,0.3504702680300068,Pebbles,Pebbles,True
PANEL_2X2,SLEEP_POD_LAMB_WOOL,-0.3504185822765087,0.3504185822765087,Panels,Sleep pods,False
SNACKPACK_STRAWBERRY,TRANSLATOR_ECLIPSE_CHARCOAL,0.3500632271955642,0.3500632271955642,Snackpacks,Translators,False
PANEL_2X2,UV_VISOR_ORANGE,-0.34965827529534765,0.34965827529534765,Panels,UV visors,False
OXYGEN_SHAKE_CHOCOLATE,PEBBLES_M,0.3490143436368696,0.3490143436368696,Oxygen shakes,Pebbles,False
OXYGEN_SHAKE_EVENING_BREATH,ROBOT_VACUUMING,-0.34830781866652577,0.34830781866652577,Oxygen shakes,Robots,False
OXYGEN_SHAKE_CHOCOLATE,OXYGEN_SHAKE_MORNING_BREATH,-0.346869354187696,0.346869354187696,Oxygen shakes,Oxygen shakes,True
MICROCHIP_RECTANGLE,UV_VISOR_YELLOW,-0.3462649224229551,0.3462649224229551,Microchips,UV visors,False
GALAXY_SOUNDS_DARK_MATTER,SLEEP_POD_LAMB_WOOL,-0.34567363671277407,0.34567363671277407,Galaxy sounds,Sleep pods,False
GALAXY_SOUNDS_PLANETARY_RINGS,PANEL_4X4,-0.3453046452730775,0.3453046452730775,Galaxy sounds,Panels,False
OXYGEN_SHAKE_MINT,UV_VISOR_ORANGE,-0.34421442022608195,0.34421442022608195,Oxygen shakes,UV visors,False
OXYGEN_SHAKE_MINT,SNACKPACK_RASPBERRY,0.3441312741653021,0.3441312741653021,Oxygen shakes,Snackpacks,False
PANEL_4X4,TRANSLATOR_ASTRO_BLACK,0.3419365858903244,0.3419365858903244,Panels,Translators,False
GALAXY_SOUNDS_SOLAR_FLAMES,PEBBLES_L,-0.3413137278208484,0.3413137278208484,Galaxy sounds,Pebbles,False
PANEL_1X4,SLEEP_POD_LAMB_WOOL,-0.340401491522857,0.340401491522857,Panels,Sleep pods,False
OXYGEN_SHAKE_CHOCOLATE,SLEEP_POD_LAMB_WOOL,0.3394735935818475,0.3394735935818475,Oxygen shakes,Sleep pods,False
GALAXY_SOUNDS_BLACK_HOLES,TRANSLATOR_GRAPHITE_MIST,0.33862030968697276,0.33862030968697276,Galaxy sounds,Translators,False
MICROCHIP_RECTANGLE,MICROCHIP_TRIANGLE,0.3384877266885645,0.3384877266885645,Microchips,Microchips,True
PEBBLES_L,UV_VISOR_AMBER,-0.3374473580700506,0.3374473580700506,Pebbles,UV visors,False
MICROCHIP_RECTANGLE,PANEL_1X2,0.3370851927527906,0.3370851927527906,Microchips,Panels,False
MICROCHIP_CIRCLE,ROBOT_LAUNDRY,-0.3366277665219408,0.3366277665219408,Microchips,Robots,False
GALAXY_SOUNDS_DARK_MATTER,SLEEP_POD_NYLON,-0.3361107270913995,0.3361107270913995,Galaxy sounds,Sleep pods,False
SLEEP_POD_NYLON,TRANSLATOR_GRAPHITE_MIST,0.33575856336722837,0.33575856336722837,Sleep pods,Translators,False
PEBBLES_L,PEBBLES_M,0.33538756733036784,0.33538756733036784,Pebbles,Pebbles,True
GALAXY_SOUNDS_SOLAR_FLAMES,GALAXY_SOUNDS_SOLAR_WINDS,-0.33521984370097624,0.33521984370097624,Galaxy sounds,Galaxy sounds,True
ROBOT_LAUNDRY,SLEEP_POD_LAMB_WOOL,-0.3351104705405093,0.3351104705405093,Robots,Sleep pods,False
SNACKPACK_VANILLA,UV_VISOR_AMBER,-0.33408660433581394,0.33408660433581394,Snackpacks,UV visors,False
GALAXY_SOUNDS_SOLAR_FLAMES,ROBOT_VACUUMING,0.3334955896362795,0.3334955896362795,Galaxy sounds,Robots,False
SLEEP_POD_POLYESTER,TRANSLATOR_ECLIPSE_CHARCOAL,0.3322377954577792,0.3322377954577792,Sleep pods,Translators,False
GALAXY_SOUNDS_DARK_MATTER,SLEEP_POD_POLYESTER,0.32803110767985,0.32803110767985,Galaxy sounds,Sleep pods,False
OXYGEN_SHAKE_CHOCOLATE,SLEEP_POD_POLYESTER,0.3278247453064536,0.3278247453064536,Oxygen shakes,Sleep pods,False
PANEL_1X2,TRANSLATOR_VOID_BLUE,-0.3277223843979462,0.3277223843979462,Panels,Translators,False
OXYGEN_SHAKE_EVENING_BREATH,UV_VISOR_ORANGE,0.32691662910104463,0.32691662910104463,Oxygen shakes,UV visors,False
MICROCHIP_CIRCLE,SLEEP_POD_LAMB_WOOL,0.3265777812230496,0.3265777812230496,Microchips,Sleep pods,False
PANEL_2X2,PEBBLES_XL,-0.3257938426435898,0.3257938426435898,Panels,Pebbles,False
SLEEP_POD_SUEDE,UV_VISOR_RED,0.32577316431845915,0.32577316431845915,Sleep pods,UV visors,False
GALAXY_SOUNDS_PLANETARY_RINGS,OXYGEN_SHAKE_MINT,0.324938522547102,0.324938522547102,Galaxy sounds,Oxygen shakes,False
SNACKPACK_PISTACHIO,TRANSLATOR_GRAPHITE_MIST,-0.3238416379899084,0.3238416379899084,Snackpacks,Translators,False
MICROCHIP_SQUARE,PANEL_1X2,-0.32321672129461715,0.32321672129461715,Microchips,Panels,False
OXYGEN_SHAKE_MINT,PEBBLES_M,-0.32299071195276957,0.32299071195276957,Oxygen shakes,Pebbles,False
SLEEP_POD_LAMB_WOOL,SNACKPACK_VANILLA,0.3229196801859134,0.3229196801859134,Sleep pods,Snackpacks,False
GALAXY_SOUNDS_DARK_MATTER,TRANSLATOR_GRAPHITE_MIST,0.3228463633186554,0.3228463633186554,Galaxy sounds,Translators,False
MICROCHIP_OVAL,PEBBLES_L,-0.32264521400350216,0.32264521400350216,Microchips,Pebbles,False
GALAXY_SOUNDS_DARK_MATTER,ROBOT_MOPPING,0.32260958268637163,0.32260958268637163,Galaxy sounds,Robots,False
GALAXY_SOUNDS_SOLAR_FLAMES,OXYGEN_SHAKE_MINT,0.3221614799017425,0.3221614799017425,Galaxy sounds,Oxygen shakes,False
OXYGEN_SHAKE_CHOCOLATE,SLEEP_POD_COTTON,0.32178611393085566,0.32178611393085566,Oxygen shakes,Sleep pods,False
PANEL_2X2,UV_VISOR_MAGENTA,-0.3216444451032383,0.3216444451032383,Panels,UV visors,False
OXYGEN_SHAKE_EVENING_BREATH,OXYGEN_SHAKE_MORNING_BREATH,-0.32157967313852404,0.32157967313852404,Oxygen shakes,Oxygen shakes,True
OXYGEN_SHAKE_GARLIC,OXYGEN_SHAKE_MINT,-0.32098271860628413,0.32098271860628413,Oxygen shakes,Oxygen shakes,True
GALAXY_SOUNDS_SOLAR_WINDS,TRANSLATOR_ECLIPSE_CHARCOAL,-0.3202631062289799,0.3202631062289799,Galaxy sounds,Translators,False
PANEL_1X2,SLEEP_POD_SUEDE,-0.31975956066549693,0.31975956066549693,Panels,Sleep pods,False
TRANSLATOR_ECLIPSE_CHARCOAL,UV_VISOR_ORANGE,0.3193385285772048,0.3193385285772048,Translators,UV visors,False
OXYGEN_SHAKE_MINT,ROBOT_VACUUMING,0.318627823047777,0.318627823047777,Oxygen shakes,Robots,False
GALAXY_SOUNDS_PLANETARY_RINGS,MICROCHIP_CIRCLE,-0.31823532307366476,0.31823532307366476,Galaxy sounds,Microchips,False
GALAXY_SOUNDS_DARK_MATTER,SLEEP_POD_SUEDE,0.31802179198149166,0.31802179198149166,Galaxy sounds,Sleep pods,False
GALAXY_SOUNDS_PLANETARY_RINGS,PEBBLES_XL,0.3167817331576948,0.3167817331576948,Galaxy sounds,Pebbles,False
TRANSLATOR_SPACE_GRAY,UV_VISOR_YELLOW,0.3165545342609561,0.3165545342609561,Translators,UV visors,False
MICROCHIP_CIRCLE,PANEL_4X4,-0.31635835462098133,0.31635835462098133,Microchips,Panels,False
GALAXY_SOUNDS_DARK_MATTER,UV_VISOR_MAGENTA,0.3160025743592418,0.3160025743592418,Galaxy sounds,UV visors,False
GALAXY_SOUNDS_SOLAR_FLAMES,OXYGEN_SHAKE_MORNING_BREATH,0.3156499601611894,0.3156499601611894,Galaxy sounds,Oxygen shakes,False
OXYGEN_SHAKE_CHOCOLATE,ROBOT_MOPPING,0.3149629509888658,0.3149629509888658,Oxygen shakes,Robots,False
GALAXY_SOUNDS_DARK_MATTER,TRANSLATOR_SPACE_GRAY,0.31494344945742364,0.31494344945742364,Galaxy sounds,Translators,False
SNACKPACK_PISTACHIO,SNACKPACK_VANILLA,-0.313141458726676,0.313141458726676,Snackpacks,Snackpacks,True
UV_VISOR_MAGENTA,UV_VISOR_RED,0.3128424104545114,0.3128424104545114,UV visors,UV visors,True
PEBBLES_L,ROBOT_IRONING,-0.31217445044037995,0.31217445044037995,Pebbles,Robots,False
PANEL_2X2,UV_VISOR_YELLOW,0.3114107209703144,0.3114107209703144,Panels,UV visors,False
SNACKPACK_VANILLA,TRANSLATOR_SPACE_GRAY,-0.3108929918393507,0.3108929918393507,Snackpacks,Translators,False
ROBOT_IRONING,SLEEP_POD_LAMB_WOOL,-0.3105903881531391,0.3105903881531391,Robots,Sleep pods,False
ROBOT_DISHES,SNACKPACK_VANILLA,0.30933349117294645,0.30933349117294645,Robots,Snackpacks,False
PEBBLES_L,SNACKPACK_STRAWBERRY,0.3083623882361029,0.3083623882361029,Pebbles,Snackpacks,False
OXYGEN_SHAKE_EVENING_BREATH,PANEL_2X2,-0.30813235735568206,0.30813235735568206,Oxygen shakes,Panels,False
PANEL_1X2,PANEL_1X4,-0.3080763745556358,0.3080763745556358,Panels,Panels,True
SLEEP_POD_NYLON,SLEEP_POD_POLYESTER,0.3075716927503879,0.3075716927503879,Sleep pods,Sleep pods,True
MICROCHIP_TRIANGLE,TRANSLATOR_ASTRO_BLACK,0.3059747839713914,0.3059747839713914,Microchips,Translators,False
PEBBLES_M,SNACKPACK_VANILLA,0.30561720048190566,0.30561720048190566,Pebbles,Snackpacks,False
OXYGEN_SHAKE_EVENING_BREATH,OXYGEN_SHAKE_MINT,-0.3052909756745179,0.3052909756745179,Oxygen shakes,Oxygen shakes,True
ROBOT_DISHES,TRANSLATOR_GRAPHITE_MIST,0.30505053438064944,0.30505053438064944,Robots,Translators,False
SNACKPACK_CHOCOLATE,TRANSLATOR_ASTRO_BLACK,0.3046770910108938,0.3046770910108938,Snackpacks,Translators,False
GALAXY_SOUNDS_SOLAR_WINDS,UV_VISOR_YELLOW,-0.3041487659242239,0.3041487659242239,Galaxy sounds,UV visors,False
SLEEP_POD_LAMB_WOOL,SNACKPACK_CHOCOLATE,-0.3037109421187182,0.3037109421187182,Sleep pods,Snackpacks,False
GALAXY_SOUNDS_PLANETARY_RINGS,PEBBLES_L,0.302898980909504,0.302898980909504,Galaxy sounds,Pebbles,False
PANEL_1X2,TRANSLATOR_ASTRO_BLACK,0.30262321998750646,0.30262321998750646,Panels,Translators,False
OXYGEN_SHAKE_MINT,ROBOT_DISHES,-0.3018425285049683,0.3018425285049683,Oxygen shakes,Robots,False
SNACKPACK_VANILLA,UV_VISOR_MAGENTA,0.3016751510008124,0.3016751510008124,Snackpacks,UV visors,False
OXYGEN_SHAKE_MINT,PANEL_2X4,-0.3000374983498552,0.3000374983498552,Oxygen shakes,Panels,False
PEBBLES_M,TRANSLATOR_ECLIPSE_CHARCOAL,-0.29993215831014514,0.29993215831014514,Pebbles,Translators,False
OXYGEN_SHAKE_MINT,UV_VISOR_AMBER,0.2976464279670991,0.2976464279670991,Oxygen shakes,UV visors,False
PANEL_4X4,SLEEP_POD_COTTON,0.2972995004359106,0.2972995004359106,Panels,Sleep pods,False
GALAXY_SOUNDS_DARK_MATTER,UV_VISOR_RED,-0.29624444748159634,0.29624444748159634,Galaxy sounds,UV visors,False
GALAXY_SOUNDS_SOLAR_WINDS,SNACKPACK_VANILLA,0.2960796191002344,0.2960796191002344,Galaxy sounds,Snackpacks,False
SNACKPACK_VANILLA,UV_VISOR_RED,0.29575212884694063,0.29575212884694063,Snackpacks,UV visors,False
OXYGEN_SHAKE_MINT,TRANSLATOR_SPACE_GRAY,0.2952644345917026,0.2952644345917026,Oxygen shakes,Translators,False
PANEL_1X4,TRANSLATOR_ECLIPSE_CHARCOAL,0.29464144303656753,0.29464144303656753,Panels,Translators,False
PEBBLES_M,TRANSLATOR_VOID_BLUE,0.2943628842051665,0.2943628842051665,Pebbles,Translators,False
SLEEP_POD_LAMB_WOOL,SNACKPACK_RASPBERRY,0.29358640408947073,0.29358640408947073,Sleep pods,Snackpacks,False
GALAXY_SOUNDS_SOLAR_FLAMES,PEBBLES_M,-0.2904973352409646,0.2904973352409646,Galaxy sounds,Pebbles,False
GALAXY_SOUNDS_PLANETARY_RINGS,SLEEP_POD_NYLON,-0.2902593379094553,0.2902593379094553,Galaxy sounds,Sleep pods,False
OXYGEN_SHAKE_EVENING_BREATH,SLEEP_POD_LAMB_WOOL,0.289461997190113,0.289461997190113,Oxygen shakes,Sleep pods,False
MICROCHIP_SQUARE,UV_VISOR_YELLOW,0.2890894923423079,0.2890894923423079,Microchips,UV visors,False
OXYGEN_SHAKE_MINT,SNACKPACK_STRAWBERRY,-0.28690780786550324,0.28690780786550324,Oxygen shakes,Snackpacks,False
TRANSLATOR_VOID_BLUE,UV_VISOR_RED,0.2868473626189584,0.2868473626189584,Translators,UV visors,False
SLEEP_POD_POLYESTER,SNACKPACK_VANILLA,0.28639562573880206,0.28639562573880206,Sleep pods,Snackpacks,False
UV_VISOR_MAGENTA,UV_VISOR_YELLOW,0.2845641600792554,0.2845641600792554,UV visors,UV visors,True
SNACKPACK_PISTACHIO,UV_VISOR_ORANGE,-0.2845301607777289,0.2845301607777289,Snackpacks,UV visors,False
SNACKPACK_STRAWBERRY,SNACKPACK_VANILLA,0.28432876351598646,0.28432876351598646,Snackpacks,Snackpacks,True
MICROCHIP_SQUARE,PANEL_2X2,-0.2830624280540346,0.2830624280540346,Microchips,Panels,False
GALAXY_SOUNDS_PLANETARY_RINGS,ROBOT_MOPPING,0.28138670142261524,0.28138670142261524,Galaxy sounds,Robots,False
PANEL_1X2,PANEL_4X4,0.28005210953350756,0.28005210953350756,Panels,Panels,True
PEBBLES_S,SLEEP_POD_LAMB_WOOL,-0.2771621977607608,0.2771621977607608,Pebbles,Sleep pods,False
MICROCHIP_CIRCLE,TRANSLATOR_GRAPHITE_MIST,-0.27365418422308296,0.27365418422308296,Microchips,Translators,False
MICROCHIP_CIRCLE,ROBOT_IRONING,-0.2732097595571679,0.2732097595571679,Microchips,Robots,False
ROBOT_LAUNDRY,UV_VISOR_YELLOW,0.2703909180738956,0.2703909180738956,Robots,UV visors,False
GALAXY_SOUNDS_SOLAR_FLAMES,TRANSLATOR_SPACE_GRAY,-0.26921943474475596,0.26921943474475596,Galaxy sounds,Translators,False
SNACKPACK_VANILLA,UV_VISOR_YELLOW,-0.2687382191722732,0.2687382191722732,Snackpacks,UV visors,False
PEBBLES_L,PEBBLES_XS,-0.2685514070883033,0.2685514070883033,Pebbles,Pebbles,True
PANEL_4X4,ROBOT_MOPPING,0.2679410890373742,0.2679410890373742,Panels,Robots,False
SLEEP_POD_NYLON,SNACKPACK_STRAWBERRY,0.2670249950975872,0.2670249950975872,Sleep pods,Snackpacks,False
TRANSLATOR_SPACE_GRAY,UV_VISOR_ORANGE,-0.26652139351288784,0.26652139351288784,Translators,UV visors,False
OXYGEN_SHAKE_CHOCOLATE,UV_VISOR_MAGENTA,0.26635816866624745,0.26635816866624745,Oxygen shakes,UV visors,False
ROBOT_VACUUMING,SLEEP_POD_LAMB_WOOL,-0.26576597408237174,0.26576597408237174,Robots,Sleep pods,False
MICROCHIP_OVAL,SLEEP_POD_LAMB_WOOL,-0.26447915476399303,0.26447915476399303,Microchips,Sleep pods,False
OXYGEN_SHAKE_EVENING_BREATH,PEBBLES_XL,-0.2637809190757092,0.2637809190757092,Oxygen shakes,Pebbles,False
PANEL_4X4,TRANSLATOR_SPACE_GRAY,0.26356852308059125,0.26356852308059125,Panels,Translators,False
MICROCHIP_SQUARE,TRANSLATOR_SPACE_GRAY,-0.26321198302594667,0.26321198302594667,Microchips,Translators,False
PANEL_1X2,UV_VISOR_MAGENTA,-0.2626514485188282,0.2626514485188282,Panels,UV visors,False
OXYGEN_SHAKE_MINT,SNACKPACK_VANILLA,-0.26207531839053255,0.26207531839053255,Oxygen shakes,Snackpacks,False
GALAXY_SOUNDS_PLANETARY_RINGS,SLEEP_POD_COTTON,0.2607527244589694,0.2607527244589694,Galaxy sounds,Sleep pods,False
TRANSLATOR_ECLIPSE_CHARCOAL,UV_VISOR_AMBER,-0.2600616608706246,0.2600616608706246,Translators,UV visors,False
GALAXY_SOUNDS_SOLAR_WINDS,TRANSLATOR_SPACE_GRAY,-0.2599141414758754,0.2599141414758754,Galaxy sounds,Translators,False
OXYGEN_SHAKE_EVENING_BREATH,UV_VISOR_RED,0.2585967704208768,0.2585967704208768,Oxygen shakes,UV visors,False
GALAXY_SOUNDS_PLANETARY_RINGS,PANEL_2X4,0.2574330193419947,0.2574330193419947,Galaxy sounds,Panels,False
OXYGEN_SHAKE_MINT,SLEEP_POD_LAMB_WOOL,-0.2569992029410252,0.2569992029410252,Oxygen shakes,Sleep pods,False
PANEL_2X2,SLEEP_POD_SUEDE,-0.25604057391150875,0.25604057391150875,Panels,Sleep pods,False
PANEL_1X4,TRANSLATOR_SPACE_GRAY,0.2556212173108247,0.2556212173108247,Panels,Translators,False
MICROCHIP_OVAL,OXYGEN_SHAKE_EVENING_BREATH,-0.2555878772266107,0.2555878772266107,Microchips,Oxygen shakes,False
PANEL_1X2,PEBBLES_M,0.2554312066752178,0.2554312066752178,Panels,Pebbles,False
PEBBLES_L,SNACKPACK_RASPBERRY,-0.2544581156324661,0.2544581156324661,Pebbles,Snackpacks,False
MICROCHIP_RECTANGLE,UV_VISOR_RED,-0.2542629147398266,0.2542629147398266,Microchips,UV visors,False
MICROCHIP_RECTANGLE,PEBBLES_L,-0.2540461836592524,0.2540461836592524,Microchips,Pebbles,False
GALAXY_SOUNDS_PLANETARY_RINGS,PANEL_2X2,0.2537899417822136,0.2537899417822136,Galaxy sounds,Panels,False
PEBBLES_XL,TRANSLATOR_ECLIPSE_CHARCOAL,0.2535684997341832,0.2535684997341832,Pebbles,Translators,False
OXYGEN_SHAKE_EVENING_BREATH,TRANSLATOR_ECLIPSE_CHARCOAL,-0.25272407996651236,0.25272407996651236,Oxygen shakes,Translators,False
MICROCHIP_OVAL,UV_VISOR_YELLOW,0.2526074546646873,0.2526074546646873,Microchips,UV visors,False
SLEEP_POD_SUEDE,TRANSLATOR_SPACE_GRAY,-0.25074075981853405,0.25074075981853405,Sleep pods,Translators,False
SNACKPACK_CHOCOLATE,TRANSLATOR_GRAPHITE_MIST,-0.25049974053443214,0.25049974053443214,Snackpacks,Translators,False
GALAXY_SOUNDS_DARK_MATTER,MICROCHIP_TRIANGLE,0.2504965358480733,0.2504965358480733,Galaxy sounds,Microchips,False
SLEEP_POD_POLYESTER,UV_VISOR_YELLOW,0.2502487277804929,0.2502487277804929,Sleep pods,UV visors,False
PANEL_1X2,ROBOT_IRONING,-0.2500435496693412,0.2500435496693412,Panels,Robots,False
GALAXY_SOUNDS_PLANETARY_RINGS,SLEEP_POD_LAMB_WOOL,-0.24991538275433442,0.24991538275433442,Galaxy sounds,Sleep pods,False
MICROCHIP_OVAL,PANEL_1X2,-0.24980431114640578,0.24980431114640578,Microchips,Panels,False
GALAXY_SOUNDS_SOLAR_FLAMES,PANEL_2X2,0.2486110599904025,0.2486110599904025,Galaxy sounds,Panels,False
ROBOT_DISHES,TRANSLATOR_ECLIPSE_CHARCOAL,0.24705727283293435,0.24705727283293435,Robots,Translators,False
OXYGEN_SHAKE_CHOCOLATE,OXYGEN_SHAKE_MINT,-0.24682564862239806,0.24682564862239806,Oxygen shakes,Oxygen shakes,True
GALAXY_SOUNDS_DARK_MATTER,PEBBLES_L,0.24497769182426132,0.24497769182426132,Galaxy sounds,Pebbles,False
MICROCHIP_TRIANGLE,OXYGEN_SHAKE_EVENING_BREATH,-0.24433993426777587,0.24433993426777587,Microchips,Oxygen shakes,False
GALAXY_SOUNDS_SOLAR_WINDS,TRANSLATOR_VOID_BLUE,0.24421476689455102,0.24421476689455102,Galaxy sounds,Translators,False
GALAXY_SOUNDS_DARK_MATTER,TRANSLATOR_ECLIPSE_CHARCOAL,0.24404064817854132,0.24404064817854132,Galaxy sounds,Translators,False
GALAXY_SOUNDS_DARK_MATTER,OXYGEN_SHAKE_MORNING_BREATH,-0.24395441964927347,0.24395441964927347,Galaxy sounds,Oxygen shakes,False
SNACKPACK_RASPBERRY,TRANSLATOR_ASTRO_BLACK,-0.2434911320346586,0.2434911320346586,Snackpacks,Translators,False
SLEEP_POD_SUEDE,UV_VISOR_YELLOW,0.24264960928396137,0.24264960928396137,Sleep pods,UV visors,False
GALAXY_SOUNDS_PLANETARY_RINGS,SNACKPACK_PISTACHIO,-0.24133122628184445,0.24133122628184445,Galaxy sounds,Snackpacks,False
OXYGEN_SHAKE_MINT,OXYGEN_SHAKE_MORNING_BREATH,0.2408539371663626,0.2408539371663626,Oxygen shakes,Oxygen shakes,True
ROBOT_IRONING,TRANSLATOR_ECLIPSE_CHARCOAL,0.24028774742930598,0.24028774742930598,Robots,Translators,False
OXYGEN_SHAKE_CHOCOLATE,SLEEP_POD_SUEDE,0.24009911418597163,0.24009911418597163,Oxygen shakes,Sleep pods,False
GALAXY_SOUNDS_SOLAR_FLAMES,MICROCHIP_OVAL,0.23908303832072733,0.23908303832072733,Galaxy sounds,Microchips,False
GALAXY_SOUNDS_DARK_MATTER,OXYGEN_SHAKE_EVENING_BREATH,-0.23866995097179114,0.23866995097179114,Galaxy sounds,Oxygen shakes,False
SLEEP_POD_LAMB_WOOL,SNACKPACK_PISTACHIO,-0.23769846683121537,0.23769846683121537,Sleep pods,Snackpacks,False
ROBOT_MOPPING,SLEEP_POD_LAMB_WOOL,0.2375968861561585,0.2375968861561585,Robots,Sleep pods,False
SLEEP_POD_SUEDE,SNACKPACK_VANILLA,0.23630166379733644,0.23630166379733644,Sleep pods,Snackpacks,False
OXYGEN_SHAKE_EVENING_BREATH,PANEL_4X4,0.235144407573527,0.235144407573527,Oxygen shakes,Panels,False
PEBBLES_L,UV_VISOR_MAGENTA,0.23482043927796836,0.23482043927796836,Pebbles,UV visors,False
GALAXY_SOUNDS_PLANETARY_RINGS,UV_VISOR_RED,-0.23278800647711184,0.23278800647711184,Galaxy sounds,UV visors,False
GALAXY_SOUNDS_SOLAR_FLAMES,MICROCHIP_TRIANGLE,0.23048036218811552,0.23048036218811552,Galaxy sounds,Microchips,False
GALAXY_SOUNDS_SOLAR_FLAMES,SLEEP_POD_LAMB_WOOL,-0.2303819699784687,0.2303819699784687,Galaxy sounds,Sleep pods,False
MICROCHIP_SQUARE,SNACKPACK_VANILLA,0.2279330865300877,0.2279330865300877,Microchips,Snackpacks,False
PANEL_1X4,PANEL_4X4,-0.22790687755926795,0.22790687755926795,Panels,Panels,True
PEBBLES_L,UV_VISOR_RED,0.22129509580511617,0.22129509580511617,Pebbles,UV visors,False
OXYGEN_SHAKE_MINT,UV_VISOR_MAGENTA,-0.22110271205712922,0.22110271205712922,Oxygen shakes,UV visors,False
GALAXY_SOUNDS_DARK_MATTER,SLEEP_POD_COTTON,0.2200100506003818,0.2200100506003818,Galaxy sounds,Sleep pods,False
OXYGEN_SHAKE_EVENING_BREATH,ROBOT_MOPPING,0.2194129812469635,0.2194129812469635,Oxygen shakes,Robots,False
MICROCHIP_CIRCLE,SNACKPACK_PISTACHIO,-0.21901758472192165,0.21901758472192165,Microchips,Snackpacks,False
PANEL_1X2,PEBBLES_S,-0.2188169366242085,0.2188169366242085,Panels,Pebbles,False
TRANSLATOR_ECLIPSE_CHARCOAL,UV_VISOR_RED,-0.21874697910313848,0.21874697910313848,Translators,UV visors,False
GALAXY_SOUNDS_DARK_MATTER,TRANSLATOR_ASTRO_BLACK,-0.2182984883864731,0.2182984883864731,Galaxy sounds,Translators,False
OXYGEN_SHAKE_GARLIC,PANEL_4X4,-0.21768977090902822,0.21768977090902822,Oxygen shakes,Panels,False
OXYGEN_SHAKE_MINT,PEBBLES_XS,0.21690666627017074,0.21690666627017074,Oxygen shakes,Pebbles,False
GALAXY_SOUNDS_DARK_MATTER,UV_VISOR_AMBER,-0.21639629790540993,0.21639629790540993,Galaxy sounds,UV visors,False
MICROCHIP_SQUARE,TRANSLATOR_ECLIPSE_CHARCOAL,0.21632050963044908,0.21632050963044908,Microchips,Translators,False
MICROCHIP_CIRCLE,TRANSLATOR_VOID_BLUE,0.21619361256834066,0.21619361256834066,Microchips,Translators,False
PANEL_1X2,SNACKPACK_STRAWBERRY,-0.21603836568868562,0.21603836568868562,Panels,Snackpacks,False
SLEEP_POD_NYLON,UV_VISOR_ORANGE,0.21319520039994488,0.21319520039994488,Sleep pods,UV visors,False
MICROCHIP_RECTANGLE,TRANSLATOR_SPACE_GRAY,0.21274668843306407,0.21274668843306407,Microchips,Translators,False
GALAXY_SOUNDS_PLANETARY_RINGS,ROBOT_DISHES,0.21225234685000935,0.21225234685000935,Galaxy sounds,Robots,False
PANEL_2X4,TRANSLATOR_GRAPHITE_MIST,0.21190795423499834,0.21190795423499834,Panels,Translators,False
PEBBLES_S,UV_VISOR_YELLOW,0.20935743469351634,0.20935743469351634,Pebbles,UV visors,False
SLEEP_POD_COTTON,SNACKPACK_RASPBERRY,-0.20902863602595942,0.20902863602595942,Sleep pods,Snackpacks,False
SNACKPACK_CHOCOLATE,UV_VISOR_YELLOW,0.2088493078590546,0.2088493078590546,Snackpacks,UV visors,False
TRANSLATOR_ASTRO_BLACK,TRANSLATOR_SPACE_GRAY,0.207711645577772,0.207711645577772,Translators,Translators,True
SNACKPACK_RASPBERRY,TRANSLATOR_ECLIPSE_CHARCOAL,-0.2072587229885582,0.2072587229885582,Snackpacks,Translators,False
GALAXY_SOUNDS_PLANETARY_RINGS,MICROCHIP_OVAL,-0.20718562364692344,0.20718562364692344,Galaxy sounds,Microchips,False
GALAXY_SOUNDS_BLACK_HOLES,SLEEP_POD_LAMB_WOOL,0.20619908127195422,0.20619908127195422,Galaxy sounds,Sleep pods,False
PANEL_4X4,SNACKPACK_RASPBERRY,-0.2060173586125035,0.2060173586125035,Panels,Snackpacks,False
PANEL_4X4,PEBBLES_XS,0.20530989759551257,0.20530989759551257,Panels,Pebbles,False
MICROCHIP_SQUARE,SLEEP_POD_NYLON,0.2042591479435314,0.2042591479435314,Microchips,Sleep pods,False
GALAXY_SOUNDS_DARK_MATTER,PEBBLES_XS,-0.20410654062558048,0.20410654062558048,Galaxy sounds,Pebbles,False
SLEEP_POD_NYLON,TRANSLATOR_ASTRO_BLACK,-0.20385400503583945,0.20385400503583945,Sleep pods,Translators,False
PANEL_1X2,ROBOT_MOPPING,0.2036025408038885,0.2036025408038885,Panels,Robots,False
PANEL_2X2,SNACKPACK_RASPBERRY,0.20315564621623294,0.20315564621623294,Panels,Snackpacks,False
GALAXY_SOUNDS_BLACK_HOLES,PANEL_1X2,0.20259842127391323,0.20259842127391323,Galaxy sounds,Panels,False
PANEL_2X2,TRANSLATOR_VOID_BLUE,-0.1990035241078088,0.1990035241078088,Panels,Translators,False
MICROCHIP_CIRCLE,TRANSLATOR_ECLIPSE_CHARCOAL,-0.19885391750187012,0.19885391750187012,Microchips,Translators,False
MICROCHIP_CIRCLE,PEBBLES_XS,-0.1976048557014338,0.1976048557014338,Microchips,Pebbles,False
PEBBLES_L,PEBBLES_XL,-0.19722524209641604,0.19722524209641604,Pebbles,Pebbles,True
TRANSLATOR_ASTRO_BLACK,TRANSLATOR_ECLIPSE_CHARCOAL,-0.19684840661594305,0.19684840661594305,Translators,Translators,True
GALAXY_SOUNDS_SOLAR_WINDS,PANEL_4X4,0.19408502351021406,0.19408502351021406,Galaxy sounds,Panels,False
PEBBLES_L,TRANSLATOR_SPACE_GRAY,0.1932664945735794,0.1932664945735794,Pebbles,Translators,False
SLEEP_POD_LAMB_WOOL,UV_VISOR_MAGENTA,-0.1926495434377595,0.1926495434377595,Sleep pods,UV visors,False
TRANSLATOR_ASTRO_BLACK,TRANSLATOR_GRAPHITE_MIST,-0.192429268254721,0.192429268254721,Translators,Translators,True
OXYGEN_SHAKE_GARLIC,TRANSLATOR_GRAPHITE_MIST,0.19233087747676897,0.19233087747676897,Oxygen shakes,Translators,False
SNACKPACK_RASPBERRY,UV_VISOR_YELLOW,-0.19210180242957606,0.19210180242957606,Snackpacks,UV visors,False
MICROCHIP_RECTANGLE,SLEEP_POD_NYLON,-0.1910428794024408,0.1910428794024408,Microchips,Sleep pods,False
SLEEP_POD_NYLON,SLEEP_POD_SUEDE,0.19029358057997273,0.19029358057997273,Sleep pods,Sleep pods,True
GALAXY_SOUNDS_DARK_MATTER,SNACKPACK_STRAWBERRY,0.1882493019205707,0.1882493019205707,Galaxy sounds,Snackpacks,False
MICROCHIP_SQUARE,OXYGEN_SHAKE_MINT,-0.18821524286535873,0.18821524286535873,Microchips,Oxygen shakes,False
MICROCHIP_CIRCLE,ROBOT_VACUUMING,-0.18790930070795692,0.18790930070795692,Microchips,Robots,False
SNACKPACK_RASPBERRY,UV_VISOR_ORANGE,-0.18651812482684182,0.18651812482684182,Snackpacks,UV visors,False
GALAXY_SOUNDS_SOLAR_WINDS,MICROCHIP_CIRCLE,0.18513562745167564,0.18513562745167564,Galaxy sounds,Microchips,False
SNACKPACK_VANILLA,TRANSLATOR_ECLIPSE_CHARCOAL,-0.18374292826021618,0.18374292826021618,Snackpacks,Translators,False
GALAXY_SOUNDS_SOLAR_FLAMES,TRANSLATOR_ECLIPSE_CHARCOAL,0.1836996277805111,0.1836996277805111,Galaxy sounds,Translators,False
PEBBLES_XS,TRANSLATOR_ECLIPSE_CHARCOAL,-0.18165585803002227,0.18165585803002227,Pebbles,Translators,False
GALAXY_SOUNDS_DARK_MATTER,PANEL_4X4,0.18122200942671418,0.18122200942671418,Galaxy sounds,Panels,False
SLEEP_POD_NYLON,UV_VISOR_MAGENTA,0.18108709727092842,0.18108709727092842,Sleep pods,UV visors,False
PANEL_1X2,TRANSLATOR_SPACE_GRAY,-0.18095634973961988,0.18095634973961988,Panels,Translators,False
PEBBLES_M,TRANSLATOR_SPACE_GRAY,-0.1795709198000391,0.1795709198000391,Pebbles,Translators,False
PANEL_1X2,UV_VISOR_ORANGE,-0.17912951420658343,0.17912951420658343,Panels,UV visors,False
PANEL_1X4,UV_VISOR_YELLOW,0.17879222487901164,0.17879222487901164,Panels,UV visors,False
OXYGEN_SHAKE_CHOCOLATE,UV_VISOR_ORANGE,0.17855034527016309,0.17855034527016309,Oxygen shakes,UV visors,False
GALAXY_SOUNDS_PLANETARY_RINGS,PEBBLES_M,0.17688060511128842,0.17688060511128842,Galaxy sounds,Pebbles,False
OXYGEN_SHAKE_MORNING_BREATH,TRANSLATOR_ECLIPSE_CHARCOAL,0.1765493680096334,0.1765493680096334,Oxygen shakes,Translators,False
OXYGEN_SHAKE_MINT,TRANSLATOR_ASTRO_BLACK,-0.17642839755947065,0.17642839755947065,Oxygen shakes,Translators,False
PANEL_2X4,PANEL_4X4,-0.17447895138477462,0.17447895138477462,Panels,Panels,True
SNACKPACK_STRAWBERRY,UV_VISOR_YELLOW,0.1740734680587305,0.1740734680587305,Snackpacks,UV visors,False
PANEL_1X2,SLEEP_POD_POLYESTER,-0.1735919846793873,0.1735919846793873,Panels,Sleep pods,False
TRANSLATOR_GRAPHITE_MIST,UV_VISOR_YELLOW,0.17345269244865225,0.17345269244865225,Translators,UV visors,False
OXYGEN_SHAKE_EVENING_BREATH,SNACKPACK_CHOCOLATE,-0.17316906268738977,0.17316906268738977,Oxygen shakes,Snackpacks,False
PANEL_4X4,UV_VISOR_RED,0.17294462487464082,0.17294462487464082,Panels,UV visors,False
OXYGEN_SHAKE_MORNING_BREATH,SLEEP_POD_LAMB_WOOL,-0.17248373097493366,0.17248373097493366,Oxygen shakes,Sleep pods,False
GALAXY_SOUNDS_SOLAR_FLAMES,SLEEP_POD_COTTON,-0.17079249538332172,0.17079249538332172,Galaxy sounds,Sleep pods,False
GALAXY_SOUNDS_SOLAR_FLAMES,SNACKPACK_RASPBERRY,-0.17051537245107432,0.17051537245107432,Galaxy sounds,Snackpacks,False
OXYGEN_SHAKE_GARLIC,SLEEP_POD_LAMB_WOOL,0.1704029038405452,0.1704029038405452,Oxygen shakes,Sleep pods,False
TRANSLATOR_ASTRO_BLACK,UV_VISOR_RED,-0.16919947251139764,0.16919947251139764,Translators,UV visors,False
OXYGEN_SHAKE_MINT,UV_VISOR_YELLOW,0.16770314271402378,0.16770314271402378,Oxygen shakes,UV visors,False
GALAXY_SOUNDS_SOLAR_FLAMES,PEBBLES_XL,0.16749858233248352,0.16749858233248352,Galaxy sounds,Pebbles,False
OXYGEN_SHAKE_MINT,SNACKPACK_PISTACHIO,0.16741769456218467,0.16741769456218467,Oxygen shakes,Snackpacks,False
PANEL_4X4,UV_VISOR_YELLOW,0.16600629207305787,0.16600629207305787,Panels,UV visors,False
PEBBLES_L,SNACKPACK_CHOCOLATE,-0.16586180666660888,0.16586180666660888,Pebbles,Snackpacks,False
GALAXY_SOUNDS_SOLAR_FLAMES,UV_VISOR_YELLOW,0.16557643447412465,0.16557643447412465,Galaxy sounds,UV visors,False
GALAXY_SOUNDS_DARK_MATTER,ROBOT_IRONING,-0.16481485024959702,0.16481485024959702,Galaxy sounds,Robots,False
GALAXY_SOUNDS_PLANETARY_RINGS,TRANSLATOR_SPACE_GRAY,0.16414264157473993,0.16414264157473993,Galaxy sounds,Translators,False
MICROCHIP_CIRCLE,UV_VISOR_AMBER,-0.1628548643130901,0.1628548643130901,Microchips,UV visors,False
OXYGEN_SHAKE_MORNING_BREATH,TRANSLATOR_SPACE_GRAY,0.16268237699560462,0.16268237699560462,Oxygen shakes,Translators,False
SLEEP_POD_COTTON,UV_VISOR_YELLOW,0.16231025579613065,0.16231025579613065,Sleep pods,UV visors,False
SLEEP_POD_LAMB_WOOL,TRANSLATOR_VOID_BLUE,-0.1619168584596727,0.1619168584596727,Sleep pods,Translators,False
ROBOT_MOPPING,TRANSLATOR_ECLIPSE_CHARCOAL,-0.16183226277150842,0.16183226277150842,Robots,Translators,False
GALAXY_SOUNDS_PLANETARY_RINGS,OXYGEN_SHAKE_GARLIC,0.1616009199731279,0.1616009199731279,Galaxy sounds,Oxygen shakes,False
PANEL_1X2,UV_VISOR_AMBER,0.160261928725053,0.160261928725053,Panels,UV visors,False
MICROCHIP_SQUARE,OXYGEN_SHAKE_CHOCOLATE,0.15971458339112998,0.15971458339112998,Microchips,Oxygen shakes,False
GALAXY_SOUNDS_PLANETARY_RINGS,SNACKPACK_RASPBERRY,0.15929824068779466,0.15929824068779466,Galaxy sounds,Snackpacks,False
GALAXY_SOUNDS_DARK_MATTER,SNACKPACK_PISTACHIO,-0.159068587141524,0.159068587141524,Galaxy sounds,Snackpacks,False
PEBBLES_M,SNACKPACK_RASPBERRY,0.1581694627771864,0.1581694627771864,Pebbles,Snackpacks,False
PEBBLES_L,UV_VISOR_YELLOW,0.15797181221603995,0.15797181221603995,Pebbles,UV visors,False
MICROCHIP_CIRCLE,SNACKPACK_RASPBERRY,0.1539317386264103,0.1539317386264103,Microchips,Snackpacks,False
PANEL_2X4,SLEEP_POD_LAMB_WOOL,0.15352964624880674,0.15352964624880674,Panels,Sleep pods,False
ROBOT_MOPPING,TRANSLATOR_SPACE_GRAY,-0.1532108753177116,0.1532108753177116,Robots,Translators,False
OXYGEN_SHAKE_CHOCOLATE,PANEL_4X4,-0.15205581233853704,0.15205581233853704,Oxygen shakes,Panels,False
OXYGEN_SHAKE_CHOCOLATE,TRANSLATOR_ASTRO_BLACK,-0.1512873756570753,0.1512873756570753,Oxygen shakes,Translators,False
PANEL_4X4,PEBBLES_M,0.15112296933101108,0.15112296933101108,Panels,Pebbles,False
TRANSLATOR_ECLIPSE_CHARCOAL,TRANSLATOR_SPACE_GRAY,-0.15088901140308486,0.15088901140308486,Translators,Translators,True
OXYGEN_SHAKE_MINT,TRANSLATOR_ECLIPSE_CHARCOAL,0.14989907270877062,0.14989907270877062,Oxygen shakes,Translators,False
MICROCHIP_RECTANGLE,TRANSLATOR_ECLIPSE_CHARCOAL,-0.14930748999736757,0.14930748999736757,Microchips,Translators,False
GALAXY_SOUNDS_PLANETARY_RINGS,SNACKPACK_CHOCOLATE,-0.1490098713430319,0.1490098713430319,Galaxy sounds,Snackpacks,False
PEBBLES_L,TRANSLATOR_VOID_BLUE,0.14816771180514038,0.14816771180514038,Pebbles,Translators,False
SNACKPACK_RASPBERRY,TRANSLATOR_SPACE_GRAY,0.14707882155569887,0.14707882155569887,Snackpacks,Translators,False
TRANSLATOR_VOID_BLUE,UV_VISOR_YELLOW,0.14670089544237314,0.14670089544237314,Translators,UV visors,False
MICROCHIP_RECTANGLE,PANEL_2X2,0.14447159562841214,0.14447159562841214,Microchips,Panels,False
GALAXY_SOUNDS_BLACK_HOLES,PEBBLES_L,0.14328270523072936,0.14328270523072936,Galaxy sounds,Pebbles,False
OXYGEN_SHAKE_CHOCOLATE,PEBBLES_L,-0.1429433892911132,0.1429433892911132,Oxygen shakes,Pebbles,False
SNACKPACK_VANILLA,UV_VISOR_ORANGE,0.14256787859078174,0.14256787859078174,Snackpacks,UV visors,False
MICROCHIP_CIRCLE,SNACKPACK_STRAWBERRY,0.14129785827543465,0.14129785827543465,Microchips,Snackpacks,False
MICROCHIP_TRIANGLE,PEBBLES_L,-0.14089926868596878,0.14089926868596878,Microchips,Pebbles,False
SLEEP_POD_COTTON,TRANSLATOR_ECLIPSE_CHARCOAL,0.14085795162257983,0.14085795162257983,Sleep pods,Translators,False
MICROCHIP_CIRCLE,MICROCHIP_RECTANGLE,0.13851846258223308,0.13851846258223308,Microchips,Microchips,True
OXYGEN_SHAKE_EVENING_BREATH,ROBOT_IRONING,-0.13833962457055213,0.13833962457055213,Oxygen shakes,Robots,False
PEBBLES_M,UV_VISOR_YELLOW,-0.13743301480951425,0.13743301480951425,Pebbles,UV visors,False
GALAXY_SOUNDS_DARK_MATTER,ROBOT_VACUUMING,-0.13738151093016213,0.13738151093016213,Galaxy sounds,Robots,False
PEBBLES_L,PEBBLES_S,-0.13602911086232178,0.13602911086232178,Pebbles,Pebbles,True
OXYGEN_SHAKE_EVENING_BREATH,OXYGEN_SHAKE_GARLIC,-0.13578756190598443,0.13578756190598443,Oxygen shakes,Oxygen shakes,True
MICROCHIP_TRIANGLE,PANEL_4X4,-0.1353749598646959,0.1353749598646959,Microchips,Panels,False
GALAXY_SOUNDS_PLANETARY_RINGS,ROBOT_IRONING,-0.134993444554448,0.134993444554448,Galaxy sounds,Robots,False
OXYGEN_SHAKE_MORNING_BREATH,PANEL_1X2,-0.1347254044884696,0.1347254044884696,Oxygen shakes,Panels,False
PANEL_4X4,SNACKPACK_STRAWBERRY,-0.13418688406258578,0.13418688406258578,Panels,Snackpacks,False
GALAXY_SOUNDS_PLANETARY_RINGS,PANEL_1X4,-0.13386992617402022,0.13386992617402022,Galaxy sounds,Panels,False
GALAXY_SOUNDS_SOLAR_FLAMES,OXYGEN_SHAKE_GARLIC,0.13373922072323627,0.13373922072323627,Galaxy sounds,Oxygen shakes,False
OXYGEN_SHAKE_CHOCOLATE,TRANSLATOR_ECLIPSE_CHARCOAL,-0.13368176816039334,0.13368176816039334,Oxygen shakes,Translators,False
GALAXY_SOUNDS_SOLAR_FLAMES,SNACKPACK_STRAWBERRY,0.1331010916708774,0.1331010916708774,Galaxy sounds,Snackpacks,False
OXYGEN_SHAKE_EVENING_BREATH,TRANSLATOR_VOID_BLUE,-0.13306026685361838,0.13306026685361838,Oxygen shakes,Translators,False
MICROCHIP_RECTANGLE,SLEEP_POD_LAMB_WOOL,0.13205490447873758,0.13205490447873758,Microchips,Sleep pods,False
SLEEP_POD_POLYESTER,SNACKPACK_RASPBERRY,-0.13186818954945048,0.13186818954945048,Sleep pods,Snackpacks,False
MICROCHIP_RECTANGLE,SNACKPACK_VANILLA,-0.13160879739865558,0.13160879739865558,Microchips,Snackpacks,False
GALAXY_SOUNDS_SOLAR_FLAMES,SNACKPACK_CHOCOLATE,0.13098179503065857,0.13098179503065857,Galaxy sounds,Snackpacks,False
PANEL_1X2,PEBBLES_XS,0.13080994810858493,0.13080994810858493,Panels,Pebbles,False
SNACKPACK_RASPBERRY,TRANSLATOR_GRAPHITE_MIST,-0.1306704815489148,0.1306704815489148,Snackpacks,Translators,False
ROBOT_DISHES,UV_VISOR_YELLOW,-0.12993294868290572,0.12993294868290572,Robots,UV visors,False
MICROCHIP_RECTANGLE,SNACKPACK_RASPBERRY,-0.1295681243847618,0.1295681243847618,Microchips,Snackpacks,False
PANEL_1X2,PANEL_2X4,0.12860098980196394,0.12860098980196394,Panels,Panels,True
OXYGEN_SHAKE_GARLIC,UV_VISOR_YELLOW,-0.12777660755305364,0.12777660755305364,Oxygen shakes,UV visors,False
GALAXY_SOUNDS_DARK_MATTER,PANEL_2X2,0.1266172524423419,0.1266172524423419,Galaxy sounds,Panels,False
MICROCHIP_RECTANGLE,PANEL_4X4,0.12654421269741215,0.12654421269741215,Microchips,Panels,False
MICROCHIP_CIRCLE,PANEL_1X4,-0.12531827393029227,0.12531827393029227,Microchips,Panels,False
GALAXY_SOUNDS_SOLAR_FLAMES,SLEEP_POD_SUEDE,-0.1220330374294826,0.1220330374294826,Galaxy sounds,Sleep pods,False
PANEL_2X2,TRANSLATOR_ECLIPSE_CHARCOAL,0.12130049338814473,0.12130049338814473,Panels,Translators,False
GALAXY_SOUNDS_SOLAR_FLAMES,ROBOT_DISHES,-0.12122995929928128,0.12122995929928128,Galaxy sounds,Robots,False
TRANSLATOR_ASTRO_BLACK,UV_VISOR_YELLOW,-0.12089505895577385,0.12089505895577385,Translators,UV visors,False
GALAXY_SOUNDS_SOLAR_FLAMES,ROBOT_IRONING,0.11927528013731398,0.11927528013731398,Galaxy sounds,Robots,False
UV_VISOR_AMBER,UV_VISOR_YELLOW,-0.11903057967164023,0.11903057967164023,UV visors,UV visors,True
GALAXY_SOUNDS_SOLAR_FLAMES,UV_VISOR_RED,-0.11815251918405849,0.11815251918405849,Galaxy sounds,UV visors,False
GALAXY_SOUNDS_BLACK_HOLES,TRANSLATOR_ECLIPSE_CHARCOAL,0.11717083317809669,0.11717083317809669,Galaxy sounds,Translators,False
GALAXY_SOUNDS_BLACK_HOLES,GALAXY_SOUNDS_SOLAR_FLAMES,-0.11709511682894873,0.11709511682894873,Galaxy sounds,Galaxy sounds,True
GALAXY_SOUNDS_PLANETARY_RINGS,PEBBLES_S,-0.11622521476081751,0.11622521476081751,Galaxy sounds,Pebbles,False
MICROCHIP_CIRCLE,PEBBLES_M,0.11395888169719086,0.11395888169719086,Microchips,Pebbles,False
OXYGEN_SHAKE_CHOCOLATE,OXYGEN_SHAKE_EVENING_BREATH,0.1137992925352107,0.1137992925352107,Oxygen shakes,Oxygen shakes,True
GALAXY_SOUNDS_DARK_MATTER,OXYGEN_SHAKE_MINT,0.11317456450157107,0.11317456450157107,Galaxy sounds,Oxygen shakes,False
PANEL_1X2,PEBBLES_L,-0.11236500326076139,0.11236500326076139,Panels,Pebbles,False
GALAXY_SOUNDS_BLACK_HOLES,UV_VISOR_YELLOW,-0.1121823118940192,0.1121823118940192,Galaxy sounds,UV visors,False
GALAXY_SOUNDS_DARK_MATTER,TRANSLATOR_VOID_BLUE,0.10953772958411759,0.10953772958411759,Galaxy sounds,Translators,False
ROBOT_VACUUMING,UV_VISOR_YELLOW,0.10940429757046996,0.10940429757046996,Robots,UV visors,False
SNACKPACK_VANILLA,TRANSLATOR_ASTRO_BLACK,-0.10919346387620403,0.10919346387620403,Snackpacks,Translators,False
OXYGEN_SHAKE_EVENING_BREATH,SLEEP_POD_COTTON,0.10872630837416776,0.10872630837416776,Oxygen shakes,Sleep pods,False
SLEEP_POD_NYLON,TRANSLATOR_VOID_BLUE,0.10735015478964599,0.10735015478964599,Sleep pods,Translators,False
OXYGEN_SHAKE_EVENING_BREATH,TRANSLATOR_SPACE_GRAY,0.10678710529440905,0.10678710529440905,Oxygen shakes,Translators,False
GALAXY_SOUNDS_DARK_MATTER,PEBBLES_M,0.10676448420430856,0.10676448420430856,Galaxy sounds,Pebbles,False
PANEL_4X4,SLEEP_POD_SUEDE,-0.10660225568462002,0.10660225568462002,Panels,Sleep pods,False
SNACKPACK_RASPBERRY,UV_VISOR_RED,-0.10658762235037089,0.10658762235037089,Snackpacks,UV visors,False
SNACKPACK_PISTACHIO,TRANSLATOR_ECLIPSE_CHARCOAL,0.10652366584441818,0.10652366584441818,Snackpacks,Translators,False
PANEL_4X4,SLEEP_POD_NYLON,0.10525408190092715,0.10525408190092715,Panels,Sleep pods,False
SLEEP_POD_LAMB_WOOL,SNACKPACK_STRAWBERRY,-0.10497837738460271,0.10497837738460271,Sleep pods,Snackpacks,False
GALAXY_SOUNDS_SOLAR_FLAMES,TRANSLATOR_VOID_BLUE,0.1039029371103354,0.1039029371103354,Galaxy sounds,Translators,False
GALAXY_SOUNDS_SOLAR_FLAMES,UV_VISOR_ORANGE,-0.1029720081541788,0.1029720081541788,Galaxy sounds,UV visors,False
PEBBLES_L,TRANSLATOR_ASTRO_BLACK,-0.10289850754870955,0.10289850754870955,Pebbles,Translators,False
GALAXY_SOUNDS_SOLAR_FLAMES,UV_VISOR_MAGENTA,-0.10277052527404106,0.10277052527404106,Galaxy sounds,UV visors,False
GALAXY_SOUNDS_PLANETARY_RINGS,OXYGEN_SHAKE_CHOCOLATE,-0.1017320464542886,0.1017320464542886,Galaxy sounds,Oxygen shakes,False
OXYGEN_SHAKE_CHOCOLATE,SNACKPACK_RASPBERRY,0.10151964931958903,0.10151964931958903,Oxygen shakes,Snackpacks,False
MICROCHIP_SQUARE,PANEL_4X4,-0.10033624723309512,0.10033624723309512,Microchips,Panels,False
PANEL_2X4,UV_VISOR_YELLOW,-0.10024973166976692,0.10024973166976692,Panels,UV visors,False
OXYGEN_SHAKE_EVENING_BREATH,SNACKPACK_VANILLA,0.09962330625240415,0.09962330625240415,Oxygen shakes,Snackpacks,False
GALAXY_SOUNDS_SOLAR_WINDS,SNACKPACK_RASPBERRY,0.09855029297190507,0.09855029297190507,Galaxy sounds,Snackpacks,False
GALAXY_SOUNDS_SOLAR_FLAMES,TRANSLATOR_ASTRO_BLACK,0.09824305278394706,0.09824305278394706,Galaxy sounds,Translators,False
TRANSLATOR_GRAPHITE_MIST,TRANSLATOR_VOID_BLUE,0.09792529661010302,0.09792529661010302,Translators,Translators,True
PANEL_1X2,ROBOT_VACUUMING,-0.09695365591326588,0.09695365591326588,Panels,Robots,False
OXYGEN_SHAKE_EVENING_BREATH,TRANSLATOR_ASTRO_BLACK,-0.09676820535030722,0.09676820535030722,Oxygen shakes,Translators,False
PANEL_2X4,TRANSLATOR_ECLIPSE_CHARCOAL,0.09525934553219617,0.09525934553219617,Panels,Translators,False
GALAXY_SOUNDS_PLANETARY_RINGS,MICROCHIP_TRIANGLE,0.09492772516350596,0.09492772516350596,Galaxy sounds,Microchips,False
MICROCHIP_RECTANGLE,OXYGEN_SHAKE_CHOCOLATE,-0.09397256821049979,0.09397256821049979,Microchips,Oxygen shakes,False
MICROCHIP_TRIANGLE,TRANSLATOR_ECLIPSE_CHARCOAL,0.09384388058351469,0.09384388058351469,Microchips,Translators,False
MICROCHIP_CIRCLE,MICROCHIP_SQUARE,-0.09379806617690656,0.09379806617690656,Microchips,Microchips,True
PANEL_4X4,SNACKPACK_PISTACHIO,0.09361445798884076,0.09361445798884076,Panels,Snackpacks,False
PANEL_4X4,SLEEP_POD_POLYESTER,0.09322648145161826,0.09322648145161826,Panels,Sleep pods,False
MICROCHIP_CIRCLE,OXYGEN_SHAKE_MINT,-0.09271590865648054,0.09271590865648054,Microchips,Oxygen shakes,False
OXYGEN_SHAKE_GARLIC,PANEL_1X2,0.09184059186326629,0.09184059186326629,Oxygen shakes,Panels,False
GALAXY_SOUNDS_SOLAR_FLAMES,PEBBLES_S,0.09137523586732188,0.09137523586732188,Galaxy sounds,Pebbles,False
PANEL_4X4,ROBOT_DISHES,-0.09037711008246688,0.09037711008246688,Panels,Robots,False
SNACKPACK_CHOCOLATE,TRANSLATOR_ECLIPSE_CHARCOAL,0.08939852639932806,0.08939852639932806,Snackpacks,Translators,False
GALAXY_SOUNDS_SOLAR_FLAMES,SNACKPACK_PISTACHIO,0.08932991612949992,0.08932991612949992,Galaxy sounds,Snackpacks,False
SLEEP_POD_SUEDE,SNACKPACK_RASPBERRY,0.08890571366488817,0.08890571366488817,Sleep pods,Snackpacks,False
OXYGEN_SHAKE_MORNING_BREATH,SNACKPACK_RASPBERRY,-0.08783325973194757,0.08783325973194757,Oxygen shakes,Snackpacks,False
GALAXY_SOUNDS_PLANETARY_RINGS,GALAXY_SOUNDS_SOLAR_WINDS,0.08759617878976837,0.08759617878976837,Galaxy sounds,Galaxy sounds,True
ROBOT_VACUUMING,SNACKPACK_RASPBERRY,-0.08693904289044198,0.08693904289044198,Robots,Snackpacks,False
OXYGEN_SHAKE_EVENING_BREATH,PANEL_2X4,-0.08643249949639199,0.08643249949639199,Oxygen shakes,Panels,False
OXYGEN_SHAKE_MINT,SLEEP_POD_SUEDE,-0.08632147752839946,0.08632147752839946,Oxygen shakes,Sleep pods,False
GALAXY_SOUNDS_DARK_MATTER,SNACKPACK_VANILLA,-0.08433211601452627,0.08433211601452627,Galaxy sounds,Snackpacks,False
OXYGEN_SHAKE_EVENING_BREATH,SLEEP_POD_SUEDE,0.08428639557818969,0.08428639557818969,Oxygen shakes,Sleep pods,False
ROBOT_LAUNDRY,SNACKPACK_RASPBERRY,0.08421251242094359,0.08421251242094359,Robots,Snackpacks,False
PEBBLES_XL,SNACKPACK_RASPBERRY,0.08417465342621382,0.08417465342621382,Pebbles,Snackpacks,False
PEBBLES_L,ROBOT_DISHES,0.08377617550746878,0.08377617550746878,Pebbles,Robots,False
PANEL_1X2,TRANSLATOR_GRAPHITE_MIST,0.08366438747022481,0.08366438747022481,Panels,Translators,False
PANEL_4X4,UV_VISOR_AMBER,0.08308751302168241,0.08308751302168241,Panels,UV visors,False
PANEL_4X4,UV_VISOR_ORANGE,-0.08307525768035859,0.08307525768035859,Panels,UV visors,False
OXYGEN_SHAKE_EVENING_BREATH,SNACKPACK_PISTACHIO,0.08301893761321663,0.08301893761321663,Oxygen shakes,Snackpacks,False
PEBBLES_L,SNACKPACK_PISTACHIO,-0.0828616609291295,0.0828616609291295,Pebbles,Snackpacks,False
MICROCHIP_SQUARE,OXYGEN_SHAKE_EVENING_BREATH,0.0817754667123355,0.0817754667123355,Microchips,Oxygen shakes,False
ROBOT_IRONING,UV_VISOR_YELLOW,0.0814370012638165,0.0814370012638165,Robots,UV visors,False
GALAXY_SOUNDS_PLANETARY_RINGS,TRANSLATOR_GRAPHITE_MIST,0.08055332703888393,0.08055332703888393,Galaxy sounds,Translators,False
GALAXY_SOUNDS_SOLAR_FLAMES,OXYGEN_SHAKE_CHOCOLATE,-0.07916070343744078,0.07916070343744078,Galaxy sounds,Oxygen shakes,False
PANEL_4X4,SLEEP_POD_LAMB_WOOL,0.0786453737737699,0.0786453737737699,Panels,Sleep pods,False
PANEL_1X2,ROBOT_DISHES,0.07836767748859065,0.07836767748859065,Panels,Robots,False
PEBBLES_L,SNACKPACK_VANILLA,-0.07735911304584421,0.07735911304584421,Pebbles,Snackpacks,False
PANEL_4X4,TRANSLATOR_ECLIPSE_CHARCOAL,-0.07677202329028723,0.07677202329028723,Panels,Translators,False
SLEEP_POD_NYLON,SNACKPACK_RASPBERRY,0.0767558527765787,0.0767558527765787,Sleep pods,Snackpacks,False
GALAXY_SOUNDS_DARK_MATTER,ROBOT_LAUNDRY,0.07545310341954337,0.07545310341954337,Galaxy sounds,Robots,False
GALAXY_SOUNDS_SOLAR_FLAMES,SNACKPACK_VANILLA,-0.07474329902872759,0.07474329902872759,Galaxy sounds,Snackpacks,False
GALAXY_SOUNDS_BLACK_HOLES,GALAXY_SOUNDS_PLANETARY_RINGS,0.07430053712724845,0.07430053712724845,Galaxy sounds,Galaxy sounds,True
PANEL_1X2,SNACKPACK_RASPBERRY,0.07320039565427616,0.07320039565427616,Panels,Snackpacks,False
GALAXY_SOUNDS_DARK_MATTER,PANEL_1X4,-0.07120132886722902,0.07120132886722902,Galaxy sounds,Panels,False
GALAXY_SOUNDS_DARK_MATTER,PEBBLES_S,0.07108701663484569,0.07108701663484569,Galaxy sounds,Pebbles,False
OXYGEN_SHAKE_GARLIC,PEBBLES_L,0.07073161880283164,0.07073161880283164,Oxygen shakes,Pebbles,False
OXYGEN_SHAKE_EVENING_BREATH,ROBOT_DISHES,0.070194970338043,0.070194970338043,Oxygen shakes,Robots,False
PEBBLES_L,TRANSLATOR_ECLIPSE_CHARCOAL,0.06899665476896433,0.06899665476896433,Pebbles,Translators,False
PANEL_4X4,ROBOT_IRONING,-0.06759459944279494,0.06759459944279494,Panels,Robots,False
OXYGEN_SHAKE_EVENING_BREATH,SNACKPACK_RASPBERRY,-0.06637875336482775,0.06637875336482775,Oxygen shakes,Snackpacks,False
GALAXY_SOUNDS_SOLAR_FLAMES,SLEEP_POD_POLYESTER,-0.06637598257878172,0.06637598257878172,Galaxy sounds,Sleep pods,False
OXYGEN_SHAKE_MINT,PEBBLES_XL,-0.06524464546233304,0.06524464546233304,Oxygen shakes,Pebbles,False
SLEEP_POD_COTTON,SLEEP_POD_LAMB_WOOL,0.06407416984270936,0.06407416984270936,Sleep pods,Sleep pods,True
OXYGEN_SHAKE_MINT,TRANSLATOR_VOID_BLUE,-0.06377554451320443,0.06377554451320443,Oxygen shakes,Translators,False
SLEEP_POD_LAMB_WOOL,TRANSLATOR_GRAPHITE_MIST,0.06367166890140476,0.06367166890140476,Sleep pods,Translators,False
PANEL_1X2,PEBBLES_XL,-0.06363493843911541,0.06363493843911541,Panels,Pebbles,False
ROBOT_MOPPING,UV_VISOR_YELLOW,0.06292924723035201,0.06292924723035201,Robots,UV visors,False
PEBBLES_XS,SLEEP_POD_LAMB_WOOL,-0.06163875335855632,0.06163875335855632,Pebbles,Sleep pods,False
SLEEP_POD_LAMB_WOOL,SLEEP_POD_SUEDE,-0.06045321246383125,0.06045321246383125,Sleep pods,Sleep pods,True
PEBBLES_XS,UV_VISOR_YELLOW,-0.05972934102226398,0.05972934102226398,Pebbles,UV visors,False
OXYGEN_SHAKE_EVENING_BREATH,UV_VISOR_AMBER,-0.057494330544900524,0.057494330544900524,Oxygen shakes,UV visors,False
SNACKPACK_VANILLA,TRANSLATOR_GRAPHITE_MIST,0.05500869329516272,0.05500869329516272,Snackpacks,Translators,False
GALAXY_SOUNDS_DARK_MATTER,UV_VISOR_ORANGE,-0.05406556774489247,0.05406556774489247,Galaxy sounds,UV visors,False
GALAXY_SOUNDS_SOLAR_FLAMES,MICROCHIP_RECTANGLE,0.05373003460987609,0.05373003460987609,Galaxy sounds,Microchips,False
GALAXY_SOUNDS_SOLAR_FLAMES,MICROCHIP_SQUARE,-0.05295975935206577,0.05295975935206577,Galaxy sounds,Microchips,False
PEBBLES_XL,UV_VISOR_YELLOW,-0.051587779183824255,0.051587779183824255,Pebbles,UV visors,False
GALAXY_SOUNDS_PLANETARY_RINGS,ROBOT_LAUNDRY,-0.051276730692018435,0.051276730692018435,Galaxy sounds,Robots,False
ROBOT_MOPPING,SNACKPACK_RASPBERRY,0.04937688468835098,0.04937688468835098,Robots,Snackpacks,False
PEBBLES_XS,SNACKPACK_RASPBERRY,-0.048558384198820054,0.048558384198820054,Pebbles,Snackpacks,False
MICROCHIP_CIRCLE,OXYGEN_SHAKE_MORNING_BREATH,-0.048338091815266465,0.048338091815266465,Microchips,Oxygen shakes,False
GALAXY_SOUNDS_DARK_MATTER,PANEL_2X4,0.047822960947748155,0.047822960947748155,Galaxy sounds,Panels,False
GALAXY_SOUNDS_PLANETARY_RINGS,OXYGEN_SHAKE_EVENING_BREATH,-0.04767672486096721,0.04767672486096721,Galaxy sounds,Oxygen shakes,False
PEBBLES_L,SLEEP_POD_LAMB_WOOL,0.04644687609570252,0.04644687609570252,Pebbles,Sleep pods,False
SNACKPACK_CHOCOLATE,SNACKPACK_RASPBERRY,0.04608087579302776,0.04608087579302776,Snackpacks,Snackpacks,True
GALAXY_SOUNDS_DARK_MATTER,SNACKPACK_RASPBERRY,-0.04580514190208087,0.04580514190208087,Galaxy sounds,Snackpacks,False
GALAXY_SOUNDS_SOLAR_FLAMES,PANEL_2X4,-0.04567492319912476,0.04567492319912476,Galaxy sounds,Panels,False
GALAXY_SOUNDS_DARK_MATTER,ROBOT_DISHES,-0.04554985214219984,0.04554985214219984,Galaxy sounds,Robots,False
MICROCHIP_CIRCLE,OXYGEN_SHAKE_EVENING_BREATH,0.0440131503360366,0.0440131503360366,Microchips,Oxygen shakes,False
GALAXY_SOUNDS_BLACK_HOLES,SNACKPACK_RASPBERRY,-0.04293233883865653,0.04293233883865653,Galaxy sounds,Snackpacks,False
GALAXY_SOUNDS_DARK_MATTER,MICROCHIP_OVAL,0.04254428242206187,0.04254428242206187,Galaxy sounds,Microchips,False
OXYGEN_SHAKE_MORNING_BREATH,PANEL_4X4,-0.04208250149235339,0.04208250149235339,Oxygen shakes,Panels,False
MICROCHIP_OVAL,TRANSLATOR_ECLIPSE_CHARCOAL,0.04207363548339875,0.04207363548339875,Microchips,Translators,False
MICROCHIP_CIRCLE,TRANSLATOR_ASTRO_BLACK,-0.04138352185793797,0.04138352185793797,Microchips,Translators,False
OXYGEN_SHAKE_GARLIC,TRANSLATOR_ECLIPSE_CHARCOAL,0.041138987782392285,0.041138987782392285,Oxygen shakes,Translators,False
OXYGEN_SHAKE_EVENING_BREATH,SLEEP_POD_POLYESTER,0.0408075304363169,0.0408075304363169,Oxygen shakes,Sleep pods,False
MICROCHIP_OVAL,SNACKPACK_RASPBERRY,-0.04051994342460468,0.04051994342460468,Microchips,Snackpacks,False
MICROCHIP_TRIANGLE,SNACKPACK_RASPBERRY,0.03934955793114266,0.03934955793114266,Microchips,Snackpacks,False
SLEEP_POD_LAMB_WOOL,SLEEP_POD_POLYESTER,-0.03845542885046433,0.03845542885046433,Sleep pods,Sleep pods,True
GALAXY_SOUNDS_BLACK_HOLES,PANEL_4X4,0.03824308467454534,0.03824308467454534,Galaxy sounds,Panels,False
SNACKPACK_RASPBERRY,UV_VISOR_AMBER,0.03753831351801287,0.03753831351801287,Snackpacks,UV visors,False
TRANSLATOR_ECLIPSE_CHARCOAL,TRANSLATOR_GRAPHITE_MIST,-0.03751595269877778,0.03751595269877778,Translators,Translators,True
MICROCHIP_CIRCLE,UV_VISOR_MAGENTA,0.03679964660681345,0.03679964660681345,Microchips,UV visors,False
MICROCHIP_SQUARE,SNACKPACK_RASPBERRY,0.0365650061308002,0.0365650061308002,Microchips,Snackpacks,False
PEBBLES_S,SNACKPACK_RASPBERRY,-0.03548660182697311,0.03548660182697311,Pebbles,Snackpacks,False
SLEEP_POD_LAMB_WOOL,UV_VISOR_ORANGE,0.033993965308235924,0.033993965308235924,Sleep pods,UV visors,False
PANEL_4X4,UV_VISOR_MAGENTA,-0.03301603266577443,0.03301603266577443,Panels,UV visors,False
SLEEP_POD_LAMB_WOOL,TRANSLATOR_SPACE_GRAY,-0.03263763109952146,0.03263763109952146,Sleep pods,Translators,False
PANEL_1X4,SNACKPACK_RASPBERRY,-0.031388566217861916,0.031388566217861916,Panels,Snackpacks,False
OXYGEN_SHAKE_EVENING_BREATH,UV_VISOR_MAGENTA,-0.03086981202971565,0.03086981202971565,Oxygen shakes,UV visors,False
MICROCHIP_CIRCLE,SLEEP_POD_SUEDE,-0.030706807683134014,0.030706807683134014,Microchips,Sleep pods,False
OXYGEN_SHAKE_MORNING_BREATH,UV_VISOR_YELLOW,0.029816572754236197,0.029816572754236197,Oxygen shakes,UV visors,False
TRANSLATOR_GRAPHITE_MIST,TRANSLATOR_SPACE_GRAY,0.02964821178680334,0.02964821178680334,Translators,Translators,True
PANEL_2X2,TRANSLATOR_ASTRO_BLACK,-0.02906222356326665,0.02906222356326665,Panels,Translators,False
PEBBLES_S,TRANSLATOR_ECLIPSE_CHARCOAL,-0.028551116317951798,0.028551116317951798,Pebbles,Translators,False
PANEL_1X2,SNACKPACK_PISTACHIO,-0.027930096353507784,0.027930096353507784,Panels,Snackpacks,False
PEBBLES_XL,SLEEP_POD_LAMB_WOOL,0.02681604855251937,0.02681604855251937,Pebbles,Sleep pods,False
PEBBLES_L,SLEEP_POD_NYLON,0.02679189140187645,0.02679189140187645,Pebbles,Sleep pods,False
PANEL_4X4,SNACKPACK_CHOCOLATE,0.02656017390783809,0.02656017390783809,Panels,Snackpacks,False
GALAXY_SOUNDS_SOLAR_FLAMES,PEBBLES_XS,0.026544190299357413,0.026544190299357413,Galaxy sounds,Pebbles,False
ROBOT_DISHES,SNACKPACK_RASPBERRY,-0.026472099220002644,0.026472099220002644,Robots,Snackpacks,False
ROBOT_VACUUMING,TRANSLATOR_ECLIPSE_CHARCOAL,-0.0253727610998122,0.0253727610998122,Robots,Translators,False
OXYGEN_SHAKE_EVENING_BREATH,PEBBLES_XS,-0.024232064258670315,0.024232064258670315,Oxygen shakes,Pebbles,False
GALAXY_SOUNDS_DARK_MATTER,SNACKPACK_CHOCOLATE,0.02409490822695603,0.02409490822695603,Galaxy sounds,Snackpacks,False
ROBOT_IRONING,SNACKPACK_RASPBERRY,-0.023810192684927633,0.023810192684927633,Robots,Snackpacks,False
OXYGEN_SHAKE_EVENING_BREATH,SNACKPACK_STRAWBERRY,0.02377644682117488,0.02377644682117488,Oxygen shakes,Snackpacks,False
ROBOT_LAUNDRY,TRANSLATOR_ECLIPSE_CHARCOAL,0.023424540678241988,0.023424540678241988,Robots,Translators,False
PANEL_4X4,SNACKPACK_VANILLA,-0.022668868867580995,0.022668868867580995,Panels,Snackpacks,False
GALAXY_SOUNDS_DARK_MATTER,GALAXY_SOUNDS_SOLAR_FLAMES,-0.022533526267204042,0.022533526267204042,Galaxy sounds,Galaxy sounds,True
SNACKPACK_RASPBERRY,UV_VISOR_MAGENTA,0.02206900804612903,0.02206900804612903,Snackpacks,UV visors,False
SNACKPACK_RASPBERRY,SNACKPACK_VANILLA,0.02194549909241901,0.02194549909241901,Snackpacks,Snackpacks,True
MICROCHIP_CIRCLE,SLEEP_POD_POLYESTER,0.02078585855309599,0.02078585855309599,Microchips,Sleep pods,False
MICROCHIP_SQUARE,SLEEP_POD_LAMB_WOOL,-0.019316978045503308,0.019316978045503308,Microchips,Sleep pods,False
PANEL_4X4,ROBOT_VACUUMING,-0.018465895975235125,0.018465895975235125,Panels,Robots,False
PANEL_2X4,SNACKPACK_RASPBERRY,-0.017897597450915858,0.017897597450915858,Panels,Snackpacks,False
SLEEP_POD_LAMB_WOOL,TRANSLATOR_ASTRO_BLACK,0.017773543577917005,0.017773543577917005,Sleep pods,Translators,False
UV_VISOR_ORANGE,UV_VISOR_YELLOW,-0.017530421388273452,0.017530421388273452,UV visors,UV visors,True
SNACKPACK_RASPBERRY,TRANSLATOR_VOID_BLUE,-0.015888897771007254,0.015888897771007254,Snackpacks,Translators,False
GALAXY_SOUNDS_DARK_MATTER,GALAXY_SOUNDS_SOLAR_WINDS,-0.01568085677831927,0.01568085677831927,Galaxy sounds,Galaxy sounds,True
GALAXY_SOUNDS_PLANETARY_RINGS,SNACKPACK_VANILLA,-0.015625620616410218,0.015625620616410218,Galaxy sounds,Snackpacks,False
OXYGEN_SHAKE_CHOCOLATE,TRANSLATOR_GRAPHITE_MIST,0.014694015976923977,0.014694015976923977,Oxygen shakes,Translators,False
MICROCHIP_RECTANGLE,OXYGEN_SHAKE_MINT,-0.013669192275724768,0.013669192275724768,Microchips,Oxygen shakes,False
GALAXY_SOUNDS_DARK_MATTER,OXYGEN_SHAKE_GARLIC,-0.013271078692738995,0.013271078692738995,Galaxy sounds,Oxygen shakes,False
OXYGEN_SHAKE_GARLIC,SNACKPACK_RASPBERRY,0.012093702530192915,0.012093702530192915,Oxygen shakes,Snackpacks,False
PEBBLES_XL,TRANSLATOR_GRAPHITE_MIST,0.011745125056796165,0.011745125056796165,Pebbles,Translators,False
PANEL_1X2,SLEEP_POD_COTTON,0.011343674628140227,0.011343674628140227,Panels,Sleep pods,False
PANEL_4X4,PEBBLES_S,0.010598064683053597,0.010598064683053597,Panels,Pebbles,False
SLEEP_POD_LAMB_WOOL,UV_VISOR_AMBER,-0.00999750457642534,0.00999750457642534,Sleep pods,UV visors,False
GALAXY_SOUNDS_BLACK_HOLES,OXYGEN_SHAKE_EVENING_BREATH,-0.009176546980628083,0.009176546980628083,Galaxy sounds,Oxygen shakes,False
GALAXY_SOUNDS_PLANETARY_RINGS,GALAXY_SOUNDS_SOLAR_FLAMES,-0.00911406148501174,0.00911406148501174,Galaxy sounds,Galaxy sounds,True
GALAXY_SOUNDS_SOLAR_FLAMES,UV_VISOR_AMBER,0.008659027791028782,0.008659027791028782,Galaxy sounds,UV visors,False
GALAXY_SOUNDS_SOLAR_FLAMES,MICROCHIP_CIRCLE,0.00864724325434619,0.00864724325434619,Galaxy sounds,Microchips,False
SNACKPACK_PISTACHIO,UV_VISOR_YELLOW,0.008525483539962232,0.008525483539962232,Snackpacks,UV visors,False
GALAXY_SOUNDS_BLACK_HOLES,GALAXY_SOUNDS_DARK_MATTER,-0.008066705340669864,0.008066705340669864,Galaxy sounds,Galaxy sounds,True
OXYGEN_SHAKE_EVENING_BREATH,PEBBLES_S,-0.0063237022935959085,0.0063237022935959085,Oxygen shakes,Pebbles,False
MICROCHIP_CIRCLE,UV_VISOR_ORANGE,-0.006206708099405201,0.006206708099405201,Microchips,UV visors,False
GALAXY_SOUNDS_DARK_MATTER,PEBBLES_XL,0.006044124061305277,0.006044124061305277,Galaxy sounds,Pebbles,False
ROBOT_DISHES,SLEEP_POD_LAMB_WOOL,-0.0041726547982755165,0.0041726547982755165,Robots,Sleep pods,False
MICROCHIP_RECTANGLE,OXYGEN_SHAKE_EVENING_BREATH,-0.0032104631301070868,0.0032104631301070868,Microchips,Oxygen shakes,False
MICROCHIP_CIRCLE,SLEEP_POD_COTTON,-0.003146205083756886,0.003146205083756886,Microchips,Sleep pods,False
MICROCHIP_CIRCLE,ROBOT_MOPPING,-0.0020616235644055126,0.0020616235644055126,Microchips,Robots,False
MICROCHIP_OVAL,PANEL_4X4,0.0018952626903957536,0.0018952626903957536,Microchips,Panels,False
PANEL_2X4,PEBBLES_L,0.0016120840403989311,0.0016120840403989311,Panels,Pebbles,False
